company_name,state,naics_2,affected_workers,event_type,event_bucket,filing_received_date,notice_date,layoff_start_date,layoff_end_date,main_event_date,ai_score_imputed,target_high_ai_layoff
entekra,CA,23.0,27.0,closure permanent,closure,2023-05-08,2023-04-18,2023-06-16,,2023-06-16,65.63,0
google us svl hmblt3,CA,51.0,32.0,layoff permanent,layoff,2024-01-25,2024-01-10,2024-03-10,,2024-03-10,65.63,0
vimo inc dba,FL,54.0,8.0,layoff,layoff,,2024-12-20,2025-02-19,2025-02-19,2025-02-19,65.62,0
agilent technologies,CA,33.0,4.0,layoff permanent,layoff,2024-06-07,2024-06-07,2024-08-09,,2024-08-09,65.63,0
amentum,NV,56.0,20.0,closure,closure,2024-07-31,2024-07-31,2024-09-02,,2024-09-02,65.68,0
principal service solutions,OR,54.0,205.0,layoff,layoff,,2024-11-05,,,2024-11-05,66.42,1
bcs auto closure,MN,33.0,123.0,closure,closure,,,2024-09-30,,2024-09-30,66.12,1
gobble holdings,CA,,81.0,closure permanent,closure,2023-04-21,2023-04-05,2023-06-07,,2023-06-07,65.88,0
hulu,CA,51.0,6.0,layoff permanent,layoff,2023-06-08,2023-05-25,2023-07-27,,2023-07-27,65.63,0
cj logistics america,IL,49.0,82.0,closing,closure,2023-04-11,2023-04-11,2023-06-30,,2023-06-30,65.92,1
boardriders wholesale,CA,42.0,4.0,layoff permanent,layoff,2024-02-06,2024-02-01,2024-01-26,,2024-01-26,65.63,0
global expedited transportation,CA,48.0,51.0,closure permanent,closure,2023-12-13,2023-11-08,2024-01-15,,2024-01-15,65.64,0
southwest key programs inc casa san diego,CA,,116.0,layoff permanent,layoff,2025-08-26,2025-07-31,2025-07-31,,2025-07-31,66.06,1
itc federal,CA,54.0,88.0,layoff permanent,layoff,2024-05-24,2024-05-24,2024-07-26,,2024-07-26,65.92,1
greystone manufacturing,IA,33.0,85.0,mass layoff,mass_layoff,,2025-10-23,2025-10-29,,2025-10-29,65.97,1
virgin orbit,CA,48.0,58.0,layoff permanent,layoff,2023-04-18,2023-03-30,2023-04-03,,2023-04-03,65.7,0
pacific source,OR,52.0,56.0,layoff,layoff,,2025-09-25,,,2025-09-25,65.74,0
southern pacpizza dba pizza hut 029220,CA,72.0,8.0,layoff permanent,layoff,2024-01-24,2023-12-14,2024-02-18,,2024-02-18,65.63,0
vimo inc dba getinsured,NV,54.0,4.0,layoff,layoff,2024-12-20,2024-12-20,2025-02-19,,2025-02-19,65.68,0
steward medical group,TX,62.0,40.0,layoff,layoff,,,2024-10-29,,2024-10-29,65.64,0
jenny craig minnetonka,MN,62.0,1.0,closure,closure,,,2023-04-17,,2023-04-17,65.65,0
tiffin motorhomes,MS,33.0,41.0,layoff,layoff,,2023-03-06,2023-03-31,,2023-03-31,65.58,0
matheson flight extenders,CA,48.0,124.0,closure permanent,closure,2023-11-09,2023-10-06,2023-12-05,,2023-12-05,66.1,1
patriot transport,CA,48.0,7.0,closure permanent,closure,2023-05-19,2023-05-02,2023-07-02,,2023-07-02,65.63,0
diversey,WI,32.0,60.0,layoff,layoff,,2023-02-22,2023-03-15,,2023-03-15,65.73,0
cjb logistics,PA,48.0,101.0,closure,closure,,,2025-11-16,,2025-11-16,66.02,1
avantor fluid handling,NJ,23.0,50.0,layoff,layoff,,2023-06-01,,,2023-06-01,65.58,0
kehe distributors,NJ,42.0,13.0,layoff,layoff,,2023-11-15,,,2023-11-15,65.58,0
td bank n a,NJ,52.0,52.0,layoff,layoff,,2025-03-31,,,2025-03-31,65.6,0
burlington trailways,IA,48.0,8.0,closing,closure,,2025-09-18,2025-10-18,,2025-10-18,65.7,0
bay area pl services dba baypls,CA,56.0,87.0,layoff permanent,layoff,2024-03-06,2024-03-04,2024-05-04,,2024-05-04,65.91,1
aspire bakeries llc dba la brea bakery care in downtown disney,CA,31.0,96.0,closure permanent,closure,2023-01-11,2023-01-09,2023-01-09,,2023-01-09,65.96,1
bags a metropolis,OR,56.0,157.0,layoff,layoff,,2025-10-13,,,2025-10-13,66.28,1
cooper lighting solutions,MS,33.0,80.0,closure,closure,,2024-12-03,2025-01-14,,2025-01-14,65.82,0
xto energy inc franklin,TX,,15.0,layoff,layoff,,,2023-12-20,,2023-12-20,65.64,0
walgreens,UT,,70.0,layoff,layoff,,2023-11-29,,,2023-11-29,65.83,0
randstad inhouse services,CA,,110.0,closure temporary,closure,2025-09-24,2025-09-24,2025-11-24,,2025-11-24,66.04,1
yellow,WI,52.0,86.0,closure,closure,,2023-08-15,2023-07-30,,2023-07-30,69.0,1
amazon,CA,45.0,126.0,closure permanent,closure,2025-10-03,2025-10-02,2026-01-06,,2026-01-06,66.11,1
bronco wine company bivio transport and logistics company llc an wc ag services,CA,31.0,146.0,layoff permanent,layoff,2025-04-22,2025-04-17,2025-06-16,,2025-06-16,66.18,1
skyline math science academy,MN,61.0,1.0,closure,closure,,,2025-06-30,,2025-06-30,65.65,0
vive tropico mn,MN,,1.0,layoff,layoff,,,2026-01-12,,2026-01-12,65.65,0
faurecia exhaust systems,OH,33.0,60.0,layoff,layoff,2024-09-04,,2024-11-04,2025-04-01,2024-11-04,65.68,0
schmitt music apple valley,MN,44.0,1.0,closure,closure,,,2024-01-10,,2024-01-10,65.65,0
wayfair,CA,45.0,74.0,layoff permanent,layoff,2024-02-01,2024-01-19,2024-03-19,,2024-03-19,65.83,0
brinco,IN,33.0,101.0,layoff,layoff,,2023-08-28,2023-08-25,,2023-08-25,65.96,1
primp boutique rochester,MN,,1.0,closure,closure,,,2024-07-11,,2024-07-11,65.65,0
hartson kennedy,MS,33.0,54.0,layoff,layoff,,2024-07-31,,,2024-07-31,65.62,0
sistah co op minneapolis,MN,81.0,1.0,closure,closure,,,2025-01-07,,2025-01-07,65.65,0
southwest key programs inc casa nueva esperanza,TX,62.0,9.0,layoff,layoff,,,2025-10-05,,2025-10-05,65.64,0
personal assistance telephone help inc path,IL,62.0,92.0,layoff,layoff,2024-05-15,2024-05-15,2024-06-30,,2024-06-30,65.98,1
david s bridal,NC,44.0,1.0,layoff,layoff,2023-04-17,2023-04-14,2023-07-31,,2023-07-31,65.61,0
millwood,IL,33.0,112.0,closing,closure,2026-03-03,2026-03-03,2026-05-01,,2026-05-01,66.08,1
motivate,IL,48.0,202.0,closing,closure,2023-12-01,2023-12-01,2024-01-31,,2024-01-31,66.39,1
wells fargo,IA,52.0,1.0,amendment - additional employees,amendment,,2025-10-14,2025-12-12,,2025-12-12,65.7,0
fate therapeutics,CA,54.0,43.0,layoff permanent,layoff,2023-01-24,2023-01-05,2023-03-06,,2023-03-06,65.63,0
chevron deauville blvd,TX,21.0,185.0,layoff,layoff,,,2025-07-15,,2025-07-15,66.33,1
air products and chemicals,NY,32.0,28.0,"economic, other",other,,2025-01-30,2025-01-30,2025-04-30,2025-01-30,65.76,0
mv transportation,NC,,146.0,layoff,layoff,2023-04-28,2023-04-28,2023-06-30,,2023-06-30,66.17,1
equus workforce solutions camp wisdom arbor e t,TX,56.0,1.0,layoff,layoff,,,2025-09-30,,2025-09-30,65.64,0
alcom,WI,33.0,113.0,closure,closure,,2024-10-21,2025-01-12,,2025-01-12,66.06,1
cdm field services llc d b a xcite automotive cdm,MD,51.0,17.0,closure,closure,,2025-08-11,2025-10-06,,2025-10-06,65.68,0
cygnus home services llc d b a yelloh,IA,45.0,5.0,mass layoff,mass_layoff,,2023-11-28,2024-01-27,,2024-01-27,65.7,0
total storage solutions western states self storage,CA,,3.0,layoff permanent,layoff,2026-03-19,2026-03-12,2026-05-18,,2026-05-18,65.63,0
sdh services west,CA,,1.0,closure permanent,closure,2024-12-17,2024-12-15,2025-02-24,,2025-02-24,65.63,0
ruggable,CA,31.0,16.0,layoff permanent,layoff,2023-02-28,2023-02-22,2023-01-27,,2023-01-27,65.63,0
monitronics international inc brinks home,RI,56.0,81.0,layoff,layoff,2023-01-11,2023-05-17,2023-03-05,,2023-03-05,65.78,0
becton dickinson and,CA,33.0,1.0,layoff permanent,layoff,2023-11-30,2023-10-04,2023-10-16,,2023-10-16,65.63,0
cygnus home service dba yelloh,CO,45.0,51.0,closure,closure,,2023-10-25,2023-12-15,2023-12-15,2023-12-15,65.63,0
management training corporation san diego job corps,CA,61.0,199.0,closure permanent,closure,2025-06-04,2025-06-04,2025-06-06,,2025-06-06,66.34,1
child care associates linda kay,TX,62.0,15.0,layoff,layoff,,,2025-06-30,,2025-06-30,65.64,0
canfor southern pine,AL,32.0,122.0,closure,closure,,2024-04-15,2024-06-12,,2024-06-12,66.05,1
cvs health 9555 kings charter drive ashland va 23005,VA,44.0,43.0,closure,closure,,2023-08-18,2023-10-21,,2023-10-21,65.56,0
e j lauren,CA,31.0,69.0,closure permanent,closure,2024-01-17,2023-12-08,2024-02-07,,2024-02-07,65.79,0
general atomics aeronautical systems,CA,33.0,12.0,layoff permanent,layoff,2023-04-21,2023-04-04,2023-06-05,,2023-06-05,65.63,0
fire nice alehouse,MN,72.0,16.0,closure,closure,,,2023-09-01,,2023-09-01,65.65,0
amyris,CA,32.0,65.0,layoff permanent,layoff,2023-07-26,2023-06-26,2023-08-25,,2023-08-25,65.76,0
resilience us,MA,54.0,213.0,layoff,layoff,2023-02-18,,2023-04-15,2023-06-15,2023-04-15,66.38,1
festival foods,WI,44.0,91.0,closure,closure,,2024-08-13,2024-11-04,,2024-11-04,65.95,1
tesla,CA,33.0,149.0,layoff permanent,layoff,2024-05-13,2024-05-13,2024-06-20,,2024-06-20,66.19,1
southeast service corporation bastrop independent school district,TX,56.0,91.0,layoff,layoff,,,2023-08-05,,2023-08-05,65.96,1
blue shield of california,CA,52.0,5.0,layoff permanent,layoff,2024-10-03,2024-10-02,2024-12-11,,2024-12-11,65.63,0
hmshost,IL,72.0,127.0,closing,closure,2023-12-29,2023-12-29,2024-03-11,2024-03-25,2024-03-11,66.15,1
goodman veneer lumber,WI,32.0,48.0,closure,closure,,2024-08-01,2024-08-02,,2024-08-02,65.64,0
hmshost,CA,72.0,69.0,closure permanent,closure,2023-07-07,2023-06-09,2023-08-15,,2023-08-15,65.79,0
owens valley career development center,CA,62.0,4.0,layoff permanent,layoff,2025-01-14,2025-01-13,2025-04-11,,2025-04-11,65.63,0
catholic charities archdiocese of galveston houston louisiana street,TX,62.0,11.0,layoff,layoff,,,2025-02-07,,2025-02-07,65.64,0
regional medical center of central alabama,AL,62.0,90.0,layoff,layoff,,2025-11-14,2026-01-12,,2026-01-12,65.89,0
herbalife international of america,CA,31.0,1.0,layoff permanent,layoff,2023-03-06,2023-02-27,2023-04-28,,2023-04-28,65.63,0
rivian automotive,CA,33.0,5.0,layoff permanent,layoff,2024-05-07,2024-04-19,2024-06-18,,2024-06-18,65.63,0
safari west,CA,,134.0,closure permanent,closure,2026-02-23,2026-02-23,2026-04-21,,2026-04-21,66.14,1
oa logistics,GA,49.0,156.0,closure,closure,,,2023-03-18,,2023-03-18,66.3,1
nektar therapeutics,CA,32.0,72.0,layoff permanent,layoff,2023-04-28,2023-04-17,2023-06-16,,2023-06-16,65.82,0
off lease only,FL,,68.0,layoff,layoff,,2023-09-06,2023-09-07,2023-09-07,2023-09-07,65.78,0
updated new england sainai hospital,MA,54.0,11.0,layoff,layoff,2024-02-16,,,,2024-02-16,65.63,0
flagship facility services inc at meta platforms,CA,56.0,3.0,layoff permanent,layoff,2023-01-10,2023-01-03,2023-03-06,,2023-03-06,65.63,0
posigen developer,CT,23.0,48.0,closure,closure,2025-09-12,2025-09-12,2025-09-21,2025-10-04,2025-09-21,66.83,1
badger truck and automotive group,WI,44.0,40.0,closure,closure,,2025-02-03,2025-04-04,,2025-04-04,65.64,0
amazon,CA,45.0,114.0,closure permanent,closure,2023-12-05,2023-11-02,2024-01-02,,2024-01-02,66.05,1
rodan fields,CA,45.0,78.0,layoff permanent,layoff,2024-07-16,2024-07-15,2024-09-13,,2024-09-13,65.86,0
jo ann omni fulfillment center,OH,49.0,116.0,closure,closure,2025-01-27,,2025-03-31,,2025-03-31,66.03,1
hyatt,GA,72.0,102.0,closure,closure,,,2025-07-01,,2025-07-01,66.08,1
kaiser foundation hospitals lakeside,CA,62.0,4.0,layoff permanent,layoff,2023-12-12,2023-11-06,2024-01-04,,2024-01-04,65.63,0
trego dugan aviation of grand island,CA,48.0,6.0,layoff permanent,layoff,2024-06-24,2024-06-21,2024-08-30,,2024-08-30,65.63,0
red sauce rebellion,MN,72.0,18.0,closure,closure,,,2023-09-01,,2023-09-01,65.65,0
proterra operating,CA,33.0,48.0,layoff permanent,layoff,2023-07-27,2023-06-27,2023-07-28,,2023-07-28,65.63,0
federal express,NC,49.0,218.0,layoff,layoff,2024-12-03,2024-12-03,2025-02-03,,2025-02-03,66.38,1
job1 usa san antonio,TX,56.0,18.0,layoff,layoff,,,2025-11-15,,2025-11-15,65.64,0
safeway inc store 1721,CO,,53.0,closure,closure,,2025-09-09,2025-11-07,2025-11-07,2025-11-07,65.65,0
interstate hotels llc d b a the roosevelt hotel,NY,72.0,96.0,contract termination,other,,2025-03-21,2025-06-22,2025-06-22,2025-06-22,66.1,1
fpi management inc 800,CA,53.0,50.0,layoff permanent,layoff,2025-10-01,2025-09-30,2025-11-30,,2025-11-30,65.63,0
optum,CA,62.0,25.0,closure permanent,closure,2024-07-18,2024-07-18,2024-09-16,,2024-09-16,65.63,0
factory zero detroit hamtramck assembly center,MI,33.0,1.0,layoff,layoff,,,2026-01-05,,2026-01-05,65.55,0
amp printing,CA,32.0,54.0,closure permanent,closure,2023-07-25,2023-06-07,2023-08-06,,2023-08-06,65.67,0
oregon tool,MO,33.0,80.0,layoff,layoff,,2024-06-03,2024-08-02,,2024-08-02,65.83,0
amazon sna12,CA,45.0,5.0,layoff permanent,layoff,2026-01-30,2026-01-29,2026-04-28,,2026-04-28,65.63,0
california resources,CA,21.0,1.0,layoff permanent,layoff,2023-10-04,2023-08-28,2023-08-28,,2023-08-28,65.63,0
railcrew xpress rcx,NC,,18.0,closure,closure,2025-12-22,2025-12-22,2026-02-27,,2026-02-27,65.61,0
primo brands,CA,,3.0,layoff permanent,layoff,2025-07-18,2025-07-18,2025-09-16,,2025-09-16,65.63,0
block,GA,51.0,27.0,permanent layoff / reduction in force,layoff,,,2024-03-30,,2024-03-30,65.71,0
omni,GA,,18.0,permanent layoff / reduction in force,layoff,,,2023-07-01,,2023-07-01,65.71,0
cue health moda north,CA,33.0,12.0,layoff permanent,layoff,2023-01-10,2023-01-05,2023-03-07,,2023-03-07,65.63,0
equiniti trust,WI,52.0,9.0,layoff,layoff,,2025-01-06,2024-12-16,,2024-12-16,65.64,0
shoppers food warehouse,MD,44.0,59.0,closure,closure,,2025-11-14,2025-11-08,,2025-11-08,65.77,0
ir labs de,IA,51.0,155.0,mass layoff,mass_layoff,,2023-09-19,2023-10-19,,2023-10-19,66.29,1
david s bridal,MA,44.0,48.0,layoff,layoff,2023-04-14,,2023-04-14,2023-08-11,2023-04-14,66.83,1
acrt pacific,CA,54.0,7.0,layoff permanent,layoff,2024-01-22,2023-12-01,2024-01-31,,2024-01-31,65.63,0
rivian,MD,33.0,19.0,layoff,layoff,,2025-09-05,2025-11-03,,2025-11-03,65.68,0
california resources,CA,21.0,69.0,layoff permanent,layoff,2024-08-22,2024-08-21,2024-08-22,,2024-08-22,65.79,0
communify betty sanchez center,CA,62.0,1.0,layoff permanent,layoff,2025-11-03,2025-11-03,2026-01-02,,2026-01-02,65.63,0
lost boys interactive,NV,51.0,1.0,layoff,layoff,2024-09-09,2024-09-09,2024-09-09,,2024-09-09,65.68,0
resident home,IN,44.0,106.0,closure,closure,,2025-01-15,2025-03-16,,2025-03-16,65.99,1
pfizer,IL,32.0,69.0,layoff,layoff,2023-07-25,2023-07-25,2023-09-25,2024-06-17,2023-09-25,65.83,0
instil bio,CA,54.0,1.0,layoff permanent,layoff,2023-02-23,2023-01-31,2023-06-30,,2023-06-30,65.63,0
tusimple,CA,54.0,6.0,layoff permanent,layoff,2024-02-20,2024-02-15,2024-04-15,,2024-04-15,65.63,0
advance stores company incorporated and its subsidiary golden state supply,CA,44.0,9.0,closure permanent,closure,2024-11-15,2024-11-14,2025-03-07,,2025-03-07,65.63,0
biosense webster,CA,33.0,9.0,closure permanent,closure,2025-01-28,2025-01-27,2025-03-28,,2025-03-28,65.63,0
riteway conveyors inc lester,MN,72.0,16.0,closure,closure,,,2023-11-20,,2023-11-20,65.65,0
rocco altobelli salons and day spas,MN,81.0,1.0,closure,closure,,,2023-06-15,,2023-06-15,65.65,0
unitypoint health,IA,51.0,1.0,mass layoff,mass_layoff,,2026-04-14,2026-07-24,,2026-07-24,65.7,0
centerra group,CA,62.0,6.0,layoff permanent,layoff,2023-11-08,2023-08-10,2023-09-30,,2023-09-30,65.63,0
palmdale regional medical center,CA,,87.0,closure permanent,closure,2023-11-14,2023-10-12,2023-12-11,,2023-12-11,65.91,1
jack cooper transport westport road facility,KY,48.0,100.0,closure,closure,2025-01-14,,2025-01-31,,2025-01-31,65.97,1
shine early learning,IN,61.0,57.0,layoff,layoff,,2025-08-05,2025-10-01,,2025-10-01,65.66,0
yelloh,SD,,40.0,layoff,layoff,,2024-09-30,,,2024-09-30,65.44,0
twilio,CA,51.0,159.0,layoff permanent,layoff,2023-02-21,2023-02-13,2023-02-22,,2023-02-22,66.23,1
kaiser foundation hospitals san diego,CA,62.0,1.0,layoff permanent,layoff,2025-06-03,2025-06-02,2025-06-02,,2025-06-02,65.63,0
wabash,IN,,144.0,closure,closure,,2026-01-05,2026-03-06,,2026-03-06,66.15,1
h m fashion usa,IL,44.0,181.0,layoff,layoff,2026-02-20,2026-02-20,2026-05-07,2026-05-07,2026-05-07,66.33,1
bed bath beyond rochester,MN,44.0,12.0,closure,closure,,,2023-05-01,,2023-05-01,65.65,0
legacy supply chain,TN,49.0,4.0,unknown,other,2026-04-10,,2026-06-06,,2026-06-06,65.61,0
berco redwood,CA,42.0,13.0,closure temporary,closure,2025-08-26,2025-08-26,2025-10-31,,2025-10-31,65.63,0
american freight burnsville,MN,44.0,5.0,closure,closure,,,2024-11-20,,2024-11-20,65.65,0
kalmbach media,WI,51.0,76.0,layoff,layoff,,2024-07-03,2024-07-01,,2024-07-01,65.85,0
general mills operations,MO,31.0,163.0,closure,closure,,2026-04-06,2026-06-08,,2026-06-08,66.2,1
tesla,CA,33.0,30.0,layoff permanent,layoff,2024-04-25,2024-04-22,2024-06-14,,2024-06-14,65.63,0
kira services,SC,54.0,11.0,layoff,layoff,,2025-07-15,2025-08-11,,2025-08-11,65.61,0
right at school llc matt garcia and college academy,CA,61.0,2.0,closure permanent,closure,2025-04-10,2025-04-09,2025-06-09,,2025-06-09,65.63,0
tesla,CA,33.0,19.0,layoff permanent,layoff,2024-04-25,2024-04-22,2024-06-14,,2024-06-14,65.63,0
google,CA,51.0,140.0,layoff permanent,layoff,2023-01-24,2023-01-20,2023-03-31,,2023-03-31,66.16,1
the body shop,MN,44.0,1.0,closure,closure,,,2024-03-01,,2024-03-01,65.65,0
maximus,MA,54.0,75.0,layoff,layoff,2023-11-01,,2023-12-31,,2023-12-31,65.84,0
international paper,SC,32.0,126.0,closure,closure,,2026-02-18,2026-05-01,2026-12-31,2026-05-01,66.09,1
galion pointe nursing rehab,OH,62.0,60.0,closure,closure,2025-05-01,,2025-07-01,,2025-07-01,65.68,0
ipro island peer review organization,NY,54.0,3.0,contract expiration,other,,2024-07-15,2024-09-30,2024-09-30,2024-09-30,65.76,0
american medical response fort worth 2,TX,62.0,156.0,layoff,layoff,,,2023-09-03,,2023-09-03,66.24,1
packers sanitation services,GA,56.0,135.0,closure,closure,,,2023-04-16,,2023-04-16,66.22,1
communify adam center,CA,62.0,4.0,layoff permanent,layoff,2025-11-03,2025-11-03,2026-01-02,,2026-01-02,65.63,0
g c staffing the parent company tpco,CA,56.0,54.0,layoff permanent,layoff,2023-08-03,2023-06-30,2023-06-30,,2023-06-30,65.67,0
stockton recycling,CA,56.0,69.0,closure permanent,closure,2025-03-05,2025-03-03,2025-05-04,,2025-05-04,65.79,0
owens corning,IN,32.0,87.0,closure,closure,,2023-08-18,2023-10-31,,2023-10-31,65.88,0
community healthlink inc thayer passages passages,MA,62.0,21.0,layoff,layoff,2023-04-24,,2023-05-05,,2023-05-05,65.63,0
rue 21,MN,44.0,144.0,closure,closure,,,2024-05-01,,2024-05-01,66.2,1
rxo last mile inc greens parkway,TX,48.0,27.0,layoff,layoff,,,2024-09-16,,2024-09-16,65.64,0
dish network,CO,51.0,157.0,not stated,other,,2024-01-08,2024-03-08,2024-03-08,2024-03-08,66.21,1
google us mtv 42,CA,51.0,84.0,layoff permanent,layoff,2024-01-25,2024-01-10,2024-03-10,,2024-03-10,65.9,1
g c staffing llc gold flora,CA,56.0,27.0,closure permanent,closure,2025-09-16,2025-09-16,2025-11-15,,2025-11-15,65.63,0
lakeside book,MA,32.0,93.0,layoff,layoff,2024-02-27,,2024-05-10,2024-05-24,2024-05-10,65.95,1
amyris,CA,32.0,112.0,layoff permanent,layoff,2023-11-16,2023-10-18,2023-12-18,,2023-12-18,66.05,1
amazon,CA,45.0,13.0,layoff permanent,layoff,2024-01-29,2024-01-10,2024-03-11,,2024-03-11,65.63,0
shake shack enterprises,CA,,18.0,closure permanent,closure,2024-08-27,2024-08-26,2024-08-27,,2024-08-27,65.63,0
advance stores company incorporated and its subsidiary golden state supply,CA,44.0,9.0,closure permanent,closure,2024-11-15,2024-11-14,2025-03-07,,2025-03-07,65.63,0
divvy homes,CO,53.0,48.0,layoff,layoff,,2023-09-07,2023-11-07,2023-11-07,2023-11-07,66.82,1
sharp healthcare 5555,CA,,40.0,layoff permanent,layoff,2025-07-01,2025-06-30,2025-09-02,,2025-09-02,65.63,0
qualcomm incorporated,CA,33.0,79.0,layoff permanent,layoff,2023-02-23,2023-02-15,2023-04-18,,2023-04-18,65.86,0
evonik,MD,32.0,34.0,closure,closure,,2026-03-25,2026-06-30,2026-12-31,2026-06-30,65.68,0
summit public schools,CA,,3.0,layoff permanent,layoff,2023-05-31,2023-04-28,2023-06-30,,2023-06-30,65.63,0
hrl laboratories westlake campus,CA,54.0,10.0,layoff permanent,layoff,2025-11-17,2025-11-17,2026-01-16,,2026-01-16,65.63,0
cygnus home service llc dba yelloh,ID,45.0,10.0,layoff,layoff,,2023-10-25,2023-12-15,,2023-12-15,65.66,0
herbalife international of america,CA,31.0,70.0,layoff permanent,layoff,2024-05-14,2024-05-06,2024-05-31,,2024-05-31,65.8,0
sps ventures,CA,,162.0,layoff permanent,layoff,2024-01-17,2023-12-05,2024-02-03,,2024-02-03,66.24,1
merck,NJ,32.0,58.0,layoff,layoff,,2025-11-14,,,2025-11-14,65.66,0
smurfit westrock,IA,32.0,100.0,closing,closure,,2025-08-05,2025-10-04,,2025-10-04,66.06,1
getinsured,CO,52.0,1.0,layoff,layoff,,2024-12-20,2025-02-19,2025-02-19,2025-02-19,65.62,0
verizon corp resources group llc other vz affiliates,NJ,51.0,80.0,layoff,layoff,,2024-01-27,,,2024-01-27,65.83,0
carbon health,CA,62.0,2.0,layoff permanent,layoff,2023-10-16,2023-08-10,2023-10-09,,2023-10-09,65.63,0
the little gnome childcare,MN,,1.0,closure,closure,,,2024-08-12,,2024-08-12,65.65,0
virtex ppi time zero inc waynesboro va plant 16310 bratton lane austin tx 78728,VA,33.0,76.0,closure,closure,,2023-06-21,2023-08-21,,2023-08-21,65.77,0
finch henry job corp center education training resources,MS,61.0,113.0,closure,closure,,2025-06-02,2025-06-11,,2025-06-11,66.0,1
summit funding,CA,,163.0,layoff permanent,layoff,2026-03-23,2026-03-19,2026-05-17,,2026-05-17,66.24,1
advance stores company incorporated and its subsidiary golden state supply,CA,44.0,10.0,closure permanent,closure,2024-11-15,2024-11-14,2025-03-07,,2025-03-07,65.63,0
paramount skydance,CA,,2.0,layoff permanent,layoff,2026-04-16,2026-04-16,2026-01-02,,2026-01-02,65.63,0
amazon mab5,CA,45.0,184.0,closure permanent,closure,2026-01-28,2026-01-28,2026-04-28,,2026-04-28,66.3,1
vibra hospital of desoto,TX,62.0,76.0,layoff,layoff,,,2023-09-29,,2023-09-29,65.86,0
amplitude,CA,51.0,83.0,layoff permanent,layoff,2023-04-19,2023-04-05,2023-06-15,,2023-06-15,65.89,0
clarion management,CA,56.0,14.0,closure permanent,closure,2025-02-19,2025-02-18,2025-04-20,,2025-04-20,65.63,0
westrock services llc aka westrock and smurfit westrock,MA,32.0,91.0,layoff,layoff,2026-03-18,,2026-05-18,,2026-05-18,65.94,1
shoreline vinyl systems,MD,32.0,49.0,closure,closure,,2025-07-09,2025-07-18,,2025-07-18,65.68,0
spiral binding,NJ,,137.0,layoff,layoff,,2025-10-27,,,2025-10-27,66.11,1
kaiser foundation hospitals,CA,62.0,1.0,layoff permanent,layoff,2025-01-22,2025-01-21,2025-03-22,,2025-03-22,65.63,0
teleflex,MN,33.0,101.0,closure,closure,2025-04-08,2025-04-08,2025-07-01,,2025-07-01,66.02,1
ben group,CA,51.0,4.0,layoff permanent,layoff,2024-05-29,2024-05-24,2024-07-23,,2024-07-23,65.63,0
yelloh sauk center,MN,,12.0,closure,closure,2024-09-23,2024-09-23,2024-11-22,,2024-11-22,65.65,0
dmsi,CA,49.0,4.0,layoff permanent,layoff,2024-12-10,2024-11-20,2025-01-26,,2025-01-26,65.63,0
zoe home healthcare,NJ,62.0,70.0,layoff,layoff,,2024-08-30,,,2024-08-30,65.76,0
pirch,CA,44.0,23.0,layoff permanent,layoff,2024-04-09,2024-04-04,2024-04-04,,2024-04-04,65.63,0
kaiser foundation fremont,CA,62.0,1.0,layoff permanent,layoff,2025-06-03,2025-06-02,2025-06-02,,2025-06-02,65.63,0
becton dickinson and company bd 3750 torrey view court,CA,33.0,59.0,layoff permanent,layoff,2025-11-04,2025-10-31,2025-10-01,,2025-10-01,65.71,0
american freight,OH,44.0,19.0,layoff,layoff,2025-02-12,,2025-05-01,,2025-05-01,65.59,0
david s bridal,CA,44.0,46.0,layoff permanent,layoff,2023-07-05,2023-04-25,2023-09-02,,2023-09-02,65.63,0
johnson matthey medical device components llc phase 3,CA,33.0,4.0,closure permanent,closure,2023-05-25,2023-05-11,2023-11-03,,2023-11-03,65.63,0
aramark trinity mother frances hospital,TX,32.0,163.0,layoff,layoff,,,2023-10-31,,2023-10-31,66.26,1
bitwise industries,IA,54.0,4.0,mass layoff,mass_layoff,,2023-06-14,2023-06-14,,2023-06-14,65.7,0
sodexo sdh services east,MA,72.0,68.0,layoff,layoff,2024-10-15,,2023-12-31,,2023-12-31,65.79,0
dollar tree chesapeake 500 volvo parkway chesapeake va 23320,VA,45.0,90.0,layoff,layoff,,2023-04-19,2023-06-23,,2023-06-23,65.86,0
the vons companies,CA,44.0,87.0,closure permanent,closure,2024-12-04,2024-12-03,2025-02-08,,2025-02-08,65.91,1
parkhurst dining llc the university of the arts philadelphia,PA,,34.0,closure,closure,,,2024-06-07,,2024-06-07,65.65,0
resolute forest products,MD,32.0,75.0,layoff,layoff,,2024-10-23,2024-10-28,,2024-10-28,65.89,0
essendant,MA,42.0,82.0,layoff,layoff,2024-01-18,,2024-03-15,2024-07-01,2024-03-15,65.89,0
accelerate360 distribution llc dakota merchandising work,IA,42.0,35.0,mass layoff,mass_layoff,,2025-04-25,2025-06-28,,2025-06-28,65.7,0
excalibur pizza llc dba round table pizza,CA,72.0,3.0,layoff permanent,layoff,2024-02-20,2024-02-15,2024-04-19,,2024-04-19,65.63,0
b p plastics dba advance plastics,CA,32.0,77.0,closure permanent,closure,2025-04-21,2025-04-21,2025-06-23,,2025-06-23,65.85,0
tl cannon management corp d b a applebee s,NY,72.0,10.0,economic,other,,2025-02-24,2025-05-27,2025-05-27,2025-05-27,65.76,0
u s bank,CA,,11.0,layoff permanent,layoff,2023-09-26,2023-08-22,2023-09-29,,2023-09-29,65.63,0
epitomics inc d b a abcam milpitas,CA,54.0,43.0,closure permanent,closure,2023-06-29,2023-05-18,2023-06-30,,2023-06-30,65.63,0
sirna sons produce,OH,42.0,45.0,closure,closure,2025-10-02,,2025-12-02,,2025-12-02,65.59,0
optum care,MD,62.0,18.0,closure,closure,,2025-01-23,2025-03-24,,2025-03-24,65.68,0
heritage bank of commerce hollister,CA,52.0,1.0,layoff permanent,layoff,2026-03-17,2026-02-27,2026-04-17,,2026-04-17,65.63,0
advance stores company incorporated and its subsidiary golden state supply,CA,44.0,8.0,closure permanent,closure,2024-11-15,2024-11-14,2025-03-09,,2025-03-09,65.63,0
stockyards hotel and h3 ranch,TX,72.0,120.0,layoff,layoff,,,2026-04-06,,2026-04-06,66.1,1
altera,CA,33.0,82.0,layoff permanent,layoff,2025-08-11,2025-08-07,2025-10-08,,2025-10-08,65.88,0
boeing,CA,33.0,1.0,layoff permanent,layoff,2024-11-15,2024-11-15,2025-01-17,,2025-01-17,65.63,0
shoppers food warehouse,MD,44.0,46.0,closure,closure,,2025-11-14,2025-11-08,,2025-11-08,65.68,0
google la 3,CA,51.0,4.0,layoff permanent,layoff,2023-01-23,2023-01-20,2023-03-31,,2023-03-31,65.63,0
parkdale 531 cotton blossom circle gastonia nc 28054,VA,,68.0,closure,closure,,2025-08-26,2025-10-24,,2025-10-24,65.72,0
yelloh truman,MN,,13.0,closure,closure,2024-09-23,2024-09-23,2024-11-22,,2024-11-22,65.65,0
the mutual group,IA,52.0,34.0,mass layoff,mass_layoff,,2025-07-09,2025-08-08,,2025-08-08,86.0,1
macy s simi valley town center store,CA,45.0,68.0,closure permanent,closure,2024-01-30,2024-01-18,2024-03-19,,2024-03-19,65.79,0
wfs express inc kelley field,TX,48.0,65.0,layoff,layoff,,,2024-04-10,,2024-04-10,65.78,0
airboss defense group,MD,33.0,23.0,layoff,layoff,,2025-06-30,2025-09-02,,2025-09-02,65.68,0
radial,IL,,42.0,mass layoff,mass_layoff,2023-08-08,2023-08-08,2023-10-07,2023-10-21,2023-10-07,65.66,0
de la pena eye clinic dlp montebello,CA,62.0,38.0,closure permanent,closure,2026-02-18,2026-02-13,2026-03-13,,2026-03-13,65.63,0
beirut restaurant catering,MN,72.0,11.0,closure,closure,,,2024-09-15,,2024-09-15,65.65,0
venture forthe,NY,62.0,46.0,contract loss,other,,2024-12-31,2025-03-31,2025-04-13,2025-03-31,65.76,0
nuway waite park,MN,62.0,8.0,layoff,layoff,2025-02-28,2025-02-28,2025-04-30,,2025-04-30,65.65,0
morgan truck body,PA,33.0,92.0,closure,closure,,,2025-12-15,,2025-12-15,65.97,1
advance stores company incorporated and its subsidiary golden state supply,CA,44.0,9.0,closure permanent,closure,2024-11-15,2024-11-14,2025-03-08,,2025-03-08,65.63,0
kaiser foundation hospitals,CA,62.0,1.0,layoff permanent,layoff,2024-10-09,2024-10-07,2024-12-06,,2024-12-06,65.63,0
atkore plastics southeast,SC,32.0,42.0,layoff,layoff,,2025-11-06,2026-01-06,2026-09-30,2026-01-06,65.61,0
intel,CA,33.0,73.0,layoff permanent,layoff,2023-12-18,2023-11-03,2023-12-31,,2023-12-31,65.82,0
distribution alternatives,CA,49.0,15.0,closure permanent,closure,2023-10-25,2023-09-20,2023-11-20,,2023-11-20,65.63,0
center point inc 475 750,CA,62.0,20.0,layoff permanent,layoff,2025-05-02,2025-04-28,2025-06-30,,2025-06-30,65.63,0
cbre,CA,52.0,8.0,layoff permanent,layoff,2025-02-28,2025-02-28,2025-05-02,,2025-05-02,65.63,0
wells fargo,IL,52.0,8.0,layoff,layoff,2026-02-03,2026-03-03,2026-02-03,,2026-02-03,65.66,0
nordstrom credit bank,CO,52.0,59.0,reduction in force,layoff,,2025-11-17,2026-02-21,2026-04-01,2026-02-21,65.7,0
batter up foods,GA,31.0,110.0,closure,closure,,,2023-05-26,,2023-05-26,66.12,1
bmo bank n a,WI,52.0,44.0,layoff,layoff,,2023-10-17,2023-12-31,,2023-12-31,65.64,0
abm industries incorporated,WI,56.0,37.0,layoff,layoff,,2023-03-13,2023-03-31,,2023-03-31,65.64,0
meta platforms inc 1 hacker way,CA,51.0,22.0,layoff permanent,layoff,2025-10-23,2025-10-22,2025-12-22,,2025-12-22,65.63,0
autodesk,CA,62.0,104.0,layoff permanent,layoff,2026-01-23,2026-01-23,2026-04-01,,2026-04-01,66.01,1
at t,MN,51.0,1.0,closure,closure,,,2023-05-15,,2023-05-15,65.65,0
jms engineered plastics,IN,32.0,49.0,layoff,layoff,,2025-10-29,2025-10-29,,2025-10-29,65.59,0
linkedin,CA,51.0,13.0,layoff permanent,layoff,2023-07-24,2023-06-21,2023-06-09,,2023-06-09,65.63,0
graphic packaging international,NC,32.0,65.0,closure,closure,2024-05-20,2024-05-09,2024-07-23,,2024-07-23,65.75,0
infineon technologies americas,CA,33.0,4.0,layoff permanent,layoff,2024-10-01,2024-09-27,2024-10-11,,2024-10-11,65.63,0
attala steele industries hilsboro plant,TX,33.0,126.0,layoff,layoff,,,2023-05-26,,2023-05-26,66.13,1
tesla,CA,33.0,49.0,layoff permanent,layoff,2024-04-25,2024-04-22,2024-06-14,,2024-06-14,65.63,0
nortech systems,MN,33.0,59.0,closure,closure,2024-05-16,2024-05-16,2024-08-01,,2024-08-01,65.74,0
child care associates morris foundation,TX,62.0,17.0,layoff,layoff,,,2025-06-30,,2025-06-30,65.64,0
happy money,CA,52.0,89.0,layoff permanent,layoff,2024-04-03,2024-04-02,2024-06-03,,2024-06-03,65.93,1
main street sports group cleveland,OH,71.0,27.0,closure,closure,2026-02-13,,2026-04-14,,2026-04-14,65.59,0
penske logistics llc keller,TX,48.0,152.0,layoff,layoff,,,2023-05-20,,2023-05-20,66.22,1
first financial bancorp,OH,52.0,56.0,layoff,layoff,2026-02-02,,2026-03-19,2026-09-15,2026-03-19,65.65,0
wilson trailer,IA,33.0,6.0,amendment - additional employees,amendment,,2024-09-27,2024-09-27,,2024-09-27,65.7,0
inova labs aria,CA,33.0,37.0,closure permanent,closure,2023-05-12,2023-04-27,2023-06-26,,2023-06-26,65.63,0
cepheid b4,CA,32.0,2.0,layoff permanent,layoff,2025-10-30,2025-10-29,2025-12-31,,2025-12-31,65.63,0
excalibur pizza llc dba round table pizza,CA,72.0,5.0,layoff permanent,layoff,2024-02-20,2024-02-15,2024-04-19,,2024-04-19,65.63,0
earl of sandwich tavern restaurant,CA,72.0,167.0,closure permanent,closure,2025-05-29,2025-05-29,2025-07-28,,2025-07-28,66.25,1
nationstar mortgage llc d b a mr cooper,CA,,8.0,layoff permanent,layoff,2026-01-16,2026-01-15,2026-01-16,,2026-01-16,65.63,0
livanova usa,PA,33.0,137.0,layoff,layoff,,,2024-01-31,,2024-01-31,66.18,1
aura management,CA,55.0,20.0,closure permanent,closure,2024-04-18,2024-04-18,2024-06-25,,2024-06-25,65.63,0
macy s,CA,45.0,79.0,closure permanent,closure,2025-01-16,2025-01-16,2025-05-10,,2025-05-10,65.86,0
irex,DC,54.0,130.0,layoff,layoff,,2025-03-11,2025-03-03,,2025-03-03,66.06,1
advance stores company incorporated and its subsidiary golden state supply,CA,44.0,11.0,closure permanent,closure,2024-11-15,2024-11-14,2025-03-06,,2025-03-06,65.63,0
wwl vehicle services americas,TX,48.0,63.0,layoff,layoff,,,2024-03-18,,2024-03-18,65.77,0
soul bowl in richfield,MN,72.0,1.0,closure,closure,,,2023-09-19,,2023-09-19,65.65,0
upwork,CA,,67.0,layoff permanent,layoff,2024-10-23,2024-10-23,2024-12-23,,2024-12-23,65.78,0
illumina,CA,54.0,28.0,layoff permanent,layoff,2025-11-07,2025-11-06,2026-01-05,,2026-01-05,65.63,0
web to door,CA,48.0,63.0,layoff permanent,layoff,2025-08-27,2025-08-26,2025-10-27,,2025-10-27,65.75,0
leviathan energy l p,PA,21.0,105.0,closure,closure,,,2025-07-01,2025-07-15,2025-07-01,66.04,1
biontech us,MD,32.0,32.0,layoff,layoff,,2025-07-18,2025-09-16,,2025-09-16,65.68,0
creative stone mfg inc dba coronado stone products,CA,32.0,39.0,closure permanent,closure,2025-05-21,2025-05-21,2025-07-21,,2025-07-21,65.63,0
coborn s park rapids,MN,44.0,35.0,closure,closure,,,2025-05-15,,2025-05-15,65.65,0
advanced distributor products,MS,42.0,38.0,layoff,layoff,,2023-06-06,,,2023-06-06,65.58,0
the ronin project,CA,,131.0,closure permanent,closure,2024-04-02,2024-03-04,2024-03-01,,2024-03-01,66.13,1
wescom financial,CA,52.0,2.0,layoff permanent,layoff,2026-02-19,2026-02-19,2026-04-21,,2026-04-21,65.63,0
graphite bio,CA,54.0,2.0,layoff permanent,layoff,2023-03-07,2023-03-01,2023-03-01,,2023-03-01,65.63,0
medical device business services,CA,33.0,6.0,layoff permanent,layoff,2023-02-17,2023-02-07,2023-04-14,,2023-04-14,65.63,0
custom control sensors,CA,33.0,127.0,closure permanent,closure,2023-03-17,2023-03-17,2023-05-17,,2023-05-17,66.11,1
wells fargo,IA,52.0,8.0,amendment - additional employees,amendment,,2024-10-01,2024-12-01,,2024-12-01,65.7,0
williamston clinic,NC,62.0,2.0,closure,closure,2023-08-04,2023-08-03,2023-10-05,,2023-10-05,65.61,0
trialon,IN,54.0,110.0,layoff,layoff,,2023-08-23,2023-10-22,,2023-10-22,66.01,1
stachs,CA,54.0,60.0,layoff permanent,layoff,2024-10-22,2024-10-16,2024-12-31,,2024-12-31,65.72,0
kaiser foundation hospitals,CA,62.0,1.0,layoff permanent,layoff,2025-07-22,2025-07-21,2025-07-21,,2025-07-21,65.63,0
boeing,FL,33.0,5.0,layoff,layoff,,2024-11-18,2025-01-17,2025-01-17,2025-01-17,65.62,0
makita usa,GA,33.0,22.0,permanent layoff / reduction in force,layoff,,,2023-06-28,,2023-06-28,65.71,0
kaiser foundation hospitals 1450,CA,62.0,1.0,layoff permanent,layoff,2025-05-12,2025-05-12,2025-05-12,,2025-05-12,65.63,0
brinks home,NJ,56.0,61.0,layoff,layoff,,2025-06-30,,,2025-06-30,65.69,0
arbor e t llc equus workforce solutions taylor satellite office,TX,56.0,1.0,layoff,layoff,,,2024-09-30,,2024-09-30,65.64,0
amazon san 3,CA,45.0,1.0,layoff permanent,layoff,2026-01-30,2026-01-29,2026-04-28,,2026-04-28,65.63,0
kaiser foundation hospitals antioch,CA,62.0,1.0,layoff permanent,layoff,2025-09-10,2025-09-08,2025-09-08,,2025-09-08,65.63,0
kidsco children s museum,MN,71.0,1.0,closure,closure,,,2026-03-28,,2026-03-28,65.65,0
international business machines corporation ibm,CA,54.0,58.0,layoff permanent,layoff,2024-09-17,2024-09-17,2024-11-18,,2024-11-18,65.7,0
management training corp billy moore correctional center,TX,92.0,109.0,layoff,layoff,,,2025-08-31,,2025-08-31,66.05,1
the indigo road hospitality group,IA,,38.0,mass layoff,mass_layoff,,2023-09-16,2023-10-18,,2023-10-18,65.7,0
refresco beverages us,OH,31.0,63.0,closure,closure,2026-04-14,,2026-06-24,2026-12-21,2026-06-24,65.71,0
johnson controls,MD,33.0,61.0,closure,closure,,2025-10-14,2025-12-15,,2025-12-15,65.79,0
lam research,CA,33.0,200.0,layoff permanent,layoff,2023-02-13,2023-01-31,2023-04-03,,2023-04-03,66.35,1
american nursery services,MT,11.0,100.0,layoff,layoff,,2023-09-05,2023-11-01,,2023-11-01,65.88,0
jenny craig jc usa,CA,62.0,146.0,closure permanent,closure,2023-05-05,2023-04-25,2023-06-24,,2023-06-24,66.18,1
eym chicken of wisconsin dba kfc,WI,72.0,19.0,closure,closure,,2024-08-22,2024-08-18,,2024-08-18,65.64,0
amerihealth caritas,FL,52.0,50.0,layoff,layoff,,2024-10-30,2024-12-31,2024-12-31,2024-12-31,65.62,0
six flags entertainment,CA,71.0,65.0,layoff permanent,layoff,2025-05-22,2025-05-22,2025-07-21,,2025-07-21,65.76,0
charter communications,MT,51.0,66.0,layoff,layoff,,2023-08-23,2023-10-27,,2023-10-27,65.66,0
caribou coffee grand 1,MN,72.0,1.0,closure,closure,,,2024-01-01,,2024-01-01,65.65,0
hollister,MO,44.0,3.0,layoff,layoff,,2024-11-25,2025-02-01,,2025-02-01,65.59,0
cepheid,CA,32.0,8.0,layoff permanent,layoff,2025-03-13,2025-03-12,2025-05-12,,2025-05-12,65.63,0
bmo bank n a successor in interest to bank of the west,CA,52.0,28.0,layoff permanent,layoff,2023-10-25,2023-09-19,2023-12-08,,2023-12-08,65.63,0
quanex homeshield,CA,,50.0,closure permanent,closure,2025-01-21,2025-01-20,2025-03-21,,2025-03-21,65.63,0
elite line services,NV,56.0,75.0,layoff,layoff,2024-02-22,2024-02-22,2024-04-22,,2024-04-22,65.89,0
amentum,CO,56.0,60.0,layoff,layoff,,2025-08-25,2025-10-31,2025-10-31,2025-10-31,65.71,0
salford,IA,33.0,51.0,closing,closure,,2024-07-16,2024-07-16,,2024-07-16,65.71,0
blue shield of california,CA,52.0,14.0,layoff permanent,layoff,2026-03-16,2026-03-13,2026-04-08,,2026-04-08,65.63,0
at t,CA,51.0,15.0,layoff permanent,layoff,2024-12-03,2024-12-02,2025-01-31,,2025-01-31,65.63,0
dish network,CO,51.0,53.0,reduction in force,layoff,,2024-02-20,2024-04-20,2024-04-20,2024-04-20,65.65,0
renfro,SC,31.0,100.0,closure,closure,,2023-01-03,2023-03-05,,2023-03-05,65.97,1
langmuir systems,CA,33.0,16.0,closure permanent,closure,2023-08-30,2023-07-26,2023-09-30,,2023-09-30,65.63,0
continence pelvic wellness clinic,WI,62.0,1.0,closure,closure,,2024-03-13,2024-03-31,,2024-03-31,65.64,0
apostle supper club st paul,MN,72.0,1.0,closure,closure,,,2025-06-01,,2025-06-01,65.65,0
the boeing,OR,33.0,50.0,layoff,layoff,,2024-11-15,,,2024-11-15,65.69,0
scp,IL,,141.0,closing,closure,2023-12-18,2023-12-18,2023-12-17,,2023-12-17,66.2,1
mcdonald s restaurants of california,CA,72.0,62.0,layoff temporary,layoff,2024-12-30,2024-12-27,2025-02-24,,2025-02-24,65.74,0
collins aerospace,NC,33.0,173.0,closure,closure,2023-01-30,2023-01-30,2023-09-08,,2023-09-08,66.26,1
walmart,CA,,16.0,layoff permanent,layoff,2024-05-20,2024-05-17,2024-08-09,,2024-08-09,65.63,0
walmart,NJ,,113.0,layoff,layoff,,2025-03-07,,,2025-03-07,66.01,1
advance stores company incorporated,CA,44.0,1.0,closure permanent,closure,2024-11-14,2024-11-14,2025-03-29,,2025-03-29,65.63,0
portfolio recovery associates llc pra group inc 119 cane creek blvd danville va 24540,VA,52.0,123.0,closure,closure,,2023-07-18,2023-10-20,,2023-10-20,66.03,1
ceryx management llc 1904 e 113th,CA,53.0,1.0,layoff permanent,layoff,2025-11-07,2025-10-31,2025-10-03,,2025-10-03,65.63,0
the harris products group,AL,,57.0,closure,closure,,2024-01-31,2024-03-31,,2024-03-31,65.65,0
martinrea,MO,33.0,144.0,layoff,layoff,,2024-11-18,2024-12-06,2025-01-17,2024-12-06,66.14,1
blue shield of california,CA,52.0,1.0,layoff permanent,layoff,2024-10-03,2024-10-02,2024-12-11,,2024-12-11,65.63,0
centrex revenue solutions,FL,62.0,71.0,layoff,layoff,,2023-08-14,2023-08-31,2023-08-31,2023-08-31,65.81,0
acdi voca,DC,81.0,19.0,layoff,layoff,,2025-06-04,2025-08-04,,2025-08-04,65.56,0
supernal llc 117,CA,,5.0,layoff permanent,layoff,2025-06-30,2025-06-30,2025-06-30,,2025-06-30,65.63,0
tesla,CA,33.0,23.0,layoff permanent,layoff,2024-04-25,2024-04-22,2024-06-14,,2024-06-14,65.63,0
xellia pharmaceuticals usa,OH,,214.0,layoff,layoff,2024-09-23,,2024-08-17,2024-12-31,2024-08-17,66.34,1
los angeles times,NV,51.0,1.0,layoff,layoff,2024-01-23,2024-01-23,2024-03-25,,2024-03-25,65.68,0
posigen developer,CT,23.0,48.0,closure,closure,2025-10-24,2025-10-24,2025-11-02,,2025-11-02,66.83,1
a l p lighting components,GA,33.0,55.0,closure,closure,,,2023-11-02,,2023-11-02,65.76,0
guidehouse digital,WV,54.0,110.0,layoff,layoff,,2023-01-30,2023-03-31,,2023-03-31,65.9,1
u s committee for refugees and immigrants,FL,81.0,53.0,layoff,layoff,,2026-04-01,2026-03-31,2026-03-31,2026-03-31,65.65,0
compass group usa,PA,52.0,110.0,closure,closure,,,2025-08-09,,2025-08-09,69.0,1
first savings bank,GA,52.0,3.0,permanent layoff / reduction in force,layoff,,,2023-11-30,,2023-11-30,65.71,0
bahama breeze,VA,72.0,62.0,closure,closure,,2026-02-03,2026-04-05,,2026-04-05,65.67,0
coborns pharmacy sauk centre,MN,44.0,1.0,closure,closure,,,2023-08-01,,2023-08-01,65.65,0
fresenius usa,CA,62.0,118.0,closure permanent,closure,2024-05-17,2024-05-16,2024-09-27,,2024-09-27,66.07,1
northeast health group d b a governor s center,MA,62.0,55.0,layoff,layoff,2023-02-07,,2023-04-07,,2023-04-07,65.68,0
alstom mass transit,CA,33.0,31.0,layoff permanent,layoff,2023-05-12,2023-04-25,2023-06-25,,2023-06-25,65.63,0
at t,CA,51.0,5.0,layoff permanent,layoff,2024-07-31,2024-07-26,2024-09-24,,2024-09-24,65.63,0
umass chan medical school,MA,61.0,13.0,layoff,layoff,2024-06-14,,2024-08-04,2024-08-30,2024-08-04,65.63,0
kaiser foundation hospitals,CA,62.0,1.0,layoff permanent,layoff,2024-09-23,2024-09-23,2024-11-22,,2024-11-22,65.63,0
lutheran services of iowa,IA,62.0,6.0,mass layoff,mass_layoff,,2025-03-03,2025-04-25,,2025-04-25,65.7,0
winzer,CA,42.0,3.0,closure permanent,closure,2023-05-15,2023-04-28,2023-06-30,,2023-06-30,65.63,0
walmart,MA,,90.0,layoff,layoff,2026-03-29,,2026-05-29,,2026-05-29,65.93,1
google us sfo spe,CA,51.0,26.0,layoff permanent,layoff,2024-01-25,2024-01-10,2024-03-10,,2024-03-10,65.63,0
southwire,FL,,71.0,layoff,layoff,,2023-12-04,2024-02-02,2024-02-02,2024-02-02,65.81,0
duke s malibu,CA,72.0,126.0,closure permanent,closure,2025-03-21,2025-03-20,2025-03-28,,2025-03-28,66.11,1
mexico city cafe,MN,72.0,1.0,layoff,layoff,,,2026-01-19,,2026-01-19,65.65,0
massbiologics,MA,54.0,26.0,layoff,layoff,2023-02-24,,2023-04-28,,2023-04-28,65.63,0
making opportunities count,MA,,10.0,layoff,layoff,2025-04-04,,2025-06-30,,2025-06-30,65.63,0
boeing,FL,33.0,3.0,layoff,layoff,,2024-11-18,2025-01-17,2025-01-17,2025-01-17,65.62,0
flagship facility services,CA,56.0,20.0,layoff permanent,layoff,2025-02-14,2025-02-14,2025-02-14,,2025-02-14,65.63,0
wilson trailer,IA,33.0,58.0,mass layoff,mass_layoff,,2024-08-29,2024-09-30,,2024-09-30,65.77,0
smead,UT,32.0,77.0,layoff,layoff,,2024-11-10,,,2024-11-10,65.88,0
ametek bison gear engineering,IL,33.0,167.0,closing,closure,2025-05-19,2025-05-19,2025-07-21,,2025-07-21,66.29,1
kashaco,CA,,52.0,layoff permanent,layoff,2024-12-02,2024-12-02,2025-01-31,,2025-01-31,65.65,0
gilead sciences,CA,72.0,34.0,layoff permanent,layoff,2026-01-22,2026-01-21,2026-03-27,,2026-03-27,65.63,0
21st amendment brewery cafe,CA,72.0,58.0,closure permanent,closure,2025-09-12,2025-09-03,2025-11-04,,2025-11-04,65.7,0
usc verdugo hills hospital,CA,62.0,65.0,closure permanent,closure,2024-09-20,2024-09-20,2024-11-20,,2024-11-20,65.76,0
zymergen,CA,54.0,7.0,layoff permanent,layoff,2023-10-13,2023-09-06,2023-11-01,,2023-11-01,65.63,0
tesla,CA,33.0,81.0,layoff permanent,layoff,2024-04-25,2024-04-22,2024-06-14,,2024-06-14,65.88,0
john wiley sons,NJ,51.0,103.0,layoff,layoff,,2023-11-15,,,2023-11-15,65.96,1
david s bridal,CA,44.0,36.0,layoff permanent,layoff,2023-06-30,2023-04-25,2023-09-02,,2023-09-02,65.63,0
aspiration partners,MA,52.0,181.0,layoff,layoff,2023-03-24,,2023-05-06,2023-06-01,2023-05-06,66.3,1
exabeam,CA,51.0,43.0,layoff permanent,layoff,2024-07-17,2024-07-16,2024-09-16,,2024-09-16,65.63,0
99 cents only stores,CA,45.0,34.0,closure permanent,closure,2024-04-16,2024-04-04,2024-06-03,,2024-06-03,65.63,0
napoleon formally wolf steel usa,KY,,90.0,layoff,layoff,2023-01-30,,2023-01-23,,2023-01-23,65.92,1
the computer merchant,NJ,54.0,37.0,layoff,layoff,,2023-05-05,,,2023-05-05,65.58,0
first student,CA,48.0,109.0,closure permanent,closure,2025-03-26,2025-03-25,2025-06-11,,2025-06-11,66.03,1
medical manufacturing technologies interface catheter solutions,CA,33.0,15.0,closure permanent,closure,2025-01-15,2025-01-15,2025-03-17,,2025-03-17,65.63,0
discount warehouse,MN,45.0,1.0,closure,closure,,,2024-01-30,,2024-01-30,65.65,0
chep services,CA,48.0,162.0,closure permanent,closure,2024-05-28,2024-05-28,2024-07-30,,2024-07-30,66.24,1
google 1190,CA,51.0,8.0,layoff permanent,layoff,2025-09-30,2025-09-29,2025-11-09,,2025-11-09,65.63,0
dhl supply chain,CA,49.0,13.0,closure permanent,closure,2024-02-06,2024-01-16,2024-03-16,,2024-03-16,65.63,0
party city store 738,MD,,22.0,closure,closure,,2024-12-20,2025-02-28,,2025-02-28,65.68,0
ameri kleen dba sanitation specialists,CA,56.0,24.0,closure permanent,closure,2025-02-10,2025-02-07,2025-04-06,,2025-04-06,65.63,0
advance stores company incorporated and its subsidiary golden state supply,CA,44.0,11.0,closure permanent,closure,2024-11-15,2024-11-14,2025-03-09,,2025-03-09,65.63,0
danimer scientific holdings,GA,32.0,8.0,closure,closure,,,2025-03-14,,2025-03-14,65.71,0
central admixture pharmacy services,CA,42.0,99.0,closure permanent,closure,2023-11-15,2023-10-12,2023-12-11,,2023-12-11,65.98,1
benson house,CA,62.0,44.0,layoff permanent,layoff,2024-10-16,2024-10-16,2024-12-15,,2024-12-15,65.63,0
nordstrom credit bank,AZ,52.0,9.0,layoff,layoff,,2025-06-26,,,2025-06-26,65.65,0
rivian automotive,CA,33.0,150.0,layoff permanent,layoff,2023-03-01,2023-02-01,2023-04-14,,2023-04-14,66.2,1
zimeno inc dba monarch tractor lawrence,CA,33.0,89.0,layoff not known at this time,layoff,2025-11-21,2025-11-19,2025-11-19,,2025-11-19,65.93,1
baduccis,CT,72.0,59.0,closure,closure,2025-10-24,2025-10-24,2026-02-28,,2026-02-28,65.71,0
lendingclub bank,CA,52.0,7.0,layoff permanent,layoff,2023-11-14,2023-10-12,2023-11-03,,2023-11-03,65.63,0
99 cents only store llc sam houston pkwy,TX,45.0,20.0,layoff,layoff,,,2024-06-03,,2024-06-03,65.64,0
xellia pharmaceuticals,OH,,3.0,layoffs,layoff,2025-01-13,,2025-03-28,2025-05-26,2025-03-28,65.59,0
contextlogic,CA,51.0,47.0,layoff permanent one sansome,layoff,2023-02-13,2023-02-01,2023-04-03,,2023-04-03,65.63,0
kett engineering,CA,54.0,180.0,layoff permanent,layoff,2024-03-12,2024-03-11,2024-05-14,,2024-05-14,66.29,1
us foods,CA,42.0,118.0,closure permanent,closure,2025-02-04,2025-02-04,2025-05-18,,2025-05-18,66.07,1
agilent technologies,CA,33.0,24.0,layoff permanent,layoff,2023-11-14,2023-10-13,2023-12-15,,2023-12-15,65.63,0
kaiser foundation hospitals 1850,CA,62.0,2.0,layoff permanent,layoff,2025-08-19,2025-08-18,2025-08-04,,2025-08-04,65.63,0
gee heavy machinery,CA,42.0,9.0,closure permanent,closure,2025-07-18,2025-07-18,2025-07-21,,2025-07-21,65.63,0
bitwise industries,MA,54.0,1.0,layoff,layoff,2023-06-14,,2023-06-14,,2023-06-14,65.63,0
swift beef,CA,31.0,161.0,layoff permanent,layoff,2023-05-26,2023-05-01,2023-07-01,,2023-07-01,66.23,1
chalet lounge hermantown,MN,72.0,8.0,closure,closure,,,2024-12-31,,2024-12-31,65.65,0
pfizer,NC,32.0,150.0,closure,closure,2024-07-25,2024-07-24,2024-07-31,,2024-07-31,66.19,1
surveillance security inc of unarmed security guards,CA,56.0,1.0,layoff permanent,layoff,2025-01-31,2025-01-31,2025-03-31,,2025-03-31,65.63,0
wellpath and cfmg south placer jail,CA,62.0,35.0,closure permanent,closure,2026-04-07,2026-04-07,2026-06-30,,2026-06-30,65.63,0
western specialty contractors,CA,23.0,8.0,closure permanent,closure,2024-07-03,2024-07-01,2024-08-31,,2024-08-31,65.63,0
air wisconsin airlines llc mke,WI,48.0,84.0,layoff,layoff,,2025-09-05,2025-10-28,,2025-10-28,65.91,1
raices april 2025,TX,,159.0,layoff,layoff,,,2025-04-02,,2025-04-02,66.25,1
fila usa,MD,42.0,18.0,layoff,layoff,,2025-01-08,2025-03-30,,2025-03-30,65.68,0
david s bridal llc lubbock,TX,44.0,31.0,layoff,layoff,,,2023-07-17,,2023-07-17,65.64,0
forever 21,NJ,44.0,59.0,layoff,layoff,,2025-06-11,,,2025-06-11,65.67,0
amentum,CO,56.0,14.0,closure,closure,,2023-08-11,2023-10-12,2023-10-12,2023-10-12,65.62,0
sdi stores llc d b a bobs stores,CT,,48.0,layoff,layoff,,2024-05-31,2024-06-14,,2024-06-14,66.83,1
david s bridal llc college station,TX,44.0,14.0,layoff,layoff,,,2023-07-17,,2023-07-17,65.64,0
marsden bldg maint,MN,56.0,219.0,closure,closure,2023-10-18,2023-10-18,2023-12-31,,2023-12-31,66.42,1
dav force,SC,62.0,94.0,layoff,layoff,,2024-04-08,2024-06-07,,2024-06-07,65.94,1
mvm inc mcallen,TX,,132.0,layoff,layoff,,,2025-03-18,,2025-03-18,66.15,1
wellpath and cfmg placer juvi detention,CA,62.0,4.0,closure permanent,closure,2026-04-07,2026-04-07,2026-06-30,,2026-06-30,65.63,0
radius global solutions,MA,,1.0,layoff,layoff,2023-03-07,,2023-04-03,,2023-04-03,65.63,0
brookfield properties usa ii,CA,53.0,19.0,layoff permanent,layoff,2024-02-08,2024-01-25,2024-04-01,,2024-04-01,65.63,0
kaiser foundation hospitals 99 s pasadena,CA,62.0,1.0,layoff permanent,layoff,2025-09-10,2025-09-08,2025-09-08,,2025-09-08,65.63,0
nuway duluth,MN,62.0,13.0,layoff,layoff,2025-02-28,2025-02-28,2025-04-30,,2025-04-30,65.65,0
transdev services,CA,,77.0,closure permanent,closure,2025-11-03,2025-10-30,2025-12-31,,2025-12-31,65.85,0
locanabio,CA,54.0,58.0,closure permanent,closure,2023-11-28,2023-11-01,2023-12-31,,2023-12-31,65.7,0
amazon,CA,45.0,57.0,layoff permanent,layoff,2024-10-29,2024-10-28,2024-12-27,,2024-12-27,65.69,0
kaiser foundation hospitals,CA,62.0,1.0,layoff permanent,layoff,2023-10-03,2023-09-12,2023-11-10,,2023-11-10,65.63,0
music city delivery,TN,,98.0,unknown,other,2026-01-26,,2026-04-02,,2026-04-02,65.96,1
ups,MD,,118.0,layoff,layoff,,2024-01-26,2024-03-26,,2024-03-26,66.13,1
sodexo inc and affiliates,NC,72.0,156.0,closure,closure,2025-03-17,2025-03-07,2025-06-30,,2025-06-30,66.21,1
niagara bottling,FL,31.0,85.0,layoff,layoff,,2025-10-21,2025-12-31,2026-03-01,2025-12-31,65.9,1
pacific catch,CA,72.0,73.0,closure temporary,closure,2024-02-01,2024-01-02,2024-03-04,,2024-03-04,65.82,0
blue shield of california,CA,52.0,17.0,layoff permanent,layoff,2026-03-16,2026-03-13,2026-04-08,,2026-04-08,65.63,0
select specialty hospital longview select medical,TX,,94.0,layoff,layoff,,,2024-06-30,,2024-06-30,65.97,1
elite staffing inc at nestle usa s nation pizza,IL,56.0,134.0,layoff,layoff,2025-02-26,2025-02-26,2025-04-27,2025-05-11,2025-04-27,66.18,1
southern pacpizza dba pizza hut 029207,CA,72.0,4.0,layoff permanent,layoff,2024-01-24,2023-12-14,2024-02-16,,2024-02-16,65.63,0
battelle,CO,54.0,14.0,closure,closure,,2025-08-11,,2026-10-01,2025-08-11,65.62,0
catalent maryland,MD,32.0,32.0,layoff,layoff,,2025-08-20,2025-10-18,,2025-10-18,65.68,0
aura management,CA,55.0,15.0,closure permanent,closure,2024-04-18,2024-04-18,2024-07-10,,2024-07-10,65.63,0
google us mtv 1945,CA,51.0,5.0,layoff permanent,layoff,2024-01-25,2024-01-10,2024-03-10,,2024-03-10,65.63,0
forgerock,CA,51.0,2.0,layoff permanent,layoff,2023-12-07,2023-11-07,2024-06-30,,2024-06-30,65.63,0
aspiration partners,GA,52.0,146.0,permanent layoff / reduction in force,layoff,,,2023-05-26,,2023-05-26,66.27,1
fashion institute of design merchandising,CA,61.0,95.0,layoff permanent,layoff,2024-03-20,2024-03-18,2024-06-17,,2024-06-17,65.96,1
ikea distribution services,CA,49.0,147.0,closure permanent,closure,2024-03-25,2024-03-20,2024-06-01,,2024-06-01,66.19,1
99 cents only stores,CA,45.0,56.0,closure permanent,closure,2024-04-16,2024-04-04,2024-06-03,,2024-06-03,65.68,0
xylem,WI,,40.0,layoff,layoff,,2025-10-13,2025-10-13,,2025-10-13,65.64,0
quality built,SC,,3.0,closure,closure,,2025-07-07,2025-07-03,,2025-07-03,65.61,0
ramen kazama como,MN,,1.0,closure,closure,,,2025-05-01,,2025-05-01,65.65,0
toppan merrill,OH,51.0,93.0,layoff,layoff,2023-04-05,,2023-06-02,2023-07-28,2023-06-02,65.91,1
institue of international education,DC,61.0,54.0,layoff,layoff,,2025-07-01,,,2025-07-01,65.6,0
granite city food brewery roseville,MN,72.0,1.0,closure,closure,,,2023-05-15,,2023-05-15,65.65,0
great lakes coca cola distribution,MI,42.0,161.0,closure,closure,,,2026-04-03,,2026-04-03,66.16,1
david s bridal llc abilene,TX,44.0,19.0,layoff,layoff,,,2023-07-17,,2023-07-17,65.64,0
triple canopy,CA,32.0,38.0,layoff permanent,layoff,2024-04-22,2024-03-27,2024-05-31,,2024-05-31,65.63,0
sap america,CA,51.0,159.0,layoff permanent,layoff,2023-02-23,2023-02-10,2023-04-19,,2023-04-19,66.23,1
microsoft,CA,,1.0,layoff permanent,layoff,2023-02-08,2023-01-18,2023-03-20,,2023-03-20,65.63,0
verizon,NJ,51.0,50.0,layoff,layoff,,2024-12-31,,,2024-12-31,65.58,0
bionano genomics,OR,54.0,76.0,layoff,layoff,,2024-03-25,,,2024-03-25,65.9,1
ymca arellanes elementary school,CA,71.0,6.0,layoff permanent,layoff,2026-04-20,2026-04-17,2026-06-09,,2026-06-09,65.63,0
birmingham parking authority,AL,92.0,54.0,layoff,layoff,,2026-02-10,2026-04-01,,2026-04-01,65.63,0
pacpizza dba pizza hut,CA,,3.0,layoff permanent,layoff,2024-01-24,2023-12-14,2024-02-24,,2024-02-24,65.63,0
thule,CO,33.0,22.0,closure,closure,,2025-04-16,2025-10-03,2025-10-03,2025-10-03,65.62,0
tom thumb store 3645 plano,TX,44.0,75.0,layoff,layoff,,,2025-07-26,,2025-07-26,65.86,0
novartis group,NJ,32.0,96.0,layoff,layoff,,2024-09-06,,,2024-09-06,65.92,1
multi color,KY,,76.0,closure,closure,2023-07-03,,2023-12-31,,2023-12-31,65.83,0
becton dickinson and,CA,33.0,38.0,layoff permanent,layoff,2023-11-30,2023-10-04,2023-10-11,,2023-10-11,65.63,0
hms host located within the philadelphia international airport,PA,72.0,13.0,layoff,layoff,,,2025-10-27,,2025-10-27,65.65,0
tyson foods,IL,31.0,177.0,closing,closure,2023-05-26,2023-05-26,2023-07-31,2023-08-14,2023-07-31,66.32,1
meta platforms,CA,51.0,4.0,layoff permanent,layoff,2023-06-23,2023-05-29,2023-07-28,,2023-07-28,65.63,0
centerra group,CA,62.0,4.0,layoff permanent,layoff,2023-11-13,2023-08-10,2023-09-30,,2023-09-30,65.63,0
kaiser foundation hospitals one,CA,62.0,6.0,layoff permanent,layoff,2025-10-07,2025-10-06,2025-09-17,,2025-09-17,65.63,0
multi color,GA,,40.0,closure,closure,,,2024-11-01,,2024-11-01,65.71,0
boeing,CA,33.0,1.0,layoff permanent,layoff,2024-11-15,2024-11-15,2025-01-17,,2025-01-17,65.63,0
primo brands,CA,,6.0,closure permanent,closure,2025-05-02,2025-05-02,2025-07-01,,2025-07-01,65.63,0
true value,OH,44.0,82.0,closure,closure,2025-02-07,,2025-04-08,2025-04-22,2025-04-08,65.84,0
carestream health,CO,33.0,21.0,reduction in force,layoff,,2024-07-17,2024-09-16,2024-09-16,2024-09-16,65.62,0
visalia citrus packing group,CA,11.0,34.0,closure permanent,closure,2023-09-07,2023-07-27,2023-09-30,,2023-09-30,65.63,0
ipro island peer review organization,NY,54.0,33.0,contract expiration,other,,2024-07-15,2024-09-30,2024-09-30,2024-09-30,65.76,0
cds global,IA,62.0,94.0,closing,closure,,2024-11-26,2025-02-03,,2025-02-03,66.03,1
midwest perishables,WI,,50.0,closure,closure,,2025-04-06,2025-04-02,,2025-04-02,65.64,0
carbon health,CA,62.0,3.0,layoff permanent,layoff,2023-10-18,2023-08-10,2023-10-09,,2023-10-09,65.63,0
downtown streets,CA,81.0,3.0,closure permanent,closure,2025-08-29,2025-08-29,2025-10-31,,2025-10-31,65.63,0
meta platforms,CA,51.0,35.0,layoff permanent,layoff,2023-06-21,2023-05-29,2023-07-28,,2023-07-28,65.63,0
swissport fueling,IL,48.0,66.0,mass layoff,mass_layoff,2023-07-05,2023-07-05,2023-09-01,,2023-09-01,65.81,0
c s family of companies,TX,55.0,21.0,layoff,layoff,,,2025-03-14,,2025-03-14,65.64,0
trilink biotechnologies llc 5717,CA,54.0,5.0,layoff permanent,layoff,2025-08-08,2025-08-08,2025-10-06,,2025-10-06,65.63,0
novelis alr rolled products,NJ,33.0,104.0,layoff,layoff,,2024-01-02,,,2024-01-02,65.97,1
scandia,UT,44.0,20.0,layoff,layoff,,2023-12-29,,,2023-12-29,65.66,0
sapango inc dba tre posti,CA,72.0,130.0,closure permanent,closure,2025-06-05,2025-06-05,2025-08-05,,2025-08-05,66.12,1
wells fargo,IA,52.0,49.0,mass layoff,mass_layoff,,2026-02-03,2026-04-04,,2026-04-04,65.7,0
nsi services,CA,56.0,14.0,closure permanent,closure,2024-03-27,2024-03-17,2024-05-18,,2024-05-18,65.63,0
mv transportation 4512,CA,,19.0,layoff permanent,layoff,2025-04-28,2025-04-28,2025-06-30,,2025-06-30,65.63,0
innodata services,FL,51.0,1.0,layoff,layoff,,2026-02-03,2026-02-06,2026-03-13,2026-02-06,65.62,0
constellis llc laredo 2,TX,56.0,30.0,layoff,layoff,,,2025-03-07,,2025-03-07,65.64,0
safeway,CA,,65.0,closure permanent,closure,2023-04-26,2023-04-12,2023-06-15,,2023-06-15,65.76,0
gh armor systems safariland,TN,54.0,40.0,unknown,other,2024-01-02,,2024-02-20,,2024-02-20,65.61,0
palmer s bar mpls,MN,,15.0,closure,closure,,,2025-09-14,,2025-09-14,65.65,0
intel,CA,33.0,4.0,layoff permanent,layoff,2024-08-30,2024-08-30,2024-10-31,,2024-10-31,65.63,0
4670 unitek learning education group,CA,61.0,6.0,layoff permanent,layoff,2025-05-01,2025-04-30,2025-07-03,,2025-07-03,65.63,0
air distribution technologies,CA,33.0,111.0,closure permanent,closure,2025-05-07,2025-05-06,2025-07-07,,2025-07-07,66.04,1
verizon corp resources group lll other vz affiliates,NJ,51.0,183.0,layoff,layoff,,2023-08-26,,,2023-08-26,66.26,1
gdi integrated facility services,KY,56.0,40.0,layoff,layoff,2024-01-04,,2024-03-05,,2024-03-05,65.61,0
del friscos grille,CA,72.0,74.0,closure temporary,closure,2024-11-19,2024-11-19,2025-01-18,,2025-01-18,65.83,0
optum services,NJ,62.0,49.0,layoff,layoff,,2026-02-02,,,2026-02-02,65.58,0
the clover rosemount,MN,72.0,1.0,closure,closure,,,2025-01-31,,2025-01-31,65.65,0
fresno economic opportunities commission 4273 w richert ave 107,CA,62.0,15.0,layoff temporary,layoff,2025-11-03,2025-10-31,2026-01-01,,2026-01-01,65.63,0
penn parking inc university of maryland baltimore,MD,48.0,9.0,closure,closure,,2024-03-25,2024-05-31,,2024-05-31,65.68,0
catholic charities diocese of san diego,CA,62.0,31.0,layoff permanent,layoff,2025-03-05,2025-02-28,2025-04-30,,2025-04-30,65.63,0
paramount global,NY,32.0,13.0,economic,other,,2024-02-13,2024-05-17,2025-03-14,2024-05-17,64.0,0
biomarin pharmaceutical,CA,32.0,94.0,layoff permanent,layoff,2024-09-03,2024-08-28,2024-11-01,,2024-11-01,65.95,1
del monte capitol meat company llc dba allen brothers west coast,CA,31.0,92.0,closure permanent,closure,2024-02-05,2024-02-01,2024-03-31,,2024-03-31,65.94,1
giant,PA,45.0,128.0,closure,closure,,,2026-02-13,,2026-02-13,66.14,1
exemplis,MD,33.0,47.0,layoff,layoff,,2023-09-22,2023-11-19,,2023-11-19,65.68,0
c2 technologies,FL,54.0,1.0,layoff,layoff,,2026-03-05,2026-03-06,2026-03-06,2026-03-06,65.62,0
railcrew xpress,FL,,4.0,layoff,layoff,,2025-12-22,2026-02-27,2026-02-27,2026-02-27,65.62,0
aura management,CA,55.0,19.0,closure permanent,closure,2024-04-18,2024-04-18,2024-07-17,,2024-07-17,65.63,0
zin technologies,OH,54.0,27.0,layoff,layoff,2025-01-09,,2025-03-01,2025-03-14,2025-03-01,65.59,0
bank of the west,NE,52.0,100.0,layoff,layoff,,2023-07-10,,,2023-07-10,65.96,1
genpak,OH,33.0,67.0,layoff,layoff,2023-01-30,,2023-03-31,2023-12-31,2023-03-31,65.74,0
primo brands,CA,,4.0,layoff permanent,layoff,2025-04-18,2025-04-18,2025-06-17,,2025-06-17,65.63,0
pixelberry studios,CA,51.0,120.0,layoff permanent,layoff,2024-02-06,2024-01-16,2024-03-15,,2024-03-15,66.08,1
tri city medical center,CA,62.0,96.0,layoff permanent,layoff,2023-09-01,2023-07-31,2023-09-30,,2023-09-30,65.96,1
kaiser foundation hospitals,CA,62.0,10.0,layoff permanent,layoff,2024-02-28,2024-02-26,2024-04-26,,2024-04-26,65.63,0
arrowhead engineered products,IN,33.0,52.0,closure,closure,,2023-08-14,2023-10-14,,2023-10-14,65.61,0
fox river mills,IA,31.0,105.0,closing,closure,,2025-07-29,2025-10-10,,2025-10-10,66.08,1
nextgen healthcare,PA,54.0,65.0,layoff,layoff,,,2024-01-16,2024-03-01,2024-01-16,65.79,0
green thumb produce,CA,42.0,112.0,closure permanent,closure,2024-10-01,2024-09-30,2024-12-01,,2024-12-01,66.05,1
pirch,CA,44.0,31.0,layoff permanent,layoff,2024-04-30,2024-04-04,2024-04-04,,2024-04-04,65.63,0
evergreen recycling,OH,56.0,163.0,closure,closure,2026-02-24,,2026-02-24,2026-04-24,2026-02-24,66.2,1
vigor alaska,AK,33.0,72.0,closure,closure,,2025-05-07,2025-07-07,2025-11-30,2025-07-07,65.81,0
amazon sfo13,CA,45.0,41.0,layoff permanent,layoff,2025-10-29,2025-10-28,2026-01-26,,2026-01-26,65.63,0
quixote studio services 10252,CA,,11.0,layoff permanent,layoff,2025-07-11,2025-07-10,2025-07-10,,2025-07-10,65.63,0
bornstein seafoods inc newport facility,OR,31.0,50.0,closure,closure,,2024-03-22,,,2024-03-22,65.69,0
la tortilla factory,CA,31.0,132.0,closure permanent,closure,2024-02-22,2024-02-01,2024-03-31,,2024-03-31,66.13,1
cygnus home services llc d b a yelloh,IA,45.0,1.0,closing,closure,,2023-12-11,2024-02-09,,2024-02-09,65.7,0
owens minor,MO,42.0,67.0,closure,closure,,2024-10-11,2024-12-13,,2024-12-13,65.74,0
first savings bank,FL,52.0,2.0,layoff,layoff,,2023-10-02,2023-11-30,2023-11-30,2023-11-30,65.62,0
veyer,AZ,49.0,60.0,layoff,layoff,,2025-02-28,,,2025-02-28,65.74,0
jones lang lasalle americas,CA,53.0,70.0,layoff permanent,layoff,2025-04-15,2025-04-14,2025-06-14,,2025-06-14,65.8,0
true value,OH,44.0,89.0,layoff,layoff,2024-10-21,,2024-12-14,2024-12-28,2024-12-14,65.89,0
hmi glass verdi,NV,32.0,44.0,closure,closure,2023-11-28,2023-11-28,2024-01-29,,2024-01-29,65.68,0
gannett,NC,51.0,56.0,layoff,layoff,2023-02-08,2023-02-07,2023-07-07,,2023-07-07,65.67,0
agilent technologies,CA,33.0,6.0,layoff permanent,layoff,2024-06-07,2024-06-07,2024-08-09,,2024-08-09,65.63,0
brookfield properties usa ii,CA,53.0,13.0,layoff permanent,layoff,2024-02-08,2024-01-25,2024-04-01,,2024-04-01,65.63,0
manna beverages mbv ca llc 2150,CA,31.0,25.0,closure permanent,closure,2025-10-03,2025-10-03,2025-10-07,,2025-10-07,65.63,0
yanka industries inc dba masterclass,CA,,89.0,layoff permanent,layoff,2023-02-28,2023-02-28,2023-04-29,,2023-04-29,65.93,1
asm global at mccormick place,IL,71.0,192.0,closing,closure,2023-08-09,2023-08-09,2023-09-30,2023-09-30,2023-09-30,66.36,1
federal express,NC,49.0,69.0,closure,closure,2024-06-13,2024-06-12,2024-09-03,,2024-09-03,65.78,0
natura pcr,TX,,88.0,layoff,layoff,,,2025-10-15,,2025-10-15,65.94,1
chep services,NJ,48.0,74.0,layoff,layoff,,2023-01-14,,,2023-01-14,65.79,0
ccfbank,MN,33.0,2.0,closure,closure,,,2025-02-03,,2025-02-03,65.65,0
inspiro,ID,56.0,100.0,layoff,layoff,,2025-08-01,2025-09-30,,2025-09-30,66.02,1
boeing,CA,33.0,89.0,layoff permanent,layoff,2024-11-15,2024-11-15,2025-01-17,,2025-01-17,65.93,1
nd fairmont,WV,,90.0,layoff,layoff,,2023-03-28,,,2023-03-28,65.79,0
greif,GA,32.0,61.0,closure,closure,,,2025-04-10,,2025-04-10,65.81,0
rtx 2022,CA,33.0,1.0,layoff permanent,layoff,2025-04-23,2025-04-10,2025-06-20,,2025-06-20,65.63,0
the coca cola,GA,31.0,75.0,permanent layoff / reduction in force,layoff,,,2025-02-28,,2025-02-28,65.92,1
hunt sons,CA,,2.0,layoff permanent,layoff,2024-10-31,2024-10-29,2025-01-01,,2025-01-01,65.63,0
kaiser foundation hospitals,CA,62.0,17.0,layoff permanent,layoff,2024-05-01,2024-04-22,2024-06-21,,2024-06-21,65.63,0
cepheid,CA,32.0,33.0,layoff permanent,layoff,2025-03-13,2025-03-12,2025-05-12,,2025-05-12,65.63,0
petco brooklyn park,MN,44.0,18.0,closure,closure,,,2024-11-20,,2024-11-20,65.65,0
new horizons baking,OH,31.0,68.0,closure,closure,2026-01-16,,2026-03-17,,2026-03-17,65.75,0
ryder systems,IA,48.0,153.0,mass layoff - additional employees,mass_layoff,,2026-04-08,2026-07-24,,2026-07-24,66.28,1
supernal,CA,,1.0,layoff permanent,layoff,2026-03-02,2026-02-27,2026-04-28,,2026-04-28,65.63,0
univerisity of ma chan medical school,MA,48.0,70.0,layoff,layoff,2023-11-17,,2024-01-21,,2024-01-21,65.8,0
nh research,CA,33.0,3.0,layoff permanent,layoff,2023-01-12,2023-01-11,2023-03-13,,2023-03-13,65.63,0
nielsen bainbridge,SC,32.0,108.0,closure,closure,,2023-05-08,2023-05-19,2023-07-14,2023-05-19,66.01,1
university of southern california,CA,62.0,3.0,layoff permanent,layoff,2024-07-31,2024-07-26,2024-10-01,,2024-10-01,65.63,0
dhl supply chain,CA,49.0,109.0,closure permanent,closure,2024-04-17,2024-04-15,2024-08-31,,2024-08-31,66.03,1
cummins meritor,CA,33.0,1.0,layoff permanent,layoff,2023-10-23,2023-09-18,2023-12-31,,2023-12-31,65.63,0
advance stores company incorporated and its subsidiary golden state supply,CA,44.0,14.0,closure permanent,closure,2024-11-15,2024-11-14,2025-03-07,,2025-03-07,65.63,0
costar group,CA,51.0,62.0,layoff permanent,layoff,2023-03-09,2023-03-08,2023-05-12,,2023-05-12,65.74,0
roll n lock,FL,33.0,73.0,layoff,layoff,,2025-09-30,2025-12-30,2026-05-14,2025-12-30,65.82,0
intel,CA,33.0,83.0,layoff permanent,layoff,2025-08-26,2025-08-25,2025-07-11,,2025-07-11,65.89,0
wells fargo,IA,52.0,4.0,amendment,amendment,,2023-10-17,2023-12-17,,2023-12-17,65.7,0
mclaren wellcare clinics,OH,62.0,118.0,layoff,layoff,2023-03-24,,2023-04-01,2023-06-01,2023-04-01,66.03,1
baxter healthcare,MA,32.0,59.0,layoff,layoff,2024-02-29,,2024-05-03,2024-06-30,2024-05-03,65.71,0
coats american,NC,31.0,51.0,layoff,layoff,2023-10-06,2023-10-01,2023-11-30,,2023-11-30,65.62,0
david s bridal,MA,44.0,48.0,layoff,layoff,2023-04-13,,2023-04-14,2023-08-11,2023-04-14,66.83,1
amyris,CA,32.0,89.0,layoff permanent,layoff,2024-01-17,2023-12-08,2024-02-07,,2024-02-07,65.93,1
brightcove,MA,51.0,65.0,layoff,layoff,2025-03-10,,2025-03-10,2025-07-31,2025-03-10,65.76,0
swat fame,CA,31.0,201.0,closure permanent,closure,2025-06-04,2025-06-04,2025-08-06,,2025-08-06,66.35,1
lansing entertainment and public facilities authority lepfa,MI,71.0,181.0,layoff,layoff,,,2025-08-30,,2025-08-30,66.22,1
communify meridian center,CA,62.0,2.0,layoff permanent,layoff,2025-11-03,2025-11-03,2026-01-02,,2026-01-02,65.63,0
saint mary s regional medical center,NV,62.0,2.0,layoff,layoff,2023-12-07,2023-12-07,2024-02-05,,2024-02-05,65.68,0
raytheon technologies,TX,,27.0,layoff,layoff,,,2023-09-11,,2023-09-11,65.64,0
cygnus home service 716 industrial avenue bedford va 24523,VA,45.0,9.0,closure,closure,,2023-10-25,2023-12-15,,2023-12-15,65.56,0
advance stores company incorporated and its subsidiary golden state supply,CA,44.0,8.0,closure permanent,closure,2024-11-15,2024-11-14,2025-03-06,,2025-03-06,65.63,0
tusimple,AZ,54.0,1.0,layoff,layoff,,2024-05-31,,,2024-05-31,65.65,0
sherwin williams,OH,,51.0,layoff,layoff,2023-04-28,,2023-06-30,2023-08-31,2023-06-30,65.6,0
metropolitan ymca,NJ,81.0,157.0,layoff,layoff,,2024-11-01,,,2024-11-01,66.18,1
us cellular,OR,,105.0,layoff,layoff,,2025-04-09,,,2025-04-09,66.07,1
grandview aviation,MD,48.0,27.0,closure,closure,,2025-01-24,2025-03-27,,2025-03-27,65.68,0
planned parenthood mar monte,CA,62.0,17.0,layoff permanent,layoff,2025-07-10,2025-07-09,2025-07-09,,2025-07-09,65.63,0
southeast iowa regional medical center,IA,62.0,45.0,mass layoff,mass_layoff,,2023-12-19,2024-02-23,,2024-02-23,65.7,0
nordstrom,CO,45.0,43.0,close operation transition to td bank,other,,2025-07-29,2025-10-18,2026-02-28,2025-10-18,65.62,0
cti,NM,52.0,68.0,layoff,layoff,2024-01-31,2024-01-31,2023-10-24,,2023-10-24,67.0,1
mcgee air services,CA,48.0,32.0,closure permanent,closure,2026-01-21,2026-01-05,2026-03-06,,2026-03-06,65.63,0
boeing,FL,33.0,20.0,layoff,layoff,,2024-11-18,2025-01-17,2025-01-17,2025-01-17,65.62,0
walmart,CA,,30.0,layoff permanent,layoff,2024-05-20,2024-05-17,2024-08-09,,2024-08-09,65.63,0
corteva agriscience,CA,11.0,6.0,layoff permanent,layoff,2024-02-05,2024-02-05,2024-04-26,,2024-04-26,65.63,0
hrl laboratories camarillo campus,CA,54.0,3.0,layoff permanent,layoff,2025-11-17,2025-11-17,2026-01-16,,2026-01-16,65.63,0
great moon buffet maplewood,MN,72.0,1.0,layoff,layoff,,,2026-01-19,,2026-01-19,65.65,0
federal express corporation temple,TX,49.0,58.0,layoff,layoff,,,2023-09-04,,2023-09-04,65.72,0
national distribution centers,NC,,217.0,closure,closure,2023-10-25,2023-10-13,2023-12-31,,2023-12-31,66.38,1
archer daniels midland,TN,31.0,95.0,unknown,other,2025-12-19,,2026-01-30,,2026-01-30,65.94,1
summit public schools,CA,,1.0,layoff permanent,layoff,2023-05-31,2023-04-28,2023-06-30,,2023-06-30,65.63,0
neuehouse inc 73,CA,72.0,29.0,closure permanent,closure,2025-09-05,2025-09-04,2025-09-05,,2025-09-05,65.63,0
tesla,CA,33.0,77.0,layoff permanent,layoff,2024-04-25,2024-04-22,2024-06-14,,2024-06-14,65.85,0
ineos abs usa,OH,32.0,82.0,closure,closure,2025-07-23,,2025-08-01,2026-03-30,2025-08-01,65.84,0
immunitybio,CA,54.0,2.0,layoff permanent,layoff,2024-09-26,2024-09-26,2024-11-25,,2024-11-25,65.63,0
chs,WI,42.0,25.0,closure,closure,,2025-07-10,2025-09-08,,2025-09-08,65.64,0
dak americas pet resins,SC,33.0,125.0,closure,closure,,2023-02-28,2023-03-01,,2023-03-01,66.09,1
cygnus home service,WI,81.0,11.0,closure,closure,,2024-09-23,2024-11-22,,2024-11-22,65.64,0
morrison healthcare,FL,62.0,33.0,layoff,layoff,,2024-12-27,2024-12-15,2024-12-31,2024-12-15,65.62,0
santa fe springs swap meet,CA,71.0,109.0,layoff not known at this time,layoff,2025-07-01,2025-07-01,2025-07-01,,2025-07-01,66.03,1
f21 opco llc dba forever 21,CA,44.0,63.0,closure permanent,closure,2025-02-26,2025-02-17,2025-04-23,,2025-04-23,65.75,0
hillside logistics,IL,49.0,136.0,closing,closure,2024-01-12,2024-01-12,2024-03-10,2024-03-23,2024-03-10,66.18,1
mabel northside skilled nursing facility,CA,62.0,93.0,closure permanent,closure,2023-01-23,2022-12-19,2023-02-18,,2023-02-18,65.95,1
riley power group,RI,31.0,13.0,layoff,layoff,2024-09-25,2024-09-25,2024-11-22,,2024-11-22,65.53,0
tuesday morning plymouth,MN,45.0,1.0,closure,closure,,,2023-02-16,,2023-02-16,65.65,0
cj logistics america,CA,49.0,48.0,closure permanent,closure,2023-05-05,2023-04-25,2023-06-16,,2023-06-16,65.63,0
museum of ice cream,TX,,38.0,layoff,layoff,,,2025-07-10,,2025-07-10,65.64,0
whole foods market,SC,44.0,90.0,closure,closure,,2024-08-02,2024-10-01,,2024-10-01,65.92,1
cargill meat solutions,CA,31.0,20.0,layoff permanent,layoff,2024-06-07,2024-06-07,2024-08-04,,2024-08-04,65.63,0
disney streaming technology,CA,51.0,2.0,layoff permanent,layoff,2023-06-09,2023-05-25,2023-06-01,,2023-06-01,65.63,0
cvs health,CT,44.0,22.0,layoff,layoff,2025-02-04,2025-02-04,2025-06-07,,2025-06-07,65.63,0
monitronics international dba brinks home,NV,56.0,81.0,layoff,layoff,2023-01-05,2023-01-05,2023-01-05,,2023-01-05,65.93,1
advance stores company incorporated and its subsidiary golden state supply,CA,44.0,9.0,closure permanent,closure,2024-11-15,2024-11-14,2025-03-05,,2025-03-05,65.63,0
kaiser foundation hospitals,CA,62.0,1.0,layoff permanent,layoff,2024-09-23,2024-09-23,2024-11-22,,2024-11-22,65.63,0
centerra group,CA,62.0,10.0,layoff permanent,layoff,2023-11-15,2023-08-10,2023-09-30,,2023-09-30,65.63,0
dtg2go,IA,31.0,14.0,closing,closure,,2024-04-03,2024-05-03,,2024-05-03,65.7,0
trove recommerce,CA,45.0,62.0,closure permanent,closure,2024-01-25,2023-12-21,2024-04-01,,2024-04-01,65.74,0
rent group,GA,53.0,56.0,permanent layoff / reduction in force,layoff,,,2025-04-25,,2025-04-25,65.77,0
t mobile usa,IL,51.0,63.0,layoff,layoff,2026-01-30,2026-03-30,2026-04-02,2026-06-02,2026-04-02,65.78,0
advance stores company incorporated and its subsidiary golden state supply,CA,44.0,8.0,closure permanent,closure,2024-11-15,2024-11-14,2025-02-17,,2025-02-17,65.63,0
advance stores company incorporated and its subsidiary golden state supply,CA,44.0,9.0,closure permanent,closure,2024-11-15,2024-11-14,2025-03-08,,2025-03-08,65.63,0
wayforth,FL,56.0,20.0,layoff,layoff,,2023-08-15,2023-08-18,2023-08-18,2023-08-18,65.62,0
kaiser foundation hospitals,CA,62.0,10.0,layoff permanent,layoff,2025-02-25,2025-02-24,2025-04-25,,2025-04-25,65.63,0
chevron s county rd,TX,21.0,1.0,layoff,layoff,,,2025-07-15,,2025-07-15,65.64,0
internation timber and veneer l c,PA,32.0,81.0,closure,closure,,,2025-08-18,,2025-08-18,65.9,1
pssi,MO,62.0,68.0,layoff,layoff,,2023-12-05,2023-12-05,,2023-12-05,65.0,0
chicago tribune production facility,IL,51.0,198.0,closing,closure,2024-02-15,2024-02-15,2024-04-22,2024-06-02,2024-04-22,66.38,1
sealed air,NJ,,83.0,layoff,layoff,,2024-07-06,,,2024-07-06,65.85,0
vimo inc dba,FL,54.0,4.0,layoff,layoff,,2024-12-20,2025-02-19,2025-02-19,2025-02-19,65.62,0
rocket pharmaceuticals,NJ,32.0,80.0,layoff,layoff,,2025-10-23,,,2025-10-23,65.83,0
distribution alternatives,CA,49.0,1.0,layoff permanent,layoff,2024-09-06,2024-09-06,2024-11-05,,2024-11-05,65.63,0
de la pena eye clinic dlp long beach,CA,62.0,3.0,closure permanent,closure,2026-02-18,2026-02-13,2026-03-13,,2026-03-13,65.63,0
kaiser foundation hospitals ordway building,CA,62.0,2.0,layoff permanent,layoff,2023-10-03,2023-09-12,2023-11-10,,2023-11-10,65.63,0
ally s in bemidji,MN,72.0,1.0,closure,closure,,,2024-03-01,,2024-03-01,65.65,0
smbc manubank,VA,52.0,6.0,closure,closure,,2026-01-08,2026-03-10,,2026-03-10,65.56,0
calpac pizza ii dba pizza hut,CA,72.0,4.0,layoff permanent,layoff,2024-01-24,2023-12-14,2024-02-15,,2024-02-15,65.63,0
tree island wire,CA,33.0,22.0,closure permanent,closure,2023-01-11,2023-01-09,2023-06-15,,2023-06-15,65.63,0
acrt pacific,CA,54.0,4.0,layoff permanent,layoff,2024-01-23,2023-12-01,2024-01-31,,2024-01-31,65.63,0
dancing ganesha minneapolis,MN,72.0,1.0,layoff,layoff,,,2026-01-19,,2026-01-19,65.65,0
john adams academy el dorado,CA,61.0,6.0,layoff permanent,layoff,2026-04-01,2026-03-30,2026-06-01,,2026-06-01,65.63,0
wipro,CA,54.0,114.0,layoff permanent,layoff,2023-02-22,2023-02-13,2023-04-14,,2023-04-14,66.05,1
amazon sjc32 facility,CA,45.0,8.0,layoff permanent,layoff,2025-05-15,2025-05-15,2025-07-07,,2025-07-07,65.63,0
99 cents only stores,CA,45.0,40.0,closure permanent,closure,2024-04-16,2024-04-04,2024-06-03,,2024-06-03,65.63,0
cell margue,CA,32.0,68.0,closure permanent,closure,2025-12-02,2025-12-01,2026-02-06,,2026-02-06,65.79,0
nordstrom,NV,45.0,27.0,closure,closure,2025-08-21,2025-08-21,2025-11-15,,2025-11-15,65.68,0
firstservice residential,NV,56.0,23.0,closure,closure,2025-02-24,2025-02-24,,,2025-02-24,65.68,0
upstart network,CA,,102.0,layoff permanent,layoff,2023-02-21,2023-01-31,2023-02-20,,2023-02-20,66.0,1
carbon health,CA,62.0,2.0,layoff permanent,layoff,2023-10-18,2023-08-10,2023-10-09,,2023-10-09,65.63,0
dai global,MD,54.0,124.0,layoff,layoff,,2025-02-17,2025-02-17,,2025-02-17,66.16,1
kroger fulfillment network,FL,49.0,181.0,layoff,layoff,,2025-11-18,2026-02-01,2026-02-01,2026-02-01,66.29,1
flexcare medical staffing,CA,62.0,110.0,layoff permanent,layoff,2024-10-02,2024-10-01,2024-11-26,,2024-11-26,66.04,1
gxo logistics supply chain,CA,49.0,25.0,closure permanent,closure,2024-12-05,2024-12-05,2025-04-30,,2025-04-30,65.63,0
fsc edge,NC,54.0,1.0,closure,closure,2023-12-01,2023-12-01,2023-12-01,,2023-12-01,65.61,0
pitney bowes,CA,33.0,1.0,layoff permanent,layoff,2024-07-18,2024-07-17,2024-09-17,,2024-09-17,65.63,0
arbor e t llc equus workforce solutions bartlett satellite office,TX,56.0,1.0,layoff,layoff,,,2024-09-30,,2024-09-30,65.64,0
gsk plc,MA,32.0,150.0,layoff,layoff,2025-07-16,,2025-10-04,2026-03-31,2025-10-04,66.2,1
endologix,CA,33.0,2.0,closure permanent,closure,2026-03-09,2026-03-05,2026-05-29,,2026-05-29,65.63,0
aerospace corp dba asr pioneer,MS,33.0,96.0,closure,closure,,2023-05-31,2023-06-07,,2023-06-07,65.92,1
dhl supply chain sugar land,TX,49.0,29.0,layoff,layoff,,,2023-06-30,,2023-06-30,65.64,0
nordic consulting group,OH,54.0,61.0,layoff,layoff,2024-06-26,,2024-07-02,2024-12-31,2024-07-02,65.69,0
the rightstuff,IA,,29.0,mass layoff,mass_layoff,,2023-07-30,2023-08-20,,2023-08-20,65.7,0
honeywell,OH,33.0,66.0,layoff,layoff,2023-08-22,,2023-12-15,2024-04-30,2023-12-15,65.73,0
google mpd237,CA,51.0,19.0,layoff permanent,layoff,2026-01-27,2026-01-26,2026-03-15,,2026-03-15,65.63,0
specialized bicycle components,AZ,,1.0,layoff,layoff,,2023-01-11,,,2023-01-11,65.65,0
forest river,IN,33.0,160.0,closure,closure,,2024-10-31,2024-12-31,,2024-12-31,66.2,1
cygnus home service llc schwans home service yelloh burlington,KY,45.0,6.0,closure,closure,2024-05-29,,2024-07-27,,2024-07-27,65.61,0
north florida surgeons orthopaedic associates,FL,62.0,82.0,layoff,layoff,,2025-10-30,2025-12-29,2026-01-12,2025-12-29,65.88,0
cushman wakefield 1000,CA,53.0,12.0,layoff permanent,layoff,2025-06-26,2025-06-25,2025-08-28,,2025-08-28,65.63,0
career systems development,OR,61.0,77.0,closure,closure,,2025-06-09,,,2025-06-09,65.91,1
google us mtv rls2,CA,51.0,16.0,layoff permanent,layoff,2024-02-06,2024-01-22,2024-03-04,,2024-03-04,65.63,0
thermo fisher scientific,MA,33.0,103.0,layoff,layoff,2026-01-23,,2026-12-31,2027-12-31,2026-12-31,66.0,1
east coast migrant head start project ecmhsp,NC,61.0,6.0,closure,closure,2025-10-22,2025-10-17,2025-11-01,,2025-11-01,65.61,0
cepheid,CA,32.0,83.0,layoff permanent,layoff,2024-01-25,2023-12-14,2024-02-12,,2024-02-12,65.89,0
manna beverages mbv ca llc 6725,CA,31.0,15.0,closure permanent,closure,2025-10-03,2025-10-03,2025-10-07,,2025-10-07,65.63,0
peraton,MD,54.0,49.0,layoff,layoff,,2025-04-16,2025-04-30,,2025-04-30,65.68,0
spirit airlines,IL,48.0,26.0,closing,closure,2025-10-31,2025-10-31,2026-01-01,,2026-01-01,65.66,0
google us sfo fre215,CA,51.0,23.0,layoff permanent,layoff,2024-01-25,2024-01-10,2024-03-10,,2024-03-10,65.63,0
kaiser foundation hospitals,CA,62.0,3.0,layoff permanent,layoff,2025-02-25,2025-02-24,2025-04-25,,2025-04-25,65.63,0
walgreens,CA,,13.0,closure permanent,closure,2025-01-31,2025-01-31,2025-03-25,,2025-03-25,65.63,0
zeco systems,NC,33.0,3.0,layoff,layoff,2025-08-18,2025-08-18,2025-12-31,,2025-12-31,65.61,0
university of southern california hc3,CA,62.0,1.0,layoff permanent,layoff,2025-08-05,2025-08-04,2025-10-04,,2025-10-04,65.63,0
nextier completion solutions,PA,21.0,104.0,closure,closure,,,2024-04-13,,2024-04-13,66.03,1
cedar valley,IA,54.0,89.0,closing,closure,,2026-02-06,2026-03-17,,2026-03-17,66.0,1
aaron thomas,CA,31.0,155.0,layoff permanent,layoff,2024-05-08,2024-04-30,2024-07-09,,2024-07-09,66.21,1
wit services,TX,56.0,15.0,layoff,layoff,,,2024-12-27,,2024-12-27,65.64,0
10x genomics inc 6230,CA,33.0,88.0,layoff permanent,layoff,2025-05-08,2025-05-06,2025-07-07,,2025-07-07,65.92,1
stanley black decker fort worth,TX,33.0,175.0,layoff,layoff,,,2023-05-19,,2023-05-19,66.3,1
catapult learning,NJ,61.0,138.0,layoff,layoff,,2024-08-30,,,2024-08-30,66.11,1
love pizza,MN,72.0,1.0,layoff,layoff,,,2026-01-09,,2026-01-09,65.65,0
c2 technologies,WA,54.0,1.0,layoff,layoff,,,2026-03-06,,2026-03-06,65.63,0
poly pak industries group,NY,32.0,146.0,expiration of lease,other,,2025-01-29,2025-05-01,2025-05-01,2025-05-01,66.31,1
ruggable,CA,31.0,6.0,layoff permanent,layoff,2023-02-28,2023-02-22,2023-01-27,,2023-01-27,65.63,0
view operating,MS,49.0,147.0,layoff,layoff,,2024-10-03,2024-10-03,,2024-10-03,66.14,1
immunitybio,CA,54.0,6.0,layoff permanent,layoff,2024-08-30,2024-08-30,2024-10-29,,2024-10-29,65.63,0
carefusion resources llc a subsidiary of becton dickinson and,CA,33.0,67.0,layoff permanent,layoff,2024-10-09,2024-09-17,2024-09-10,,2024-09-10,65.78,0
99 cents only stores,CA,45.0,26.0,closure permanent,closure,2024-04-16,2024-04-04,2024-06-03,,2024-06-03,65.63,0
cvs pharmacy,MN,44.0,1.0,closure,closure,,,2025-02-11,,2025-02-11,65.65,0
piston automotive,KY,33.0,52.0,layoff,layoff,2024-01-10,,2024-04-19,,2024-04-19,65.63,0
the vons companies,CA,44.0,54.0,closure temporary,closure,2025-08-15,2025-08-15,2025-10-16,,2025-10-16,65.67,0
pacpizza dba pizza hut,CA,,2.0,layoff permanent,layoff,2024-01-24,2023-12-14,2024-02-15,,2024-02-15,65.63,0
ryder integrated logistics,CA,48.0,148.0,closure permanent,closure,2024-05-23,2024-05-14,2024-07-26,,2024-07-26,66.19,1
multi color,MO,,44.0,closure,closure,,2023-11-07,2023-12-31,,2023-12-31,65.59,0
interceramic fort worth showroom,TX,44.0,12.0,layoff,layoff,,,2023-05-31,,2023-05-31,65.64,0
atlantic union bankshares corporation atlantic union,MD,52.0,21.0,layoff,layoff,,2025-02-14,2025-04-15,,2025-04-15,65.68,0
navistar defense,MS,33.0,91.0,layoff,layoff,,2023-10-16,2023-11-30,,2023-11-30,65.89,0
simplyioa,MI,52.0,1.0,closure,closure,,,2025-12-02,,2025-12-02,65.55,0
lutheran services of iowa,IA,62.0,20.0,mass layoff,mass_layoff,,2023-05-04,2023-07-01,,2023-07-01,65.7,0
del frisco s grille,PA,72.0,51.0,closure,closure,,,2025-07-31,2025-08-03,2025-07-31,65.66,0
uf health central florida,FL,62.0,102.0,layoff,layoff,,2026-02-18,2026-05-01,2026-05-01,2026-05-01,65.99,1
reckitt benckiser,NJ,32.0,62.0,layoff,layoff,,2026-03-02,,,2026-03-02,65.7,0
boeing,FL,33.0,3.0,layoff,layoff,,2024-11-18,2025-01-17,2025-01-17,2025-01-17,65.62,0
kuehne nagel,OH,49.0,57.0,closure,closure,2025-02-21,,2025-04-30,,2025-04-30,65.66,0
columbus manufacturing inc a wholly owned subsidiary of the hormel foods,CA,31.0,125.0,layoff permanent,layoff,2025-01-15,2025-01-14,2025-03-15,,2025-03-15,66.1,1
fresno economic opportunities commission 2420 w clemenceau ave,CA,62.0,5.0,layoff temporary,layoff,2025-11-03,2025-10-31,2026-01-01,,2026-01-01,65.63,0
john deere waterloo works,IA,33.0,69.0,mass layoff,mass_layoff,,2024-07-24,2024-07-24,,2024-07-24,65.87,0
federal express,NC,49.0,123.0,closure,closure,2024-12-03,2024-12-03,2025-02-03,,2025-02-03,66.08,1
blue shield of california building c,CA,52.0,18.0,layoff permanent,layoff,2025-10-13,2025-10-13,2025-12-02,,2025-12-02,65.63,0
f21 opco llc dba forever 21,CA,44.0,21.0,closure permanent,closure,2025-02-26,2025-02-17,2025-04-25,,2025-04-25,65.63,0
blue diamond growers,CA,31.0,1.0,closure permanent,closure,2025-12-10,2025-12-10,2025-09-01,,2025-09-01,65.63,0
louis vuitton,AL,44.0,10.0,closure,closure,,2026-02-19,2026-02-17,,2026-02-17,65.59,0
cygnus home service llc dba yelloh,CA,45.0,3.0,closure permanent,closure,2023-12-01,2023-10-09,2023-10-20,,2023-10-20,65.63,0
carolina therapeutic services,IL,62.0,33.0,temp. layoff,layoff,2025-09-26,2025-09-26,2025-09-26,,2025-09-26,65.66,0
triple canopy,CA,32.0,1.0,layoff permanent,layoff,2024-04-22,2024-03-27,2024-05-31,,2024-05-31,65.63,0
trinity management services,CA,33.0,32.0,layoff permanent,layoff,2023-06-28,2023-05-23,2023-07-24,,2023-07-24,65.63,0
company 3 method,CA,51.0,79.0,layoff permanent,layoff,2023-07-26,2023-06-21,2023-08-14,,2023-08-14,65.86,0
pocino foods,CA,31.0,124.0,closure permanent,closure,2025-07-01,2025-06-27,2025-08-26,,2025-08-26,66.1,1
fender musical instruments,CA,33.0,60.0,layoff permanent,layoff,2026-02-09,2026-02-06,2026-04-07,,2026-04-07,65.72,0
koppers,SC,32.0,66.0,layoff,layoff,,2026-02-20,2026-04-21,,2026-04-21,65.76,0
the body shop,NC,44.0,63.0,closure,closure,2024-03-01,2024-03-01,2024-03-01,,2024-03-01,65.73,0
costar realty information,GA,51.0,84.0,permanent layoff / reduction in force,layoff,,,2025-06-30,,2025-06-30,65.98,1
mercury systems,CA,48.0,18.0,closure permanent,closure,2026-01-30,2026-01-30,2026-03-31,,2026-03-31,65.0,0
catholic charities archdiocese of galveston houston cabrini cfla south loop west,TX,62.0,1.0,layoff,layoff,,,2025-03-31,,2025-03-31,65.64,0
fresno economic opportunities commission 3110 w nielsen,CA,62.0,4.0,layoff temporary,layoff,2025-11-03,2025-10-31,2026-01-01,,2026-01-01,65.63,0
webasto roof systems,MI,33.0,62.0,layoff,layoff,,,2025-06-19,,2025-06-19,65.66,0
tti consumer power tools,SC,33.0,114.0,closure,closure,,2024-02-29,2024-05-01,,2024-05-01,66.04,1
tgi fridays edina,MN,72.0,1.0,closure,closure,,,2024-09-01,,2024-09-01,65.65,0
ots solutions llc dba on time staffing,CA,56.0,2.0,layoff permanent,layoff,2024-03-29,2024-03-21,2024-05-20,,2024-05-20,65.63,0
amazon,OH,45.0,90.0,layoff,layoff,2023-11-02,,2024-01-02,2024-01-23,2024-01-02,65.89,0
total storage solutions airport mini storage,CA,,3.0,layoff permanent,layoff,2026-03-19,2026-03-12,2026-05-18,,2026-05-18,65.63,0
agilent technologies,CA,33.0,14.0,layoff permanent,layoff,2023-11-14,2023-10-13,2023-12-01,,2023-12-01,65.63,0
dcp midstream,CO,21.0,136.0,not stated,other,,2023-01-25,2023-03-31,2024-04-01,2023-03-31,66.14,1
aurinia pharma u s,MD,54.0,80.0,layoff,layoff,,2024-12-17,2025-01-07,,2025-01-07,65.93,1
jack cooper transport,MI,48.0,89.0,closure,closure,,,2025-02-02,,2025-02-02,65.85,0
pirch,CA,44.0,2.0,layoff permanent,layoff,2024-04-09,2024-04-04,2024-04-04,,2024-04-04,65.63,0
diamond comic distributors,MD,42.0,168.0,closure,closure,,2025-01-21,2025-04-01,,2025-04-01,66.31,1
toyota financial services,IA,,54.0,closing,closure,,2024-10-21,2025-12-31,,2025-12-31,65.74,0
american medical response,OH,62.0,50.0,layoff,layoff,2023-05-30,,2023-08-01,2023-08-01,2023-08-01,65.59,0
atria wealth solutions,CA,52.0,82.0,layoff permanent,layoff,2025-05-02,2025-05-02,2025-07-04,,2025-07-04,65.88,0
applovin,CA,51.0,58.0,layoff permanent,layoff,2024-10-15,2024-10-15,2024-10-15,,2024-10-15,65.7,0
premiere building maintenance,TN,56.0,154.0,unknown,other,2026-02-03,,2026-03-31,,2026-03-31,66.2,1
dhl supply chain carrollton,TX,49.0,104.0,layoff,layoff,,,2024-09-14,,2024-09-14,66.03,1
salesforce,CA,51.0,1.0,layoff permanent,layoff,2023-01-06,2023-01-04,2023-03-24,,2023-03-24,65.63,0
mercado central,MN,44.0,1.0,layoff,layoff,,,2026-01-12,,2026-01-12,65.65,0
mindspring,CO,54.0,71.0,reduction in force,layoff,,2024-05-31,2024-05-31,2024-06-03,2024-05-31,65.8,0
unknown,NJ,,48.0,layoff,layoff,,2025-11-07,,,2025-11-07,66.78,1
casa deli taqueria hopkins,MN,72.0,1.0,layoff,layoff,,,2026-01-15,,2026-01-15,65.65,0
downtown streets,CA,81.0,4.0,closure permanent,closure,2025-08-29,2025-08-29,2025-08-29,,2025-08-29,65.63,0
david s bridal llc sugar land,TX,44.0,38.0,layoff,layoff,,,2023-07-17,,2023-07-17,65.64,0
aramark campus,AZ,72.0,108.0,layoff,layoff,,2026-04-01,,,2026-04-01,66.05,1
carbon health,CA,62.0,1.0,layoff permanent,layoff,2023-10-16,2023-08-10,2023-10-09,,2023-10-09,65.63,0
oerlikon balzers coating usa,OH,,11.0,closure,closure,2025-05-15,,2025-08-01,,2025-08-01,65.59,0
sagent pharmaceuticals,NC,,81.0,layoff,layoff,2023-06-12,2023-06-12,2023-08-11,,2023-08-11,65.87,0
illumina,CA,54.0,96.0,layoff permanent,layoff,2025-02-13,2025-02-12,2025-04-14,,2025-04-14,65.96,1
99 cents only store llc pasadena,TX,45.0,20.0,layoff,layoff,,,2024-06-03,,2024-06-03,65.64,0
cotton on la mirada distribution center,CA,49.0,88.0,closure permanent,closure,2023-07-25,2023-04-28,2023-06-30,,2023-06-30,65.92,1
planned parenthood mar monte,CA,62.0,10.0,layoff permanent,layoff,2025-06-17,2025-06-16,2025-08-18,,2025-08-18,65.63,0
battelle memorial institute e3,KY,54.0,30.0,closure,closure,2026-01-29,,2026-04-02,,2026-04-02,65.61,0
cygnus home service llc schwans home services yelloh prestonsburg,KY,45.0,13.0,closure,closure,2024-05-29,,2024-07-27,,2024-07-27,65.61,0
disney clubhouse,CA,71.0,5.0,layoff permanent,layoff,2024-05-17,2024-05-16,2024-07-15,,2024-07-15,65.63,0
nb farms,CA,11.0,42.0,closure permanent,closure,2024-10-23,2024-10-18,2024-12-30,,2024-12-30,65.63,0
rite aid,OR,42.0,136.0,closure,closure,,2023-10-18,,,2023-10-18,66.21,1
eureka foundry,TN,33.0,41.0,unknown,other,2023-07-31,,2023-09-29,,2023-09-29,65.61,0
ups,MD,,81.0,layoff,layoff,,2025-02-20,2025-04-22,,2025-04-22,65.93,1
rapid reliable care by docgo llc d b a rapid reliable care docgo,NY,,43.0,contract termination,other,,2025-02-27,,2025-06-24,2025-02-27,65.76,0
tessera therapeutics,CO,54.0,1.0,layoff,layoff,,2026-01-06,2026-03-08,2026-03-08,2026-03-08,65.62,0
sambanova,MA,51.0,2.0,layoff,layoff,2025-04-23,,2025-04-22,,2025-04-22,65.63,0
federal express,NC,49.0,164.0,closure,closure,2025-06-30,2025-06-30,2025-09-01,,2025-09-01,66.23,1
biomarin pharmaceutical,CA,32.0,71.0,layoff permanent,layoff,2024-05-14,2024-05-14,2024-07-13,,2024-07-13,65.81,0
tyson foods inc 2200 w don tyson parkway springdale ar 72762,VA,31.0,60.0,closure,closure,,2023-03-13,2023-05-12,,2023-05-12,65.65,0
vital pharmaceuticals,FL,,47.0,layoff,layoff,,2023-07-06,2023-09-03,2023-09-10,2023-09-03,65.62,0
hunter douglas fabrication company custom brands group updated,TX,33.0,53.0,layoff,layoff,,,2024-09-13,,2024-09-13,65.68,0
99 cents only stores houston 4,TX,45.0,20.0,layoff,layoff,,,2024-06-03,,2024-06-03,65.64,0
l3 technologies inc a wholly owned subsidiary of l3harris technologies,CA,33.0,134.0,closure permanent,closure,2023-09-14,2023-08-09,2023-11-17,,2023-11-17,66.14,1
cds global,IA,62.0,27.0,mass layoff,mass_layoff,,2023-11-07,2023-11-07,,2023-11-07,65.7,0
riot games,CA,31.0,6.0,layoff permanent,layoff,2024-02-14,2024-01-22,2024-03-25,,2024-03-25,65.63,0
qualcomm incorporated,CA,33.0,14.0,layoff permanent,layoff,2023-06-14,2023-05-17,2023-07-18,,2023-07-18,65.63,0
kaiser foundation hospitals,CA,62.0,2.0,layoff permanent,layoff,2025-10-16,2025-10-13,2025-10-10,,2025-10-10,65.63,0
salvation army updated,CO,81.0,135.0,closure,closure,,2025-10-29,2025-12-31,2025-12-31,2025-12-31,66.13,1
chart house,PA,72.0,36.0,closure,closure,,,2024-11-30,2024-12-03,2024-11-30,65.65,0
discover financial services,IL,52.0,175.0,layoff,layoff,2024-01-18,2025-02-06,2025-03-18,,2025-03-18,66.32,1
echopark automotive long beach,CA,44.0,32.0,closure permanent,closure,2024-01-03,2024-01-03,2023-08-21,,2023-08-21,65.63,0
fluor enterprises m g jumbo project,TX,23.0,66.0,layoff,layoff,,,2023-09-28,,2023-09-28,65.79,0
southwest key programs,CA,62.0,3.0,closure permanent,closure,2025-08-06,2025-08-06,2025-10-05,,2025-10-05,65.63,0
wells fargo,IA,52.0,69.0,mass layoff,mass_layoff,,2023-04-18,2023-04-18,,2023-04-18,65.87,0
cacique foods,CA,31.0,22.0,closure permanent,closure,2023-10-23,2023-09-19,2023-09-19,,2023-09-19,65.63,0
sun air products,MS,,50.0,layoff,layoff,,2023-03-23,2023-03-27,,2023-03-27,65.58,0
molson coors beverage company usa,WI,31.0,56.0,closure,closure,,2024-11-06,2025-01-17,,2025-01-17,65.69,0
updated trulieve,MA,42.0,90.0,layoff,layoff,2023-08-01,,2023-07-31,2023-10-13,2023-07-31,65.93,1
solo cup operating,IL,32.0,138.0,closing,closure,2023-08-25,2023-08-25,2023-10-27,,2023-10-27,66.19,1
eddie bauer,MN,44.0,1.0,closure,closure,,,2025-01-29,,2025-01-29,65.65,0
daifuku services america corporation colo springs,CO,56.0,89.0,loss of contract,other,,2024-02-22,2024-04-22,2024-05-06,2024-04-22,65.92,1
safeway inc store 3723,CO,,60.0,closure,closure,,2025-09-09,2025-11-07,2025-11-07,2025-11-07,65.71,0
bluegrass ups facility,KY,49.0,65.0,closure,closure,2026-04-01,,2026-06-02,,2026-06-02,65.75,0
steward health care system,TX,62.0,43.0,layoff,layoff,,,2024-11-02,,2024-11-02,65.64,0
kaiser foundation hospitals rio,CA,62.0,5.0,layoff permanent,layoff,2023-12-13,2023-11-06,2024-01-04,,2024-01-04,65.63,0
ethicon endo surgery,CA,33.0,4.0,layoff permanent,layoff,2023-03-02,2023-03-01,2023-04-30,,2023-04-30,65.63,0
clarvida,WV,,120.0,closure,closure,,2025-02-25,2025-04-26,,2025-04-26,65.94,1
accelerate360 distribution,NE,42.0,13.0,layoff,layoff,,2025-04-25,,,2025-04-25,65.6,0
marshfield clinic health system,WI,62.0,1.0,layoff,layoff,,2023-03-01,2023-05-19,,2023-05-19,65.64,0
legacy supply chain,CA,49.0,92.0,layoff permanent,layoff,2026-02-02,2026-01-31,2026-04-01,,2026-04-01,65.94,1
david s bridal,WI,44.0,147.0,closure,closure,,2023-05-23,2023-06-23,,2023-06-23,66.2,1
kuka toledo production operations,OH,33.0,160.0,layoff,layoff,2024-11-08,,2025-01-05,2025-01-19,2025-01-05,66.19,1
reworld projects,FL,56.0,70.0,layoff,layoff,,2025-10-10,2025-12-31,2025-12-31,2025-12-31,65.8,0
daimler truck north america,IN,31.0,80.0,closure,closure,,2024-06-17,2024-12-31,,2024-12-31,65.84,0
proterra powered,SC,33.0,7.0,layoff,layoff,,2025-03-10,2025-03-10,,2025-03-10,65.61,0
enrollease,NE,54.0,17.0,layoff,layoff,,2023-05-01,,,2023-05-01,65.6,0
city national bank,CA,52.0,5.0,layoff permanent,layoff,2025-02-26,2025-02-25,2025-04-22,,2025-04-22,65.63,0
rand,CA,,73.0,layoff permanent,layoff,2025-10-22,2025-10-21,2025-11-02,,2025-11-02,65.82,0
crane food services,CA,42.0,85.0,layoff temporary,layoff,2025-07-25,2025-07-25,2025-09-25,,2025-09-25,65.9,1
triple canopy,CA,32.0,3.0,layoff permanent,layoff,2024-04-22,2024-03-27,2024-05-31,,2024-05-31,65.63,0
the shyft group gtb,CA,33.0,60.0,closure permanent,closure,2023-04-07,2023-03-31,2023-05-31,,2023-05-31,65.72,0
iac strasburg llc 806 east queen street strasburg va 22657,VA,33.0,135.0,layoff,layoff,,2024-02-23,2024-04-26,,2024-04-26,66.07,1
google us mtv cl3,CA,51.0,14.0,layoff permanent,layoff,2024-01-25,2024-01-10,2024-03-10,,2024-03-10,65.63,0
cygnus home service llc abilene,TX,45.0,5.0,layoff,layoff,,,2023-12-15,,2023-12-15,65.64,0
socal pizza holdings,CA,72.0,10.0,layoff permanent,layoff,2024-02-23,2023-12-01,2024-02-05,,2024-02-05,65.63,0
block,SC,51.0,3.0,layoff,layoff,,2024-01-30,2024-03-30,,2024-03-30,65.61,0
penske logistics,IL,48.0,37.0,layoff,layoff,2025-09-05,2025-09-05,2025-11-04,2025-11-04,2025-11-04,65.66,0
wescom financial,CA,52.0,1.0,layoff permanent,layoff,2026-02-19,2026-02-19,2026-04-21,,2026-04-21,65.63,0
blue monde,IA,,69.0,closing,closure,,2024-04-15,2024-05-31,,2024-05-31,65.87,0
wescom financial,CA,52.0,1.0,layoff permanent,layoff,2026-02-19,2026-02-19,2026-04-21,,2026-04-21,65.63,0
volta,RI,,1.0,closure,closure,2024-04-01,2024-03-29,2024-05-31,,2024-05-31,65.53,0
david s bridal,CA,44.0,44.0,layoff permanent,layoff,2023-06-30,2023-04-25,2023-09-02,,2023-09-02,65.63,0
alstom transportation,CA,33.0,2.0,layoff permanent,layoff,2024-12-20,2024-12-20,2025-02-20,,2025-02-20,65.63,0
pharmacann,CO,32.0,132.0,layoff,layoff,,2026-03-20,2026-05-20,2026-05-20,2026-05-20,66.12,1
the brigantine,CA,72.0,64.0,closure permanent,closure,2025-09-04,2025-09-04,2025-11-04,,2025-11-04,65.75,0
mcdonald s restaurants of california,CA,72.0,87.0,closure temporary,closure,2025-07-08,2025-07-08,2025-09-08,,2025-09-08,65.91,1
travel leisure resort development,PA,72.0,124.0,closure,closure,,,2025-12-31,,2025-12-31,66.12,1
paramount global,CA,32.0,1.0,layoff permanent,layoff,2024-05-09,2024-04-26,2024-06-25,,2024-06-25,64.0,0
vertex pharmaceuticals,RI,32.0,125.0,layoff,layoff,2025-06-08,2025-06-06,2025-08-05,,2025-08-05,66.01,1
farmers group inc 6301,CA,52.0,64.0,layoff permanent,layoff,2023-09-28,2023-08-28,2023-10-30,,2023-10-30,65.75,0
billgo,CO,51.0,80.0,change in current business opportunities,other,,2024-01-31,2024-03-31,2024-03-31,2024-03-31,65.86,0
lumentum operations,CA,33.0,5.0,layoff permanent,layoff,2024-03-06,2024-03-06,2024-05-06,,2024-05-06,65.63,0
good sports plus dba arc padilla pace middle school,CA,61.0,7.0,layoff permanent,layoff,2026-04-03,2026-04-02,2026-06-04,,2026-06-04,65.63,0
trm gamma aerospace acquisition,CA,54.0,24.0,closure permanent,closure,2024-07-11,2024-07-11,2024-09-09,,2024-09-09,65.63,0
brink s company the,KY,56.0,2.0,closure,closure,2023-01-11,,2023-03-05,,2023-03-05,65.61,0
rockland trust,MA,52.0,125.0,layoff,layoff,2025-05-12,,2025-07-01,2025-12-31,2025-07-01,66.1,1
verily life sciences,CA,54.0,119.0,layoff permanent,layoff,2023-01-12,2023-01-11,2023-03-12,,2023-03-12,66.08,1
nordstrom north shore,MA,45.0,134.0,layoff,layoff,2025-01-07,,2025-03-08,,2025-03-08,66.14,1
ameri kleen,TN,56.0,80.0,unknown,other,2023-12-19,,2024-02-17,,2024-02-17,65.85,0
jc penney,VA,45.0,74.0,closure,closure,,2026-02-18,2026-05-29,,2026-05-29,65.76,0
meta platforms,CA,51.0,7.0,layoff permanent,layoff,2023-06-23,2023-05-29,2023-07-28,,2023-07-28,65.63,0
agra culture,MN,72.0,1.0,closure,closure,,,2023-08-01,,2023-08-01,65.65,0
shadow holdings llc dba bright innovation labs,CA,,8.0,closure permanent,closure,2024-08-26,2024-08-23,2024-10-25,,2024-10-25,65.63,0
white castle distributing,KY,31.0,58.0,closure,closure,2024-08-13,,2024-11-22,,2024-11-22,65.69,0
kaiser foundation hospitals,CA,62.0,15.0,layoff permanent one kaiser plaza,layoff,2025-01-22,2025-01-21,2025-03-22,,2025-03-22,65.63,0
novartis group,NJ,32.0,53.0,layoff,layoff,,2025-02-21,,,2025-02-21,65.61,0
whole earth brands,AL,31.0,85.0,closure,closure,,2023-03-10,2023-06-30,,2023-06-30,65.86,0
monte nido associates,MD,62.0,31.0,closure,closure,,2023-06-05,2023-06-30,,2023-06-30,65.68,0
becton dickinson and,CA,33.0,111.0,layoff permanent,layoff,2024-01-18,2023-12-12,2023-03-30,,2023-03-30,66.04,1
panera,MO,,72.0,closure,closure,,2025-07-10,2025-09-10,2025-09-12,2025-09-10,65.78,0
southeast service corporation dba ssc services for education,CA,56.0,13.0,layoff permanent,layoff,2025-03-20,2025-03-20,2025-05-31,,2025-05-31,65.63,0
john deere waterloo works,IA,33.0,192.0,mass layoff,mass_layoff,,2024-05-20,2024-06-21,,2024-06-21,66.4,1
arris composites,CA,33.0,62.0,layoff permanent,layoff,2023-01-10,2022-09-07,2022-11-07,,2022-11-07,65.74,0
gep administrative services llc dba entertainment partners,CA,42.0,64.0,layoff permanent,layoff,2025-02-27,2025-02-27,2025-05-02,,2025-05-02,65.75,0
insight foundation of hillside,OH,62.0,143.0,layoff,layoff,2025-03-28,,2025-03-28,,2025-03-28,66.13,1
brown toland physician services organization,CA,62.0,3.0,layoff permanent,layoff,2023-01-27,2022-12-22,2023-01-01,,2023-01-01,65.63,0
nachos mexican grill,MN,,1.0,layoff,layoff,,,2026-01-19,,2026-01-19,65.65,0
urs midwest inc dba united road services,CA,,4.0,closure permanent,closure,2023-09-18,2023-08-09,2023-10-13,,2023-10-13,65.63,0
zeku,CA,51.0,133.0,closure permanent,closure,2023-05-30,2023-05-12,2023-07-31,,2023-07-31,66.13,1
omni,GA,,125.0,closure,closure,,,2024-09-30,,2024-09-30,66.18,1
rr donnelley,CA,32.0,70.0,closure permanent,closure,2026-01-15,2026-01-14,2026-03-31,,2026-03-31,65.8,0
making opportunities count,MA,,8.0,layoff,layoff,2025-05-02,,2025-06-30,,2025-06-30,65.63,0
morgan stanley,NJ,52.0,61.0,layoff,layoff,,2023-08-15,,,2023-08-15,65.69,0
dallasnews,TX,33.0,75.0,layoff,layoff,,,2025-02-01,,2025-02-01,65.86,0
mcgee air services,AZ,48.0,79.0,layoff,layoff,,2025-09-10,,,2025-09-10,65.88,0
at t,CA,51.0,8.0,layoff permanent,layoff,2025-01-23,2025-01-23,2025-03-24,,2025-03-24,65.63,0
intel corporation sc 2,CA,33.0,1.0,layoff permanent,layoff,2025-07-08,2025-07-07,2025-07-15,,2025-07-15,65.63,0
us conference of catholic bishops,DC,81.0,39.0,layoff,layoff,,2025-04-14,2025-05-30,,2025-05-30,65.56,0
bechtel national,KY,23.0,6.0,closure,closure,2024-11-18,,2025-01-16,,2025-01-16,65.61,0
cargill,IA,31.0,29.0,mass layoff,mass_layoff,,2024-12-23,2025-02-05,,2025-02-05,65.7,0
chanhassen brewing,MN,31.0,2.0,closure,closure,,,2025-02-01,,2025-02-01,65.65,0
hunter defense technologies,KY,31.0,94.0,closure,closure,2024-05-29,,2024-07-31,,2024-07-31,65.94,1
applebee s brainerd baxter,MN,72.0,1.0,closure,closure,,,2023-12-31,,2023-12-31,65.65,0
99 cents only store llc conroe,TX,45.0,20.0,layoff,layoff,,,2024-06-03,,2024-06-03,65.64,0
louis vuitton usa,OH,44.0,11.0,closure,closure,2026-03-27,,2026-03-14,,2026-03-14,65.59,0
bad ass coffee,MN,72.0,1.0,closure,closure,,,2024-09-13,,2024-09-13,65.65,0
emanate health system,CA,62.0,4.0,layoff permanent,layoff,2024-10-10,2024-10-10,2024-12-09,,2024-12-09,65.63,0
david s bridal,CA,44.0,34.0,layoff permanent,layoff,2023-06-30,2023-04-25,2023-09-02,,2023-09-02,65.63,0
fr park services,NJ,71.0,93.0,layoff,layoff,,2024-12-12,,,2024-12-12,65.91,1
renesas electronics,CA,33.0,3.0,layoff permanent,layoff,2025-02-04,2025-02-03,2025-03-16,,2025-03-16,65.63,0
ep lamination,TX,31.0,53.0,layoff,layoff,,,2023-05-02,,2023-05-02,65.68,0
freshko produce services,CA,42.0,58.0,closure permanent,closure,2026-02-27,2026-02-27,2026-03-07,,2026-03-07,65.7,0
mattel,CA,33.0,13.0,layoff permanent,layoff,2023-03-27,2023-02-21,2023-04-30,,2023-04-30,65.63,0
linamar structures usa,OH,33.0,106.0,layoff,layoff,2024-02-02,,2024-04-01,2024-08-30,2024-04-01,65.98,1
forgerock,CA,51.0,1.0,layoff permanent,layoff,2023-12-07,2023-11-07,2024-02-29,,2024-02-29,65.63,0
clarion management,CA,56.0,2.0,closure permanent,closure,2025-02-19,2025-02-18,2025-04-20,,2025-04-20,65.63,0
red dragon restaurant,MN,72.0,1.0,closure,closure,,,2024-12-31,,2024-12-31,65.65,0
first wave logistics,MA,48.0,72.0,layoff,layoff,2025-06-25,,2025-06-17,2025-07-15,2025-06-17,65.82,0
planned parenthood mar monte,CA,62.0,3.0,layoff permanent,layoff,2025-07-30,2025-07-24,2025-09-24,,2025-09-24,65.63,0
heartland human care services,IL,62.0,120.0,closing,closure,2026-04-01,2026-04-01,2026-03-31,,2026-03-31,66.12,1
aramark campus,WI,72.0,86.0,layoff,layoff,,2023-06-22,2023-06-30,,2023-06-30,65.92,1
pactiv evergreen,OH,,155.0,layoff,layoff,2023-03-23,,2023-06-09,2023-09-28,2023-06-09,66.18,1
carbon health medical group,CA,62.0,4.0,layoff permanent,layoff,2024-02-21,2024-01-12,2024-03-12,,2024-03-12,65.63,0
sodexo live,TN,72.0,92.0,unknown,other,2024-05-02,,2024-06-30,,2024-06-30,65.93,1
shadow holdings llc dba bright innovation labs,CA,,60.0,closure permanent,closure,2024-03-15,2024-03-04,2024-05-17,,2024-05-17,65.72,0
pacific premier bank,CA,52.0,78.0,layoff permanent,layoff,2025-06-25,2025-06-24,2025-08-01,,2025-08-01,65.86,0
revol greens,CA,11.0,100.0,layoff permanent,layoff,2024-04-25,2024-04-19,2024-06-18,,2024-06-18,65.99,1
brookdale senior living brookdale lake view,IL,62.0,117.0,closing,closure,2025-09-19,2025-09-19,2025-11-17,,2025-11-17,66.11,1
decorative panels international,OH,32.0,76.0,layoff,layoff,2024-02-22,,2024-05-31,,2024-05-31,65.81,0
saputo cheese usa,WI,31.0,187.0,closure,closure,,2023-11-09,2023-11-11,,2023-11-11,66.32,1
pacpizza dba pizza hut 011761,CA,,7.0,layoff permanent,layoff,2024-01-24,2023-12-14,2024-02-17,,2024-02-17,65.63,0
equus workforce solutions greenville ave arbor e t,TX,56.0,10.0,layoff,layoff,,,2025-09-30,,2025-09-30,65.64,0
sunshine minting,ID,,72.0,layoff,layoff,,2025-06-26,2025-07-02,,2025-07-02,65.85,0
mattel,CA,33.0,65.0,layoff permanent,layoff,2026-03-24,2026-03-23,2026-05-22,,2026-05-22,65.76,0
intel corporation sc 12,CA,33.0,179.0,layoff permanent,layoff,2025-07-08,2025-07-07,2025-07-15,,2025-07-15,66.29,1
google 242,CA,51.0,20.0,layoff permanent,layoff,2025-09-30,2025-09-29,2025-11-09,,2025-11-09,65.63,0
phv,NJ,32.0,59.0,layoff,layoff,,2025-05-01,,,2025-05-01,65.67,0
lost boys interactive,OH,51.0,7.0,layoff,layoff,2024-09-09,,2024-09-09,,2024-09-09,65.59,0
the cheesecake factory,MO,72.0,101.0,closure,closure,,2024-06-25,2024-08-18,,2024-08-18,65.95,1
fujifilm irvine scientific,CA,32.0,18.0,layoff permanent,layoff,2023-10-02,2023-08-02,2023-10-06,,2023-10-06,65.63,0
crothall healthcare,FL,56.0,44.0,layoff,layoff,,2024-12-20,2024-12-15,2024-12-31,2024-12-15,65.62,0
ican b,CA,62.0,3.0,closure permanent,closure,2023-01-03,2022-11-10,2023-01-15,,2023-01-15,65.63,0
amazon lax16,CA,45.0,3.0,layoff permanent,layoff,2025-10-29,2025-10-28,2026-01-26,,2026-01-26,65.63,0
first brands group,IN,33.0,38.0,closure,closure,,2026-02-27,2026-04-30,,2026-04-30,65.59,0
planned parenthood orange and san bernardino counties inc 325,CA,62.0,6.0,layoff permanent,layoff,2025-10-13,2025-10-13,2025-12-13,,2025-12-13,65.63,0
university of southern california keck,CA,62.0,4.0,layoff permanent,layoff,2025-09-15,2025-09-14,2025-10-03,,2025-10-03,65.63,0
hood industries,GA,32.0,105.0,closure,closure,,,2023-11-10,,2023-11-10,66.09,1
cnh industrial america,IA,33.0,7.0,amendement - change in number,other,,2026-02-27,2026-05-29,,2026-05-29,65.7,0
chedraui usa inc dba el super distribution center,CA,42.0,61.0,layoff permanent,layoff,2024-05-17,2024-05-17,2024-07-19,,2024-07-19,65.73,0
pvh,NJ,54.0,13.0,layoff,layoff,,2023-08-01,,,2023-08-01,65.58,0
hmshost located at admirals clubs lounges at los angeles international airport lax,CA,72.0,127.0,closure permanent,closure,2024-01-23,2023-12-15,2024-02-25,,2024-02-25,66.11,1
lutheran services of iowa,IA,62.0,1.0,mass layoff,mass_layoff,,2025-03-03,2025-06-27,,2025-06-27,65.7,0
cnh industrial america,WI,33.0,52.0,layoff,layoff,,2024-09-10,2024-11-14,,2024-11-14,65.66,0
treehouse foods,IA,31.0,48.0,closing,closure,,2025-06-30,2025-09-12,,2025-09-12,65.7,0
athlos academy st cloud,MN,61.0,63.0,closure,closure,,,2025-06-30,,2025-06-30,65.77,0
pacificsource,ID,52.0,42.0,layoff,layoff,2025-10-29,2025-10-24,2025-12-31,,2025-12-31,65.66,0
nuway alliance rochester,MN,62.0,1.0,closure,closure,2025-03-28,2025-03-28,2025-04-30,,2025-04-30,65.65,0
meta platforms,CA,51.0,8.0,layoff permanent,layoff,2023-06-21,2023-05-29,2023-07-28,,2023-07-28,65.63,0
kaiser foundation hospitals,CA,62.0,1.0,layoff permanent,layoff,2024-05-01,2024-04-22,2024-06-21,,2024-06-21,65.63,0
bowery farming,PA,11.0,104.0,layoff,layoff,,,2024-11-01,,2024-11-01,66.03,1
advantest,CA,33.0,88.0,closure permanent,closure,2024-09-16,2024-09-16,2024-11-22,,2024-11-22,65.92,1
silgan plastics,PA,32.0,48.0,closure,closure,,,2024-04-26,,2024-04-26,66.85,1
qg printing ii,IA,51.0,88.0,closing,closure,,2024-10-24,2025-01-10,,2025-01-10,65.99,1
making opportunities count,MA,,11.0,layoff,layoff,2025-05-02,,2025-06-30,,2025-06-30,65.63,0
catholic charities diocese of san diego mg suite b,CA,62.0,11.0,layoff permanent,layoff,2026-01-27,2026-01-27,2026-03-31,,2026-03-31,65.63,0
rivian automotive,CA,33.0,46.0,layoff permanent,layoff,2024-05-07,2024-04-19,2024-06-18,,2024-06-18,65.63,0
gamestop rochester,MN,44.0,1.0,closure,closure,,,2026-01-14,,2026-01-14,65.65,0
computer world services corp cws,KY,54.0,63.0,closure,closure,2024-01-29,,2024-03-29,,2024-03-29,65.73,0
unitypoint health,IA,51.0,97.0,mass layoff,mass_layoff,,2026-04-14,2026-07-24,,2026-07-24,66.04,1
dorel home,OH,33.0,130.0,layoff,layoff,2024-07-08,,2024-07-08,,2024-07-08,66.09,1
cygnus home service,UT,81.0,19.0,layoff,layoff,,2023-12-15,,,2023-12-15,65.66,0
cygnus home service 13100 ramblewood drive chester va 23836,VA,81.0,9.0,closure,closure,,2023-10-25,2023-12-15,,2023-12-15,65.56,0
axiomx inc d b a abcam branford,CT,54.0,32.0,closure,closure,2023-03-25,2023-05-18,2023-06-30,,2023-06-30,65.63,0
centerra,AZ,56.0,129.0,layoff,layoff,,2023-08-11,,,2023-08-11,66.14,1
ups supply chain solutions,AZ,,98.0,layoff,layoff,,2023-02-02,,,2023-02-02,66.0,1
the service companies,NV,56.0,209.0,closure,closure,2024-01-16,2024-01-16,2024-03-16,,2024-03-16,66.43,1
rico corp dba d addario woodwinds,CA,33.0,6.0,layoff permanent,layoff,2024-04-03,2024-04-01,2024-05-31,,2024-05-31,65.63,0
florence immigrant refugee rights project,AZ,81.0,47.0,layoff,layoff,,2025-05-16,,,2025-05-16,65.65,0
carestream health,CO,33.0,25.0,reduction in force,layoff,,2024-04-25,2024-06-28,2024-06-28,2024-06-28,65.62,0
blue shield of california,CA,52.0,16.0,layoff permanent,layoff,2025-04-22,2025-04-21,2025-05-01,,2025-05-01,65.63,0
rb wine associates llc dba rack riddle,CA,,32.0,closure permanent,closure,2026-03-27,2026-03-27,2026-05-29,,2026-05-29,65.63,0
acutus medical,CA,33.0,7.0,layoff permanent,layoff,2023-12-13,2023-11-08,2024-02-06,,2024-02-06,65.63,0
adventist health simi valley,CA,62.0,53.0,layoff permanent,layoff,2024-02-09,2024-02-08,2024-05-08,,2024-05-08,65.66,0
united parcel service ups,OH,33.0,98.0,layoff,layoff,2025-05-02,,2025-07-01,,2025-07-01,65.94,1
s s activewear,PA,42.0,218.0,closure,closure,,,2025-04-09,2025-10-15,2025-04-09,66.42,1
david s bridal,CA,44.0,29.0,layoff permanent,layoff,2023-07-03,2023-04-25,2023-09-02,,2023-09-02,65.63,0
sharp healthcare 7901,CA,,62.0,layoff permanent,layoff,2025-07-01,2025-06-30,2025-09-02,,2025-09-02,65.74,0
heibar installation,CO,23.0,74.0,reduction in force,layoff,,2025-12-02,2026-01-30,2026-01-31,2026-01-30,65.82,0
averitt express,AL,54.0,193.0,layoff,layoff,,2025-10-23,2025-12-31,,2025-12-31,66.29,1
the boeing,AL,33.0,71.0,layoff,layoff,,2025-02-18,2025-04-18,,2025-04-18,65.77,0
shell recharge solutions,AZ,,2.0,layoff,layoff,,2026-01-29,,,2026-01-29,65.65,0
adventist health simi valley,CA,62.0,10.0,layoff permanent,layoff,2024-10-09,2024-09-27,2024-09-27,,2024-09-27,65.63,0
essendant,NJ,42.0,171.0,layoff,layoff,,2025-12-01,,,2025-12-01,66.22,1
pulau corporation 820,CA,54.0,25.0,layoff permanent building,layoff,2025-04-25,2025-04-25,2025-06-30,,2025-06-30,65.63,0
pvh,NJ,54.0,56.0,layoff,layoff,,2023-10-01,,,2023-10-01,65.64,0
silgan containers,IL,33.0,70.0,layoff,layoff,2023-10-02,2023-10-02,2023-12-02,,2023-12-02,65.84,0
crown castle usa,GA,51.0,81.0,permanent layoff / reduction in force,layoff,,,2023-10-24,,2023-10-24,65.96,1
heights university hospital,NJ,62.0,206.0,layoff,layoff,,2025-10-25,,,2025-10-25,66.32,1
p f chang s china bistro inc edina,MN,72.0,35.0,closure,closure,,,2023-04-01,,2023-04-01,65.65,0
fpi management inc 1110,CA,53.0,39.0,layoff permanent,layoff,2025-10-01,2025-09-30,2025-11-30,,2025-11-30,65.63,0
new penn motor express,CO,,48.0,layoff,layoff,,2023-07-30,2023-07-30,,2023-07-30,66.82,1
hii mission technologies alion technology 5360 robinhood road suite 300 norfolk va 23513,VA,54.0,157.0,layoff,layoff,,2023-09-12,2023-09-29,,2023-09-29,66.15,1
the abundant kitchen,MN,44.0,1.0,closure,closure,,,2025-02-22,,2025-02-22,65.65,0
blue shield of california,CA,52.0,2.0,layoff permanent,layoff,2026-03-16,2026-03-13,2026-04-08,,2026-04-08,65.63,0
snap,CA,51.0,122.0,layoff permanent,layoff,2024-02-05,2024-02-05,2024-02-06,,2024-02-06,66.09,1
company 3 method,CA,51.0,19.0,layoff temporary,layoff,2023-09-13,2023-08-04,2023-10-01,,2023-10-01,65.63,0
the sheraton arlington hotel urbana varro hospitality management,TX,72.0,110.0,layoff,layoff,,,2026-02-15,,2026-02-15,66.06,1
automatic data processing,NJ,11.0,93.0,layoff,layoff,,2024-09-10,,,2024-09-10,65.91,1
finnegans taproom,MN,72.0,8.0,closure,closure,,,2024-08-31,,2024-08-31,65.65,0
nbcuniversal media and nbc sports chicago,IL,51.0,130.0,closing,closure,2024-07-31,2024-07-31,2024-09-30,2024-12-31,2024-09-30,66.16,1
vintage wine estates,CA,31.0,37.0,closure permanent,closure,2024-07-24,2024-07-24,2024-09-27,,2024-09-27,65.63,0
san miguel produce,CA,11.0,127.0,closure permanent,closure,2024-05-07,2024-04-26,2024-06-28,,2024-06-28,66.11,1
jcpenney maple grove 2024,MN,45.0,1.0,closure,closure,,,2024-08-01,,2024-08-01,65.65,0
mac s bar and grill in mountain iron mountain,MN,72.0,1.0,closure,closure,,,2024-01-01,,2024-01-01,65.65,0
kpr us,SC,,19.0,closure,closure,,2026-03-10,2026-05-15,,2026-05-15,65.61,0
associated wholesale grocers,MS,42.0,70.0,closure,closure,,2023-07-25,2023-09-14,,2023-09-14,65.75,0
the camden collective,MN,72.0,1.0,closure,closure,,,2024-06-29,,2024-06-29,65.65,0
applied materials inc remote,CA,33.0,15.0,layoff permanent,layoff,2025-10-24,2025-10-23,2025-12-23,,2025-12-23,65.63,0
indian health center of santa clara valley,CA,62.0,21.0,closure permanent,closure,2025-10-03,2025-10-01,2025-12-31,,2025-12-31,65.63,0
bloom energy,CA,33.0,1.0,layoff permanent,layoff,2023-12-04,2023-10-28,2023-10-28,,2023-10-28,65.63,0
target,CA,45.0,69.0,closure permanent,closure,2023-11-09,2023-09-26,2023-12-30,,2023-12-30,65.79,0
leisure care llc d b a the landing of silver spring,MD,62.0,75.0,closure,closure,,2023-10-03,2023-12-02,,2023-12-02,65.89,0
ardent mills,CA,31.0,28.0,closure permanent,closure,2025-04-01,2025-04-01,2025-06-02,,2025-06-02,65.63,0
trego dugan aviation of grand island,CA,48.0,10.0,layoff permanent,layoff,2024-06-24,2024-06-21,2024-08-26,,2024-08-26,65.63,0
vimo inc dba,FL,54.0,5.0,layoff,layoff,,2024-12-20,2025-02-19,2025-02-19,2025-02-19,65.62,0
dwf wholesale florists of milwaukee,WI,42.0,8.0,closure,closure,,2024-02-27,2024-03-08,,2024-03-08,65.64,0
meta platforms,CA,51.0,17.0,layoff permanent,layoff,2023-06-26,2023-05-29,2023-07-28,,2023-07-28,65.63,0
eddie bauer,NJ,44.0,58.0,layoff,layoff,,2026-02-02,,,2026-02-02,65.66,0
amazon,CA,45.0,87.0,layoff permanent,layoff,2026-01-30,2026-01-29,2026-04-28,,2026-04-28,65.91,1
diversified maintenance,NC,56.0,55.0,layoff,layoff,2023-06-21,2023-06-07,2023-06-30,,2023-06-30,65.66,0
das companies,PA,33.0,100.0,layoff,layoff,,,2024-12-31,,2024-12-31,66.01,1
apl logistics,IL,48.0,100.0,closing,closure,2025-12-02,2025-12-02,2026-02-28,2026-02-28,2026-02-28,66.02,1
first quality retail services,PA,45.0,18.0,layoff,layoff,,,2023-06-02,,2023-06-02,65.65,0
twenty twenty custom molded plastics,IN,32.0,93.0,layoff,layoff,,2023-11-02,2023-11-04,,2023-11-04,65.92,1
american snuff,TN,31.0,132.0,unknown,other,2023-02-09,,2023-12-01,,2023-12-01,66.12,1
allied plastics,WI,32.0,132.0,layoff,layoff,,2024-12-12,2024-12-21,,2024-12-21,66.14,1
david s bridal,GA,44.0,24.0,permanent layoff / reduction in force,layoff,,,2023-04-14,,2023-04-14,65.71,0
kohl s,MA,45.0,77.0,layoff,layoff,2024-12-04,,2025-02-07,,2025-02-07,65.85,0
safeway inc store 1038,CO,,65.0,closure,closure,,2025-09-09,2025-11-07,2025-11-07,2025-11-07,65.75,0
boise cascade elgin plywood mill,OR,32.0,1.0,other,other,,2023-08-18,,,2023-08-18,65.69,0
broadcom vmware,MA,51.0,150.0,layoff,layoff,2023-11-27,,2024-01-26,,2024-01-26,66.2,1
yrc inc d b a yrc freight,MD,48.0,98.0,closure,closure,,2023-08-01,2023-07-30,,2023-07-30,66.03,1
centerra group,CA,62.0,10.0,layoff permanent,layoff,2023-11-13,2023-08-10,2023-09-30,,2023-09-30,65.63,0
sensience,OH,,42.0,layoff,layoff,2023-03-23,,2023-06-15,2023-12-30,2023-06-15,65.59,0
enhanced resource centers,FL,56.0,164.0,layoff,layoff,,2023-09-15,2023-11-15,2023-12-15,2023-11-15,66.24,1
corteva agriscience,CA,11.0,3.0,closure permanent,closure,2026-02-18,2026-02-18,2026-04-24,,2026-04-24,65.63,0
amazon san 15,CA,45.0,1.0,layoff permanent,layoff,2026-01-30,2026-01-29,2026-04-28,,2026-04-28,65.63,0
david s bridal,CA,44.0,27.0,layoff permanent,layoff,2023-07-05,2023-04-25,2023-09-02,,2023-09-02,65.63,0
campbells snacks,CT,31.0,154.0,layoff,layoff,2023-07-14,2023-07-14,2023-09-15,2023-12-01,2023-09-15,66.21,1
packers sanitation services,KY,56.0,79.0,layoff,layoff,2024-03-12,,2024-03-15,,2024-03-15,65.85,0
ballast point brewing company little italy location,CA,72.0,8.0,closure permanent,closure,2025-10-08,2025-10-08,2025-12-15,,2025-12-15,65.63,0
pennymac,CA,52.0,51.0,layoff permanent,layoff,2023-12-29,2023-11-15,2024-01-16,,2024-01-16,65.64,0
hti tech,MN,,30.0,layoff,layoff,2023-03-07,2023-03-07,2023-05-05,,2023-05-05,65.65,0
wells fargo,FL,52.0,1.0,layoff,layoff,,2023-08-08,2023-08-08,2023-10-06,2023-08-08,65.62,0
bernatellos pizza maple,MN,31.0,35.0,layoff,layoff,,,2025-07-04,,2025-07-04,65.65,0
intel,CA,33.0,89.0,layoff permanent,layoff,2023-08-14,2023-06-29,2023-08-31,,2023-08-31,65.93,1
aspira inc of illinois,IL,61.0,57.0,closing,closure,2026-03-06,2026-03-06,2026-04-03,,2026-04-03,65.73,0
alstom mass transit,CA,33.0,10.0,layoff permanent,layoff,2023-05-12,2023-04-25,2023-06-25,,2023-06-25,65.63,0
wieden kennedy,OR,54.0,87.0,layoff,layoff,,2024-03-05,,,2024-03-05,65.97,1
big lots,VT,45.0,74.0,layoff,layoff,,2024-07-30,,,2024-07-30,65.72,0
pva medical center,TX,31.0,10.0,layoff,layoff,,,2023-12-04,,2023-12-04,65.64,0
ngm biopharmaceuticals,CA,54.0,75.0,layoff permanent,layoff,2023-04-12,2023-04-04,2023-06-05,,2023-06-05,65.84,0
phillips 66,CA,21.0,82.0,closure permanent,closure,2026-02-02,2026-02-02,2026-04-03,,2026-04-03,65.88,0
topa insurance group and topa insurance,CA,52.0,87.0,layoff permanent,layoff,2023-04-04,2023-03-22,2023-05-23,,2023-05-23,65.91,1
insight behavioral consulting,OH,54.0,92.0,layoff,layoff,2025-06-04,,2025-06-04,2025-06-06,2025-06-04,65.9,1
quality built,ID,,1.0,layoff,layoff,,2025-07-07,2025-07-03,,2025-07-03,65.66,0
carbon health,CA,62.0,1.0,layoff permanent,layoff,2023-10-16,2023-08-10,2023-10-09,,2023-10-09,65.63,0
innodata services,FL,51.0,1.0,layoff,layoff,,2026-02-03,2026-02-06,2026-03-13,2026-02-06,65.62,0
first savings bank,OH,52.0,9.0,layoff,layoff,2023-09-29,,2023-11-30,,2023-11-30,65.59,0
flagship facility services,CA,56.0,17.0,layoff permanent,layoff,2023-04-10,2023-03-31,2023-05-30,,2023-05-30,65.63,0
crst expedited,CA,48.0,12.0,closure permanent,closure,2025-11-20,2025-11-20,2026-01-19,,2026-01-19,65.63,0
pirch,CA,44.0,67.0,layoff permanent,layoff,2024-04-30,2024-04-04,2024-04-04,,2024-04-04,65.78,0
chargepoint,CA,33.0,116.0,layoff permanent,layoff,2024-01-26,2024-01-10,2024-03-11,,2024-03-11,66.06,1
google us mtv 2000,CA,51.0,28.0,layoff permanent,layoff,2024-01-25,2024-01-10,2024-03-10,,2024-03-10,65.63,0
t roc,AL,54.0,162.0,layoff,layoff,,2024-05-06,2024-05-31,,2024-05-31,66.2,1
workforce enterprises,CA,56.0,93.0,closure permanent,closure,2024-02-22,2024-02-13,2024-04-15,,2024-04-15,65.95,1
encino energy,TX,21.0,121.0,layoff,layoff,,,2025-08-17,,2025-08-17,66.11,1
continuus materials,IA,32.0,32.0,closing,closure,,2024-10-22,2024-11-01,,2024-11-01,65.7,0
mccann,MI,54.0,60.0,layoff,layoff,,,2025-04-05,,2025-04-05,65.65,0
spartannash,MD,,141.0,closure,closure,,2024-07-16,2024-09-30,,2024-09-30,66.22,1
biomarin pharmaceutical,CA,32.0,57.0,layoff permanent,layoff,2024-05-14,2024-05-14,2024-07-13,,2024-07-13,65.69,0
monte nido affiliates,CA,62.0,6.0,closure permanent,closure,2023-07-10,2023-06-13,2023-06-30,,2023-06-30,65.63,0
cue health,CA,33.0,62.0,layoff permanent,layoff,2023-05-17,2023-04-28,2023-06-27,,2023-06-27,65.74,0
blue shield of california,CA,52.0,16.0,layoff permanent,layoff,2023-12-29,2023-11-27,2024-01-31,,2024-01-31,65.63,0
leah s pantry,CA,72.0,40.0,layoff permanent,layoff,2025-07-17,2025-07-16,2025-09-30,,2025-09-30,65.63,0
buck mason,CA,44.0,2.0,closure permanent,closure,2025-08-13,2025-08-12,2025-08-31,,2025-08-31,65.63,0
boston center for recovery llc dba psyclarity health ma,MA,62.0,40.0,layoff,layoff,2024-12-19,,2024-12-20,,2024-12-20,65.63,0
charter communications,WI,51.0,173.0,layoff,layoff,,2024-01-29,2024-03-28,,2024-03-28,66.28,1
kaiser foundation hospitals 1850,CA,62.0,2.0,layoff permanent,layoff,2025-08-25,2025-08-25,2025-08-25,,2025-08-25,65.63,0
accenture,NE,54.0,85.0,layoff,layoff,,2025-05-14,,,2025-05-14,65.87,0
texas de brazil,CA,72.0,35.0,closure permanent,closure,2024-10-03,2024-10-02,2024-11-29,,2024-11-29,65.63,0
kaiser foundation hospitals,CA,62.0,26.0,layoff permanent,layoff,2023-12-12,2023-11-06,2024-01-04,,2024-01-04,65.63,0
advance stores company incorporated and its subsidiary golden state supply,CA,44.0,10.0,closure permanent,closure,2024-11-15,2024-11-14,2025-03-05,,2025-03-05,65.63,0
optum,CA,62.0,1.0,closure permanent,closure,2024-07-18,2024-07-18,2024-09-16,,2024-09-16,65.63,0
equus workforce solutions houston opertions westheimer rd arbor e t,TX,56.0,28.0,layoff,layoff,,,2025-09-30,,2025-09-30,65.64,0
dreyer s grand ice cream,CA,31.0,188.0,layoff temporary,layoff,2024-09-27,2024-09-26,2024-11-25,,2024-11-25,66.32,1
gary leo s fresh foods,MT,44.0,164.0,layoff,layoff,,2025-04-03,2025-05-22,2025-06-05,2025-05-22,66.14,1
covenant aviation security hobby airport,TX,56.0,39.0,layoff,layoff,,,2023-12-06,,2023-12-06,65.64,0
falastin deli,MN,72.0,1.0,closure,closure,,,2025-05-10,,2025-05-10,65.65,0
credit union national association dba america s credit union corrected,WI,52.0,38.0,layoff,layoff,,2024-01-13,2024-03-15,,2024-03-15,65.64,0
clarion management,CA,56.0,1.0,closure permanent,closure,2025-02-19,2025-02-18,2025-04-20,,2025-04-20,65.63,0
pentair water pool and spa,CA,33.0,62.0,closure permanent,closure,2023-02-07,2023-02-02,2023-05-31,,2023-05-31,65.74,0
acme,NJ,44.0,71.0,layoff,layoff,,2026-02-07,,,2026-02-07,65.77,0
shake shack enterprises,CA,,20.0,closure permanent,closure,2024-08-27,2024-08-26,2024-08-27,,2024-08-27,65.63,0
amp printing mailing address,CA,32.0,35.0,closure permanent,closure,2023-07-25,2023-06-07,2023-08-06,,2023-08-06,65.63,0
transform sr,IL,,59.0,closing,closure,2025-10-01,2025-10-01,2025-11-30,,2025-11-30,65.75,0
carbon health,CA,62.0,1.0,layoff permanent,layoff,2023-10-16,2023-08-10,2023-10-09,,2023-10-09,65.63,0
fresno economic opportunities commission 3257 e shields ave,CA,62.0,12.0,layoff temporary,layoff,2025-11-03,2025-10-31,2026-01-01,,2026-01-01,65.63,0
wit logistics,IN,48.0,65.0,closure,closure,,2026-03-13,2026-05-31,,2026-05-31,65.73,0
pirch,CA,44.0,9.0,layoff permanent,layoff,2024-04-30,2024-04-04,2024-04-04,,2024-04-04,65.63,0
aramark campus llc at new braunfels isd,TX,72.0,59.0,layoff,layoff,,,2023-06-30,,2023-06-30,65.73,0
science systems and applications inc ssai 10210 greenbelt road ste 600 lanham md 20706,VA,54.0,199.0,layoff,layoff,,2023-04-26,2023-05-31,,2023-05-31,66.28,1
icf international inc through its subsidiaries icf incorporated llc icf macro,MD,54.0,41.0,layoff,layoff,,2025-03-12,2025-03-04,,2025-03-04,65.68,0
lund motion products,CA,33.0,117.0,layoff permanent,layoff,2024-02-01,2024-01-22,2024-03-28,,2024-03-28,66.07,1
too faced cosmetics,CA,32.0,22.0,layoff permanent,layoff,2023-06-28,2023-06-05,2023-08-15,,2023-08-15,65.63,0
unity technologies austin,TX,51.0,92.0,layoff,layoff,,,2024-01-09,,2024-01-09,65.96,1
freudenberg battery power systems,MI,33.0,107.0,closure,closure,,,2025-12-29,,2025-12-29,65.95,1
nfi interactive logistics,PA,49.0,124.0,closure,closure,,,2023-06-30,,2023-06-30,66.12,1
intel corporation sc 9,CA,33.0,37.0,layoff permanent,layoff,2025-07-08,2025-07-07,2025-07-15,,2025-07-15,65.63,0
university of southern california,CA,62.0,2.0,layoff permanent,layoff,2025-10-20,2025-10-17,2025-10-08,,2025-10-08,65.63,0
abs global,WI,11.0,36.0,layoff,layoff,,2024-02-19,2024-04-19,,2024-04-19,65.64,0
the hain celestial group,CA,31.0,60.0,closure permanent,closure,2024-05-10,2024-04-30,2024-06-29,,2024-06-29,65.72,0
aspen sports snowmass mall,CO,45.0,13.0,layoff,layoff,,2023-02-27,,,2023-02-27,65.62,0
meta platforms,CA,51.0,1.0,layoff permanent,layoff,2023-06-26,2023-05-29,2023-07-28,,2023-07-28,65.63,0
treehouse foods,IL,31.0,80.0,closing,closure,2025-07-31,2025-07-31,2025-09-29,2025-10-31,2025-09-29,65.91,1
lakeside book,RI,32.0,48.0,closure,closure,2024-02-27,2024-02-27,2024-11-15,,2024-11-15,65.53,0
barragan family diabetes center,CA,62.0,10.0,closure permanent,closure,2023-01-23,2022-12-19,2023-02-18,,2023-02-18,65.63,0
polyfoam llc d b a altor solutions,MA,32.0,83.0,layoff,layoff,2025-04-11,,2025-06-09,,2025-06-09,65.89,0
rebel restaurants inc dba tony c s and temazcal,MA,72.0,84.0,layoff,layoff,2025-12-08,,2026-01-31,,2026-01-31,65.9,1
good sports plus dba arc myron d witter elementary school,CA,61.0,15.0,layoff permanent,layoff,2026-04-03,2026-04-02,2026-06-04,,2026-06-04,65.63,0
motional ad,PA,54.0,145.0,layoff,layoff,,,2024-07-06,2024-09-01,2024-07-06,66.21,1
sunrun 19th ave phoenix,AZ,,75.0,layoff,layoff,,2023-06-30,,,2023-06-30,65.86,0
sony pictures entertainment,CA,51.0,7.0,layoff permanent,layoff,2026-04-09,2026-04-08,2026-06-12,,2026-06-12,65.63,0
ebay,CA,45.0,15.0,layoff permanent,layoff,2023-02-21,2023-02-07,2023-02-07,,2023-02-07,65.63,0
vimo inc dba,FL,54.0,2.0,layoff,layoff,,2024-12-20,2025-02-19,2025-02-19,2025-02-19,65.62,0
hollingsworth,TX,48.0,153.0,layoff,layoff,,,2024-03-31,,2024-03-31,66.0,1
di overnite llc di express llc dba deliver it,CA,48.0,29.0,closure permanent,closure,2024-01-30,2024-01-12,2024-03-15,,2024-03-15,65.63,0
huge improv theater,MN,71.0,20.0,closure,closure,,,2024-10-31,,2024-10-31,65.65,0
association member benefits advisor,IA,52.0,1.0,amendment,amendment,,2023-04-20,2023-06-02,,2023-06-02,65.7,0
john deere des moines works,IA,33.0,72.0,mass layoff,mass_layoff,,2025-02-21,2025-04-28,,2025-04-28,65.89,0
general atomics aeronautical systems,CA,33.0,117.0,layoff permanent,layoff,2023-04-21,2023-04-04,2023-06-05,,2023-06-05,66.07,1
maersk warehousing distribution services usa,CA,49.0,75.0,layoff permanent,layoff,2025-03-05,2025-02-28,2025-04-30,,2025-04-30,65.84,0
meta platforms,CA,51.0,40.0,layoff permanent,layoff,2023-05-04,2023-04-24,2023-06-23,,2023-06-23,65.63,0
triple canopy,CA,32.0,3.0,layoff permanent,layoff,2024-04-22,2024-03-27,2024-05-31,,2024-05-31,65.63,0
walmart,GA,,92.0,closure,closure,,,2024-09-20,,2024-09-20,66.02,1
advanced pro services,GA,56.0,65.0,permanent layoff / reduction in force,layoff,,,2024-09-02,,2024-09-02,65.84,0
lifetime brands,NJ,33.0,140.0,layoff,layoff,,2026-04-10,,,2026-04-10,66.12,1
elme support services,MD,56.0,22.0,layoff,layoff,,2025-09-08,2025-11-07,,2025-11-07,65.68,0
wells fargo,IA,52.0,8.0,mass layoff,mass_layoff,,2023-08-08,2023-08-08,,2023-08-08,65.7,0
triple canopy,CA,32.0,1.0,layoff permanent,layoff,2024-04-22,2024-03-27,2024-05-31,,2024-05-31,65.63,0
hyzon motors usa,IL,33.0,123.0,closing,closure,2024-12-20,2024-12-20,2025-02-18,,2025-02-18,66.13,1
careismatic brands,TX,31.0,202.0,layoff,layoff,,,2024-05-31,,2024-05-31,66.37,1
freedom house,DC,62.0,76.0,layoff,layoff,,2025-02-14,2025-04-15,,2025-04-15,65.78,0
arway uniform and linen rentals,PA,81.0,85.0,closure,closure,,,2025-02-02,,2025-02-02,65.93,1
cue health moda south,CA,33.0,81.0,layoff permanent,layoff,2023-01-10,2023-01-05,2023-03-07,,2023-03-07,65.88,0
luke holding,AZ,,34.0,layoff,layoff,,2025-02-28,,,2025-02-28,65.65,0
mannington mills,GA,32.0,61.0,closure,closure,,,2025-12-27,,2025-12-27,65.81,0
courier post,NJ,51.0,139.0,layoff,layoff,,2024-06-23,,,2024-06-23,66.12,1
dr squatch,CA,32.0,50.0,layoff permanent,layoff,2023-02-06,2023-01-27,2023-04-01,,2023-04-01,65.63,0
eddie v s,IL,72.0,59.0,closing,closure,2023-11-14,2023-11-14,2024-01-15,,2024-01-15,65.75,0
morrison healthcare los alamitos medical center,CA,62.0,32.0,layoff permanent,layoff,2025-06-17,2025-06-10,2025-07-28,,2025-07-28,65.63,0
fresno economic opportunities commission 1240 e washington,CA,62.0,14.0,layoff temporary,layoff,2025-11-03,2025-10-31,2026-01-01,,2026-01-01,65.63,0
viasat,CA,51.0,4.0,layoff permanent,layoff,2024-02-05,2024-02-01,2024-03-31,,2024-03-31,65.63,0
uniqure,MA,54.0,32.0,layoff,layoff,2024-07-01,,2024-07-01,,2024-07-01,65.63,0
fresno economic opportunities commission 1189 martin st,CA,62.0,2.0,layoff temporary,layoff,2025-11-03,2025-10-31,2026-01-01,,2026-01-01,65.63,0
wells fargo,CA,52.0,8.0,layoff permanent,layoff,2023-05-22,2023-05-02,2023-05-02,,2023-05-02,65.63,0
liberty dental plan,GA,52.0,1.0,permanent layoff / reduction in force,layoff,,,2026-04-06,,2026-04-06,65.71,0
carbon health,CA,62.0,4.0,layoff permanent,layoff,2023-10-16,2023-08-10,2023-10-09,,2023-10-09,65.63,0
first transit,CA,48.0,181.0,layoff permanent,layoff,2023-04-21,2023-04-04,2023-06-10,,2023-06-10,66.3,1
home ec inc dba connect homes,CA,23.0,75.0,closure permanent,closure,2024-02-02,2024-01-31,2024-03-31,,2024-03-31,65.84,0
discoverfresh foods,SC,42.0,7.0,layoff,layoff,,2024-08-01,2024-08-01,,2024-08-01,65.61,0
amazon warehouse shakopee,MN,45.0,71.0,closure,closure,2023-01-30,2023-01-30,2023-03-31,,2023-03-31,65.84,0
science systems and applications inc ssai,MD,54.0,148.0,layoff,layoff,,2025-02-11,2025-04-08,,2025-04-08,66.25,1
the giant,PA,44.0,104.0,closure,closure,,,2026-03-13,,2026-03-13,66.03,1
walgreens,CA,,22.0,closure permanent,closure,2025-01-31,2025-01-31,2025-03-26,,2025-03-26,65.63,0
hi flora mpls,MN,72.0,1.0,closure,closure,,,2024-12-05,,2024-12-05,65.65,0
southern pacpizza dba pizza hut 029211,CA,72.0,7.0,layoff permanent,layoff,2024-01-24,2023-12-14,2024-02-19,,2024-02-19,65.63,0
watermark services iv,CA,62.0,52.0,layoff permanent,layoff,2024-05-23,2024-05-23,2024-06-14,,2024-06-14,65.65,0
kaleo,OH,,5.0,layoff,layoff,2024-09-30,,2024-11-30,,2024-11-30,65.59,0
kaiser foundation hospitals,CA,62.0,2.0,layoff permanent,layoff,2025-02-25,2025-02-24,2025-04-25,,2025-04-25,65.63,0
sunpower,CA,,81.0,closure permanent,closure,2024-05-01,2024-04-24,2024-06-24,,2024-06-24,65.88,0
optum,CA,62.0,28.0,closure permanent,closure,2024-07-18,2024-07-18,2024-09-16,,2024-09-16,65.63,0
the charleston senior community,MD,62.0,74.0,closure,closure,,2025-12-17,2026-02-14,,2026-02-14,65.89,0
ag mart produce,FL,11.0,104.0,layoff,layoff,,2023-07-18,2023-05-03,2024-02-29,2023-05-03,66.0,1
cue health,CA,33.0,1.0,layoff permanent nancy ridge,layoff,2024-01-26,2024-01-04,2024-03-05,,2024-03-05,65.63,0
prudential financial,NJ,52.0,46.0,layoff,layoff,,2023-09-15,,,2023-09-15,65.58,0
spirit airlines iah,TX,48.0,173.0,layoff,layoff,,,2025-12-01,,2025-12-01,66.29,1
nitta gelatin,NC,31.0,68.0,closure,closure,2024-01-26,2024-01-26,2024-03-24,,2024-03-24,65.77,0
sodexo inc and affiliates,WI,72.0,51.0,closure,closure,,2024-05-21,2024-06-30,,2024-06-30,65.65,0
warner music,CA,51.0,56.0,layoff permanent,layoff,2025-08-14,2025-08-14,2025-10-31,,2025-10-31,65.68,0
burger king litchfield,MN,72.0,1.0,closure,closure,,,2023-04-12,,2023-04-12,65.65,0
emergent biosolutions,MD,32.0,20.0,layoff,layoff,,2023-08-08,2023-10-07,,2023-10-07,65.68,0
wellpath,CA,62.0,14.0,closure permanent,closure,2024-05-15,2024-04-29,2024-06-30,,2024-06-30,65.63,0
mauser packaging solutions,WI,32.0,42.0,closure,closure,,2024-05-09,2024-07-27,,2024-07-27,65.64,0
trilogy warehouse partners,MO,33.0,67.0,layoff,layoff,,2026-04-09,2026-06-12,,2026-06-12,65.74,0
optum,CA,62.0,64.0,layoff permanent,layoff,2024-07-18,2024-07-18,2024-09-16,,2024-09-16,65.75,0
sunrun,CA,,15.0,layoff permanent,layoff,2024-01-08,2023-11-14,2024-01-13,,2024-01-13,65.63,0
trademango solutions inc dba article,CA,,24.0,layoff permanent,layoff,2024-11-12,2024-11-12,2025-01-12,,2025-01-12,65.63,0
boardriders wholesale,CA,42.0,2.0,layoff permanent,layoff,2023-02-22,2023-02-01,2023-02-03,,2023-02-03,65.63,0
wescom financial,CA,52.0,15.0,layoff permanent,layoff,2026-02-19,2026-02-19,2026-04-21,,2026-04-21,65.63,0
transaxle llc 2501 route 73 s cinnaminson nj 08077,VA,,10.0,layoff,layoff,,2025-05-16,2025-07-15,,2025-07-15,65.56,0
rgnext,FL,54.0,22.0,layoff,layoff,,2025-10-10,2025-11-30,2025-11-30,2025-11-30,65.62,0
green leaf medicals,PA,42.0,52.0,closure,closure,,,2026-04-18,,2026-04-18,65.67,0
axels mendota,MN,33.0,1.0,closure,closure,,,2024-09-30,,2024-09-30,65.65,0
alpek polyester usa,NC,32.0,90.0,closure,closure,2025-05-29,2025-05-29,2025-07-31,,2025-07-31,65.92,1
mason city clinic p c,IA,62.0,147.0,mass layoff,mass_layoff,,2025-10-29,2025-12-31,,2025-12-31,66.26,1
prevea clinic,WI,,30.0,closure,closure,,2024-01-22,2024-03-22,,2024-03-22,65.64,0
united states cellular,IA,51.0,15.0,amendment - change in date,amendment,,2025-06-11,2025-07-01,,2025-07-01,65.7,0
johnson johnson consumer,PA,32.0,57.0,closure,closure,,,2023-02-28,2023-12-31,2023-02-28,65.72,0
mabel first street health care center,CA,62.0,12.0,closure permanent,closure,2023-01-23,2022-12-19,2023-02-18,,2023-02-18,65.63,0
conrad employer,CA,,47.0,layoff permanent,layoff,2024-09-10,2024-09-10,2024-11-13,,2024-11-13,65.63,0
costar group,GA,51.0,3.0,permanent layoff / reduction in force,layoff,,,2026-01-12,,2026-01-12,65.71,0
oracle america,CA,51.0,1.0,layoff permanent,layoff,2025-10-02,2025-10-01,2025-11-05,,2025-11-05,65.63,0
kaiser foundation hospitals,CA,62.0,2.0,layoff permanent,layoff,2025-02-25,2025-02-24,2025-04-25,,2025-04-25,65.63,0
nbcuniversal bldgs 1280 1320 1360 and 4250,CA,51.0,32.0,layoff permanent,layoff,2025-11-13,2025-10-28,2025-11-28,,2025-11-28,65.63,0
dandelion payments,CA,33.0,64.0,layoff permanent,layoff,2025-08-26,2025-08-26,2025-10-25,,2025-10-25,65.75,0
pittsburgh nursing and rehab center pa,PA,62.0,124.0,closure,closure,,,2024-05-30,2024-07-29,2024-05-30,66.12,1
international paper,CA,32.0,71.0,closure permanent,closure,2025-07-16,2025-07-15,2025-09-13,,2025-09-13,65.81,0
lavo los angeles,CA,72.0,100.0,closure permanent,closure,2025-10-28,2025-10-28,2025-12-31,,2025-12-31,65.99,1
west liberty foods,IA,31.0,39.0,mass layoff,mass_layoff,,2024-04-30,2024-06-03,,2024-06-03,65.7,0
at t 5001,CA,51.0,19.0,layoff permanent,layoff,2024-06-25,2024-06-25,2024-08-24,,2024-08-24,65.63,0
macy s,CA,45.0,77.0,closure permanent,closure,2026-01-12,2026-01-09,2026-03-18,,2026-03-18,65.85,0
burke williams,CA,81.0,110.0,closure temporary,closure,2023-09-27,2023-08-18,2023-08-12,,2023-08-12,66.04,1
pacific racing association dba golden gate fields,CA,71.0,203.0,closure permanent,closure,2024-04-09,2024-04-05,2024-06-09,,2024-06-09,66.36,1
nordson medical 2023,MN,33.0,23.0,closure,closure,,,2023-05-01,,2023-05-01,65.65,0
fulton bank,NJ,52.0,111.0,layoff,layoff,,2024-11-11,,,2024-11-11,66.0,1
dubois logistics,PA,49.0,110.0,closure,closure,,,2026-01-31,2026-02-28,2026-01-31,66.06,1
intel corporation robert noyce building,CA,33.0,45.0,layoff permanent,layoff,2025-12-05,2025-12-03,2025-11-30,,2025-11-30,65.63,0
centerra group,CA,62.0,21.0,layoff permanent,layoff,2023-11-08,2023-08-10,2023-09-30,,2023-09-30,65.63,0
tyson foods,MO,31.0,3.0,closure,closure,,2024-01-10,2024-03-01,,2024-03-01,65.59,0
michaels stores inc dba moskatels,CA,,37.0,closure permanent,closure,2024-11-19,2024-11-18,2025-01-19,,2025-01-19,65.63,0
calpac pizza ii llc dba pizza hut,CA,72.0,6.0,layoff permanent,layoff,2024-01-24,2023-12-14,2024-02-15,,2024-02-15,65.63,0
suburban community hospital,PA,,109.0,layoff,layoff,,,2025-07-05,,2025-07-05,66.06,1
gxo logistics supply chain,GA,49.0,85.0,permanent layoff / reduction in force,layoff,,,2023-12-30,,2023-12-30,65.98,1
nextraq,GA,51.0,39.0,permanent layoff / reduction in force,layoff,,,2025-07-20,,2025-07-20,65.71,0
t hasegawa u s a,CA,31.0,13.0,closure permanent,closure,2023-07-12,2023-06-13,2023-08-15,,2023-08-15,65.63,0
verizon,CA,51.0,54.0,layoff permanent,layoff,2025-11-21,2025-11-20,2026-01-23,,2026-01-23,65.67,0
triple canopy,CA,32.0,1.0,layoff permanent,layoff,2024-04-22,2024-03-27,2024-05-31,,2024-05-31,65.63,0
99 cents only store llc north freeway,TX,45.0,20.0,layoff,layoff,,,2024-06-03,,2024-06-03,65.64,0
fresno economic opportunities commission 745 n first st,CA,62.0,4.0,layoff temporary,layoff,2025-11-03,2025-10-31,2026-01-01,,2026-01-01,65.63,0
google us san inn15255,CA,51.0,26.0,layoff permanent,layoff,2023-01-30,2023-01-20,2023-03-31,,2023-03-31,65.63,0
pirch,CA,44.0,59.0,layoff permanent,layoff,2024-04-30,2024-04-04,2024-04-04,,2024-04-04,65.71,0
biosense webster,CA,33.0,13.0,closure permanent,closure,2024-09-10,2024-09-09,2024-11-21,,2024-11-21,65.63,0
t roc global,SC,,100.0,layoff,layoff,,2024-05-03,2024-05-31,,2024-05-31,65.97,1
john deere waterloo works,IA,33.0,112.0,mass layoff,mass_layoff,,2024-12-03,2025-01-06,,2025-01-06,66.12,1
guitar center,CA,44.0,43.0,closure permanent,closure,2025-01-09,2025-01-08,2025-03-10,,2025-03-10,65.63,0
mv transportation,CA,,20.0,layoff permanent,layoff,2023-09-22,2023-08-03,2023-09-30,,2023-09-30,65.63,0
abm industries,OK,,48.0,layoff,layoff,,2024-01-19,,,2024-01-19,66.78,1
kaiser foundation hospitals,CA,62.0,17.0,layoff permanent,layoff,2025-04-15,2025-04-14,2025-04-14,,2025-04-14,65.63,0
activcare living,CA,62.0,56.0,closure permanent,closure,2025-04-04,2025-04-04,2025-06-04,,2025-06-04,65.68,0
national distribution centers,CA,,1.0,layoff not known at this time,layoff,2024-01-31,2024-01-17,2024-03-22,,2024-03-22,65.63,0
hdr trumbull llc dba st josephs center,CT,62.0,179.0,closure,closure,2025-06-10,2025-06-10,2025-06-10,,2025-06-10,66.29,1
fedex freight,CA,48.0,96.0,closure permanent,closure,2023-06-22,2023-06-06,2023-08-12,,2023-08-12,65.96,1
wkw north american,AL,33.0,140.0,layoff,layoff,,2024-12-13,2025-02-07,,2025-02-07,66.12,1
weis store 291,MD,44.0,52.0,closure,closure,,2026-01-15,2026-03-16,,2026-03-16,65.7,0
6800 unitek learning education group,CA,61.0,2.0,layoff permanent,layoff,2025-05-01,2025-04-30,2025-07-03,,2025-07-03,65.63,0
olympak,MN,32.0,40.0,closure,closure,,,2023-06-01,,2023-06-01,65.65,0
enviva pellets,MS,32.0,30.0,closure,closure,,2025-02-06,2025-02-07,,2025-02-07,65.58,0
medifast,MD,31.0,83.0,mass layoff,mass_layoff,,2023-06-20,2023-08-13,,2023-08-13,65.95,1
five guys operations broadstone marketplace,CA,72.0,16.0,closure permanent,closure,2025-11-07,2025-11-07,2025-11-25,,2025-11-25,65.63,0
california communications access foundation,CA,54.0,15.0,layoff permanent,layoff,2024-05-08,2024-04-29,2024-07-01,,2024-07-01,65.63,0
cygnus home service llc dba yelloh 716 industrial avenue bedford va 24523,VA,45.0,11.0,closure,closure,,2024-09-23,2024-11-22,,2024-11-22,65.56,0
valeo,MS,33.0,20.0,closure,closure,,2023-04-10,2023-04-19,,2023-04-19,65.58,0
norman s nursery,CA,11.0,71.0,layoff permanent,layoff,2025-08-27,2025-08-27,2025-11-03,,2025-11-03,65.81,0
bristol myers squibb bms,NJ,32.0,110.0,layoff,layoff,,2026-02-12,,,2026-02-12,65.99,1
seton northwest hospital,TX,,16.0,layoff,layoff,,,2024-10-01,,2024-10-01,65.64,0
hutchinson manufacturing,MN,33.0,60.0,closure,closure,,,2024-07-10,,2024-07-10,65.75,0
landshark bar grill,TX,72.0,18.0,layoff,layoff,,,2024-08-17,,2024-08-17,65.64,0
legrand av,MN,33.0,70.0,closure,closure,2023-05-31,2023-05-31,2023-09-01,,2023-09-01,65.83,0
linkedin,CA,51.0,60.0,layoff permanent,layoff,2025-05-28,2025-05-27,2025-05-15,,2025-05-15,65.72,0
cnh industrial america,IA,33.0,5.0,amendement - change in number,other,,2026-02-27,2026-12-31,,2026-12-31,65.7,0
sodexo st francis medical center,CO,72.0,48.0,closure,closure,,2024-07-08,2024-08-04,2024-08-04,2024-08-04,65.62,0
yellow trucking yrc freight teamsters local 171 1665 seibel drive ne roanoke va 24012,VA,48.0,24.0,closure,closure,,2023-07-30,2023-07-30,,2023-07-30,65.56,0
nakupuna 251 18th street s arlington va 22202,VA,,103.0,layoff,layoff,,2025-06-09,2025-06-30,,2025-06-30,65.93,1
new options sports,TX,45.0,45.0,layoff,layoff,,,2024-08-26,,2024-08-26,65.64,0
southwest key programs casa norma linda,TX,62.0,3.0,layoff,layoff,,,2025-11-05,,2025-11-05,65.64,0
advance stores company incorporated and its subsidiary golden state supply,CA,44.0,16.0,closure permanent,closure,2024-11-15,2024-11-14,2025-03-09,,2025-03-09,65.63,0
lineage,MD,49.0,37.0,closure,closure,,2025-01-03,2025-03-08,,2025-03-08,65.68,0
google playa 2,CA,51.0,123.0,layoff permanent,layoff,2023-01-23,2023-01-20,2023-03-31,,2023-03-31,66.09,1
vspone dallas,TX,,15.0,layoff,layoff,,,2023-10-26,,2023-10-26,65.64,0
cornerstone building brands,NJ,33.0,72.0,layoff,layoff,,2024-07-18,,,2024-07-18,65.77,0
hcl america,FL,54.0,120.0,layoff,layoff,,2026-03-27,2026-05-26,2027-02-18,2026-05-26,66.08,1
six flags entertainment,CA,71.0,19.0,layoff permanent,layoff,2025-05-22,2025-05-22,2025-07-21,,2025-07-21,65.63,0
momentum for health,CA,62.0,1.0,closure permanent,closure,2023-11-27,2023-10-27,2023-12-31,,2023-12-31,65.63,0
hmshost,AZ,72.0,68.0,layoff,layoff,,2023-11-24,,,2023-11-24,65.81,0
safeway,CA,,18.0,layoff permanent,layoff,2025-01-15,2025-01-14,2025-02-22,,2025-02-22,65.63,0
barton brands of california,CA,31.0,50.0,closure permanent,closure,2023-05-03,2023-04-21,2023-06-08,,2023-06-08,65.63,0
osso vr,OR,62.0,67.0,layoff,layoff,,2024-03-28,,,2024-03-28,64.0,0
kaiser foundation hospitals 90027,CA,62.0,2.0,layoff permanent,layoff,2025-04-23,2025-04-21,2025-04-21,,2025-04-21,65.63,0
lutheran services of iowa,IA,62.0,12.0,mass layoff,mass_layoff,,2024-04-24,2024-05-31,,2024-05-31,65.7,0
compass group,IL,52.0,34.0,closing,closure,2024-12-05,2024-12-05,2025-02-01,2025-02-01,2025-02-01,69.0,1
meta platforms inc formerly facebook,NJ,51.0,114.0,layoff,layoff,,2023-07-21,,,2023-07-21,66.01,1
advance stores company incorporated and its subsidiary golden state supply,CA,44.0,11.0,closure permanent,closure,2024-11-15,2024-11-14,2025-03-08,,2025-03-08,65.63,0
catalent maryland,MD,32.0,5.0,layoff,layoff,,2025-08-20,2025-10-18,,2025-10-18,65.68,0
amazon mab1,CA,45.0,215.0,closure permanent,closure,2026-01-28,2026-01-28,2026-04-28,,2026-04-28,66.39,1
emanate health system,CA,62.0,7.0,layoff permanent,layoff,2024-10-10,2024-10-10,2024-12-09,,2024-12-09,65.63,0
bub s brewing co winona,MN,72.0,12.0,closure,closure,,,2025-08-29,,2025-08-29,65.65,0
cue health nancy ridge ii,CA,33.0,10.0,layoff permanent,layoff,2023-01-10,2023-01-05,2023-03-07,,2023-03-07,65.63,0
hudson,FL,45.0,14.0,layoff,layoff,,2025-10-24,2025-12-28,2026-01-10,2025-12-28,65.62,0
inoac exterior systems,OH,32.0,1.0,closure,closure,2025-04-21,,2025-06-16,,2025-06-16,65.59,0
cnh industrial america,IA,33.0,14.0,amendement - change in number,other,,2026-02-27,2026-04-13,,2026-04-13,65.7,0
pitney bowes inc austin,TX,33.0,12.0,layoff,layoff,,,2024-09-17,,2024-09-17,65.64,0
republic national distributing,CA,42.0,60.0,layoff permanent,layoff,2025-01-08,2025-01-07,2025-03-08,,2025-03-08,65.72,0
oracle america inc at adventist health,CA,51.0,65.0,layoff permanent one adventist health way,layoff,2023-12-13,2023-11-13,2024-01-12,,2024-01-12,65.76,0
kaiser foundation hospitals san francisco,CA,62.0,1.0,layoff permanent,layoff,2025-06-03,2025-06-02,2025-06-02,,2025-06-02,65.63,0
ahmc san gabriel valley medical center lp dba san gabriel valley medical center,CA,62.0,6.0,layoff permanent,layoff,2024-05-01,2024-04-26,2024-06-24,,2024-06-24,65.63,0
flagship facility services inc at meta platforms,CA,56.0,1.0,layoff permanent,layoff,2023-01-10,2023-01-03,2023-03-06,,2023-03-06,65.63,0
texas instruments dfab,TX,33.0,163.0,layoff,layoff,,,2025-12-12,,2025-12-12,66.26,1
meati,CO,31.0,150.0,closure: lack of funding,closure,,2025-03-07,2025-03-06,2025-03-06,2025-03-06,66.19,1
johnstown heights behavioral health,CO,62.0,158.0,closure,closure,,2025-01-30,2025-03-31,2025-03-31,2025-03-31,66.22,1
chipper cash,NV,52.0,1.0,layoff,layoff,2023-01-16,2023-01-16,2023-01-17,,2023-01-17,65.68,0
advance stores company incorporated and its subsidiary golden state supply,CA,44.0,10.0,closure permanent,closure,2024-11-15,2024-11-14,2025-02-26,,2025-02-26,65.63,0
amazon,CA,45.0,2.0,layoff permanent,layoff,2024-01-29,2024-01-10,2024-03-11,,2024-03-11,65.63,0
cygnus home service llc conroe,TX,45.0,9.0,layoff,layoff,,,2023-12-15,,2023-12-15,65.64,0
foundation for california community colleges,CA,61.0,174.0,layoff permanent,layoff,2025-08-28,2025-08-28,2025-10-31,,2025-10-31,66.27,1
the health trust,CA,,23.0,layoff permanent,layoff,2024-04-12,2024-04-01,2024-06-28,,2024-06-28,65.63,0
stachs,CA,54.0,54.0,layoff permanent,layoff,2024-10-22,2024-10-16,2024-12-31,,2024-12-31,65.67,0
cooperative health,SC,62.0,80.0,layoff,layoff,,2025-07-14,2025-09-12,,2025-09-12,65.86,0
meta platforms,CA,51.0,127.0,layoff permanent,layoff,2023-05-08,2023-04-24,2023-06-23,,2023-06-23,66.11,1
emergent biosolutions,MD,32.0,154.0,layoff,layoff,,2024-05-02,2024-07-01,,2024-07-01,66.27,1
goodwill manufacturing,WI,33.0,136.0,closure,closure,,2024-06-04,2024-08-03,,2024-08-03,66.16,1
planned parenthood,MN,62.0,66.0,closure,closure,,,2025-06-12,,2025-06-12,65.8,0
kaiser foundation hospitals one,CA,62.0,2.0,layoff permanent one kaiser plaza,layoff,2023-12-12,2023-11-06,2024-01-04,,2024-01-04,65.63,0
catalent maryland,MD,32.0,2.0,layoff,layoff,,2025-11-06,2026-01-05,,2026-01-05,65.68,0
main street sports group,FL,71.0,20.0,layoff,layoff,,2026-02-13,2026-04-10,2026-04-27,2026-04-10,65.62,0
boyd tunica inc sam s town hotel gambling hall,MS,72.0,177.0,closure,closure,,2025-09-04,2025-10-10,,2025-10-10,66.24,1
sang hai,CA,33.0,56.0,layoff permanent,layoff,2024-07-11,2024-07-10,2024-12-04,,2024-12-04,65.68,0
lodging dynamics hospitality group llc homewood suites,CA,72.0,51.0,layoff permanent,layoff,2026-03-19,2026-03-18,2026-05-20,,2026-05-20,65.64,0
yellow,CA,52.0,29.0,closure permanent,closure,2023-08-18,2023-08-01,2023-07-30,,2023-07-30,69.0,1
nestle usa,NJ,31.0,210.0,layoff,layoff,,2023-11-17,,,2023-11-17,66.33,1
guitar center,CA,44.0,19.0,closure permanent,closure,2025-01-09,2025-01-08,2025-03-10,,2025-03-10,65.63,0
s b engineers and constructors eastman,TX,23.0,43.0,layoff,layoff,,,2025-03-28,,2025-03-28,65.64,0
del monte capitol meat company llc dba allen brothers west coast,CA,31.0,5.0,closure permanent,closure,2024-06-13,2024-06-12,2024-08-11,,2024-08-11,65.63,0
kaiser foundation hospitals,CA,62.0,1.0,layoff permanent,layoff,2025-02-11,2025-02-10,2025-02-10,,2025-02-10,65.63,0
mulherin s pizzeria,PA,,39.0,closure,closure,,,2025-04-16,,2025-04-16,65.65,0
advance stores company incorporated and its subsidiary golden state supply,CA,44.0,8.0,closure permanent,closure,2024-11-15,2024-11-14,2025-03-09,,2025-03-09,65.63,0
gordon laboratories,CA,32.0,62.0,closure permanent,closure,2023-03-08,2023-02-24,2023-04-24,,2023-04-24,65.74,0
advance stores company incorporated and its subsidiary golden state supply,CA,44.0,171.0,closure permanent,closure,2024-11-14,2024-11-14,2025-02-15,,2025-02-15,66.27,1
cushman wakefield,CA,53.0,6.0,layoff permanent,layoff,2025-06-26,2025-06-25,2025-08-28,,2025-08-28,65.63,0
david s bridal llc north dallas,TX,44.0,33.0,layoff,layoff,,,2023-07-17,,2023-07-17,65.64,0
judco manufacturing,CA,33.0,53.0,closure permanent,closure,2025-10-20,2025-10-17,2025-12-16,,2025-12-16,65.66,0
google us svl crsm1225,CA,51.0,18.0,layoff permanent,layoff,2024-05-01,2024-04-24,2024-06-15,,2024-06-15,65.63,0
becton dickinson and,CA,33.0,2.0,layoff permanent,layoff,2023-11-30,2023-10-04,2023-10-27,,2023-10-27,65.63,0
hub unitek learning education group,CA,61.0,29.0,layoff permanent,layoff,2025-05-01,2025-04-30,2025-07-03,,2025-07-03,65.63,0
rico corp dba d addario woodwinds,CA,33.0,4.0,layoff permanent,layoff,2023-07-10,2023-07-07,2023-09-08,,2023-09-08,65.63,0
constellis,KY,56.0,1.0,layoff,layoff,2025-07-10,,2025-07-31,,2025-07-31,65.61,0
splunk,CA,51.0,73.0,layoff permanent,layoff,2023-02-13,2023-02-01,2023-04-03,,2023-04-03,65.82,0
texas central school bus cougar alley,TX,48.0,155.0,layoff,layoff,,,2025-07-15,,2025-07-15,66.23,1
east coast migrant head start project ecmhsp,NC,61.0,31.0,closure,closure,2025-10-22,2025-10-17,2025-11-01,,2025-11-01,65.61,0
yellow,WI,52.0,189.0,closure,closure,,2023-03-16,2023-05-28,,2023-05-28,69.0,1
vimo inc dba getinsured,MO,54.0,4.0,layoff,layoff,,2024-12-20,2025-02-19,,2025-02-19,65.59,0
microsoft,CA,,3.0,layoff permanent,layoff,2023-02-08,2023-01-18,2023-03-20,,2023-03-20,65.63,0
ascent classical academy of douglas county,CO,61.0,149.0,unforseen - contracts ending,other,,2023-12-28,2023-12-31,2023-12-31,2023-12-31,66.18,1
diversey,WI,32.0,41.0,layoff,layoff,,2023-06-20,2023-08-16,,2023-08-16,65.64,0
providence holy cross medical center,CA,62.0,1.0,layoff permanent,layoff,2024-04-08,2024-04-04,2024-06-03,,2024-06-03,65.63,0
masterbrand cabinets,CA,33.0,90.0,layoff permanent,layoff,2023-07-11,2023-06-15,2023-08-16,,2023-08-16,65.93,1
scale ai,CA,51.0,1.0,layoff permanent,layoff,2023-01-11,2023-01-09,2022-12-23,,2022-12-23,65.63,0
renova health,TN,62.0,80.0,unknown,other,2025-11-07,,2025-10-24,,2025-10-24,65.85,0
weaber,PA,32.0,145.0,layoff,layoff,,,2025-08-26,2025-09-09,2025-08-26,66.21,1
carbon health medical group,CA,62.0,2.0,layoff permanent,layoff,2024-02-21,2024-01-12,2024-03-12,,2024-03-12,65.63,0
northern engraving,MN,33.0,75.0,closure,closure,2023-10-06,2023-10-06,2023-12-01,,2023-12-01,65.86,0
collins aerospace,CA,33.0,119.0,layoff permanent,layoff,2025-03-19,2025-03-14,2025-05-12,,2025-05-12,66.08,1
hsni,CA,45.0,87.0,closure permanent,closure,2024-11-12,2024-11-11,2025-01-13,,2025-01-13,65.91,1
forgerock,CA,51.0,6.0,layoff permanent,layoff,2023-12-07,2023-11-07,2024-07-01,,2024-07-01,65.63,0
boeing,CA,33.0,3.0,layoff permanent,layoff,2024-11-15,2024-11-15,2025-01-17,,2025-01-17,65.63,0
psw real estate,TX,53.0,87.0,layoff,layoff,,,2023-07-31,,2023-07-31,65.93,1
menzies aviation,CA,48.0,91.0,layoff permanent,layoff,2024-08-23,2024-08-23,2024-10-31,,2024-10-31,65.94,1
international real estate partners us,NJ,53.0,61.0,layoff,layoff,,2026-03-31,,,2026-03-31,65.69,0
battelle memorial institute e3,KY,54.0,17.0,closure,closure,2025-12-17,,2026-02-18,,2026-02-18,65.61,0
xcel energy,WI,,24.0,layoff,layoff,,2024-01-08,2024-04-02,,2024-04-02,65.64,0
wells fargo,IL,52.0,1.0,layoff,layoff,2026-02-03,2026-03-31,2026-02-03,,2026-02-03,65.66,0
claire s boutiques,NJ,44.0,155.0,layoff,layoff,,2025-11-03,,,2025-11-03,66.17,1
protec dynatronix,WI,33.0,53.0,closure,closure,,2025-04-08,2025-04-28,,2025-04-28,65.67,0
heartland pharmacy of maryland,MD,44.0,40.0,closure,closure,,2023-05-12,2023-07-14,,2023-07-14,65.68,0
grunt style,IL,31.0,100.0,closing,closure,2025-01-24,2025-01-24,2025-03-28,,2025-03-28,66.02,1
surveillance security inc of unarmed security guards,CA,56.0,1.0,layoff permanent,layoff,2025-01-31,2025-01-31,2025-03-31,,2025-03-31,65.63,0
alto operations california,CA,,34.0,closure permanent,closure,2023-08-15,2023-07-14,2023-09-15,,2023-09-15,65.63,0
bags metropolis,FL,56.0,25.0,layoff,layoff,,2024-12-13,2025-01-20,2025-02-17,2025-01-20,65.62,0
aludyne,TN,33.0,40.0,unknown,other,2023-12-11,,2024-02-01,,2024-02-01,65.61,0
villagemd,IL,62.0,49.0,layoff,layoff,2024-02-20,2024-02-20,2024-02-20,2024-03-05,2024-02-20,65.66,0
catalent,CA,32.0,40.0,closure permanent,closure,2024-03-06,2024-03-05,2024-05-24,,2024-05-24,65.63,0
sentinel transportation,CA,,8.0,layoff permanent,layoff,2026-03-30,2026-03-30,2026-05-31,,2026-05-31,65.63,0
genpact,OH,54.0,64.0,layoff,layoff,2024-02-12,,2024-04-12,2024-07-15,2024-04-12,65.72,0
emd serono research development institute,MA,54.0,6.0,layoff,layoff,2023-03-23,,2023-05-22,2023-06-04,2023-05-22,65.63,0
amentum at nas north island,CA,56.0,73.0,layoff permanent bldg,layoff,2023-07-25,2023-05-22,2023-07-30,,2023-07-30,65.82,0
feeney brothers excavation,CT,23.0,8.0,layoff,layoff,2025-05-02,2025-05-02,2025-05-02,,2025-05-02,65.63,0
alameda health system alameda hospital,CA,62.0,9.0,layoff permanent,layoff,2026-01-08,2026-01-06,2026-03-09,,2026-03-09,65.63,0
hunt sons,CA,,23.0,layoff permanent,layoff,2024-10-31,2024-10-29,2025-01-01,,2025-01-01,65.63,0
menasha packaging,IL,32.0,51.0,layoff,layoff,2023-08-31,2023-08-31,2023-10-31,2023-10-31,2023-10-31,65.67,0
parsons,KY,,15.0,closure,closure,2025-10-20,,2026-01-08,,2026-01-08,65.61,0
milestone reporting,FL,54.0,80.0,layoff,layoff,,2026-03-16,2026-05-15,2026-05-31,2026-05-15,65.87,0
d amico sons roseville,MN,33.0,20.0,closure,closure,,,2023-10-01,,2023-10-01,65.65,0
transdev services,NC,,184.0,closure,closure,2024-05-31,2024-05-31,2024-07-31,,2024-07-31,66.29,1
homi,MN,,1.0,layoff,layoff,,,2026-01-12,,2026-01-12,65.65,0
feam aero f e aircraft maintenance,IL,48.0,42.0,layoff,layoff,2025-02-06,2025-02-06,2025-04-07,,2025-04-07,65.66,0
thermo fisher scientific,CA,33.0,32.0,layoff permanent,layoff,2023-02-06,2023-01-31,2023-01-31,,2023-01-31,65.63,0
gates,IA,33.0,4.0,closing,closure,,2024-08-01,2024-11-22,,2024-11-22,65.7,0
omni,GA,,127.0,closure,closure,,,2024-06-30,,2024-06-30,66.19,1
99 cents only store llc ww white,TX,45.0,20.0,layoff,layoff,,,2024-06-03,,2024-06-03,65.64,0
peraton s environmental integration services iii etis,MD,54.0,130.0,layoff,layoff,,2025-12-02,2026-01-31,,2026-01-31,66.18,1
united natural foods,NJ,49.0,60.0,layoff,layoff,,2023-10-03,,,2023-10-03,65.68,0
te connectivity,CA,33.0,58.0,closure permanent,closure,2024-02-02,2024-01-31,2024-04-05,,2024-04-05,65.7,0
cisco systems,CA,33.0,123.0,layoff permanent,layoff,2023-09-12,2023-07-17,2023-10-16,,2023-10-16,66.09,1
sumaria systems,OH,,57.0,layoff,layoff,2026-01-12,,2026-01-26,,2026-01-26,65.66,0
gainesville jaycees vocational rehabilitation center,GA,62.0,19.0,closure,closure,,,2026-02-27,,2026-02-27,65.71,0
ryder integrated logistics,CA,48.0,9.0,closure permanent,closure,2024-05-23,2024-05-14,2024-07-19,,2024-07-19,65.63,0
ouray sportsware l2 brands,CO,31.0,154.0,closure,closure,,2023-08-18,2023-10-17,2023-12-31,2023-10-17,66.2,1
brockton neighborhood health center inc bnhc,MA,62.0,65.0,layoff,layoff,2025-04-17,,2025-04-16,,2025-04-16,65.76,0
el sazon tacos more eagan,MN,72.0,1.0,layoff,layoff,,,2026-01-15,,2026-01-15,65.65,0
tusimple,AZ,54.0,8.0,layoff,layoff,,2024-03-15,,,2024-03-15,65.65,0
warrior brewing company in duluth,MN,31.0,1.0,closure,closure,,,2024-01-18,,2024-01-18,65.65,0
red ribbon bakeshop,PA,31.0,9.0,closure,closure,,,2024-11-30,,2024-11-30,65.65,0
wellmore energy company llc laboratory 1236 home creek road big rock va 24603,VA,21.0,2.0,layoff,layoff,,2023-07-11,2023-09-10,,2023-09-10,65.56,0
para los ninos,CA,,19.0,layoff permanent,layoff,2024-04-18,2024-04-11,2024-06-11,,2024-06-11,65.63,0
illumina,CA,54.0,14.0,layoff permanent,layoff,2023-08-15,2023-07-13,2023-08-14,,2023-08-14,65.63,0
nbcuniversal bldgs 1126 and 1440,CA,51.0,101.0,layoff permanent,layoff,2025-11-13,2025-10-28,2025-11-28,,2025-11-28,65.99,1
galleher,CA,42.0,2.0,closure permanent,closure,2025-07-30,2025-07-29,2025-09-29,,2025-09-29,65.63,0
catalent maryland,MD,32.0,61.0,layoff,layoff,,2025-11-06,2026-01-05,,2026-01-05,65.79,0
thriveworks administrative services,AZ,56.0,78.0,layoff,layoff,,2023-09-15,,,2023-09-15,65.88,0
planned parenthood mar monte,CA,62.0,10.0,layoff permanent,layoff,2025-07-30,2025-07-24,2025-09-24,,2025-09-24,65.63,0
ballast point brewing company miramar location,CA,72.0,29.0,closure permanent,closure,2025-10-08,2025-10-08,2025-12-15,,2025-12-15,65.63,0
fresno economic opportunities commission 2751 fig street,CA,62.0,7.0,layoff temporary,layoff,2025-11-03,2025-10-31,2026-01-01,,2026-01-01,65.63,0
auris health,CA,33.0,69.0,layoff permanent,layoff,2023-03-02,2023-03-01,2023-04-30,,2023-04-30,65.79,0
sober living by the sea,CA,62.0,39.0,closure permanent,closure,2023-04-12,2023-04-03,2023-06-02,,2023-06-02,65.63,0
natural fiber welding,AK,,1.0,layoff,layoff,,2024-12-10,2025-02-08,,2025-02-08,65.62,0
intel corporation robert noyce,CA,33.0,203.0,layoff permanent,layoff,2025-07-14,2025-07-10,2025-07-15,,2025-07-15,66.36,1
activision blizzard,CA,51.0,49.0,layoff permanent,layoff,2024-02-02,2024-01-25,2024-03-30,,2024-03-30,65.63,0
liberty parts team,WI,42.0,20.0,closure,closure,,2023-05-26,2023-06-01,,2023-06-01,65.64,0
federal express,NE,49.0,102.0,layoff,layoff,,2025-06-30,,,2025-06-30,65.97,1
lutheran services of iowa,IA,62.0,2.0,mass layoff,mass_layoff,,2025-03-03,2025-03-28,,2025-03-28,65.7,0
advance stores company incorporated and its subsidiary golden state supply,CA,44.0,8.0,closure permanent,closure,2024-11-15,2024-11-14,2025-03-07,,2025-03-07,65.63,0
ferring pharmaceuticals,NJ,32.0,79.0,layoff,layoff,,2024-03-05,,,2024-03-05,65.82,0
royal custom designs,CA,31.0,142.0,closure permanent,closure,2025-02-07,2025-02-07,2025-02-10,,2025-02-10,66.17,1
planned parenthood orange and san bernardino counties inc 801,CA,62.0,25.0,layoff permanent,layoff,2025-10-13,2025-10-13,2025-12-13,,2025-12-13,65.63,0
corteva agriscience,CA,11.0,3.0,layoff permanent,layoff,2026-03-17,2026-03-17,2026-06-05,,2026-06-05,65.63,0
adventist health lodi memorial,CA,62.0,17.0,layoff permanent,layoff,2025-09-04,2025-08-28,2025-08-28,,2025-08-28,65.63,0
pt solutions at adventist health bakersfield,CA,62.0,41.0,closure permanent,closure,2024-05-10,2024-05-02,2024-07-09,,2024-07-09,65.63,0
fm restaurants hq llc dba el torito mexican grill,CA,72.0,42.0,closure permanent,closure,2023-12-06,2023-11-06,2024-01-05,,2024-01-05,65.63,0
ukg,CA,51.0,12.0,layoff permanent,layoff,2024-07-16,2024-07-11,2024-09-09,,2024-09-09,65.63,0
google brgas1265,CA,51.0,1.0,layoff permanent,layoff,2026-01-27,2026-01-26,2026-04-12,,2026-04-12,65.63,0
boeing,CO,33.0,63.0,not disclosed,other,,2024-11-15,2025-01-17,2025-01-17,2025-01-17,65.74,0
neiman enterprises dba spearfish forrest products,SD,32.0,50.0,layoff,layoff,,2024-04-15,,,2024-04-15,65.44,0
vitacare prescription services,FL,,126.0,layoff,layoff,,2023-10-03,2023-12-02,2023-12-02,2023-12-02,66.1,1
kaiser foundation hospitals,CA,62.0,1.0,layoff permanent,layoff,2024-02-28,2024-02-26,2024-04-26,,2024-04-26,65.63,0
carbon health medical group,CA,62.0,2.0,layoff permanent,layoff,2024-02-21,2024-01-12,2024-03-12,,2024-03-12,65.63,0
wausau equipment,WI,33.0,67.0,closure,closure,,2025-12-04,2025-12-07,,2025-12-07,65.79,0
tilson technology management,NV,54.0,133.0,layoff,layoff,2025-05-05,2025-05-05,2025-05-29,,2025-05-29,66.19,1
sk hynix nand product solutions corp dba solidigm,CA,33.0,98.0,layoff permanent,layoff,2023-07-11,2023-06-15,2023-08-15,,2023-08-15,65.98,1
firebird bulk carriers inc dilley,TX,48.0,6.0,layoff,layoff,,,2025-12-31,,2025-12-31,65.64,0
alutiiq commercial enterprises,FL,56.0,62.0,layoff,layoff,,2023-09-21,2023-11-13,2023-11-13,2023-11-13,65.73,0
international paper louisville,KY,32.0,93.0,closure,closure,2025-11-14,,2026-01-15,,2026-01-15,65.93,1
aura management,CA,55.0,16.0,closure permanent,closure,2024-04-18,2024-04-18,2024-06-18,,2024-06-18,65.63,0
nursery supplies,OH,32.0,62.0,layoff,layoff,2024-05-30,,2024-08-30,2024-12-01,2024-08-30,65.7,0
true value,CA,44.0,56.0,closure permanent,closure,2024-10-22,2024-10-15,2024-12-14,,2024-12-14,65.68,0
jennie o turkey store,WI,31.0,38.0,closure,closure,,2024-04-24,2024-06-28,,2024-06-28,65.64,0
penske logistics llc providing services for aldi,CA,48.0,95.0,layoff permanent,layoff,2024-01-29,2024-01-11,2024-03-11,,2024-03-11,65.96,1
flagship facility services inc at meta platforms,CA,56.0,1.0,layoff permanent,layoff,2023-01-10,2023-01-03,2023-03-06,,2023-03-06,65.63,0
quick motors,WI,,16.0,closure,closure,,2025-06-24,2025-06-30,,2025-06-30,65.64,0
dash industries,CA,49.0,80.0,closure permanent,closure,2026-03-26,2026-03-26,2026-03-31,,2026-03-31,65.87,0
masonite,CA,32.0,59.0,closure permanent,closure,2023-02-27,2023-02-21,2023-05-05,,2023-05-05,65.71,0
salesforce,CA,51.0,7.0,layoff permanent,layoff,2023-02-15,2023-02-02,2023-04-24,,2023-04-24,65.63,0
hultafors group north america,WI,62.0,45.0,closure,closure,,2024-11-11,2025-03-28,,2025-03-28,65.64,0
ies communications,IA,23.0,28.0,mass layoff,mass_layoff,,2025-01-10,2025-01-10,,2025-01-10,65.7,0
david s bridal llc lewisville,TX,44.0,28.0,layoff,layoff,,,2023-07-17,,2023-07-17,65.64,0
u s bank 1296,CA,,24.0,layoff permanent,layoff,2023-09-21,2023-07-05,2023-07-28,,2023-07-28,65.63,0
bed bath beyond roseville,MN,44.0,13.0,closure,closure,,,2023-05-01,,2023-05-01,65.65,0
roku,CA,51.0,91.0,layoff permanent,layoff,2023-04-05,2023-03-30,2023-04-07,,2023-04-07,65.94,1
wells fargo,IA,52.0,22.0,mass layoff,mass_layoff,,2024-03-05,2024-03-05,,2024-03-05,65.7,0
fleco industries,TX,33.0,174.0,layoff,layoff,,,2024-09-29,,2024-09-29,66.29,1
american institute of research,IL,54.0,3.0,layoff,layoff,2025-03-11,2025-06-12,2025-05-09,,2025-05-09,65.66,0
hark cafe,MN,72.0,1.0,closure,closure,,,2024-04-01,,2024-04-01,65.65,0
wayforth llc houston,TX,56.0,16.0,layoff,layoff,,,2023-08-18,,2023-08-18,65.64,0
appliance plus,IA,44.0,4.0,closing,closure,,2026-04-14,2026-07-31,,2026-07-31,65.7,0
meetings events international mei,IN,56.0,69.0,closure,closure,,2024-01-26,2024-03-31,,2024-03-31,65.76,0
batelle,CO,54.0,11.0,layoff,layoff,,2026-02-26,2026-04-27,2026-04-27,2026-04-27,65.62,0
wells fargo,CA,52.0,32.0,layoff permanent,layoff,2023-07-24,2023-07-11,2023-07-11,,2023-07-11,65.63,0
td bank,NJ,52.0,54.0,layoff,layoff,,2024-01-12,,,2024-01-12,65.62,0
ameri kleen dba sanitation specialists,CA,56.0,33.0,closure permanent,closure,2025-02-27,2025-02-26,2025-05-04,,2025-05-04,65.63,0
flex,AZ,33.0,50.0,layoff,layoff,,2023-08-29,,,2023-08-29,65.65,0
iac mendon,MI,33.0,178.0,layoff,layoff,,,2025-12-08,,2025-12-08,66.21,1
novembal usa,NJ,32.0,100.0,layoff,layoff,,2023-09-30,,,2023-09-30,65.94,1
innodata services,FL,51.0,1.0,layoff,layoff,,2026-02-03,2026-02-06,2026-03-13,2026-02-06,65.62,0
goldstar transit waco isd,TX,48.0,94.0,layoff,layoff,,,2024-06-01,,2024-06-01,65.97,1
wells fargo,CO,52.0,80.0,reduction in force,layoff,,2024-06-18,2024-08-01,2024-12-21,2024-08-01,65.86,0
crimson heights,UT,62.0,15.0,layoff,layoff,,2026-03-23,,,2026-03-23,65.66,0
merical,UT,32.0,36.0,layoff,layoff,,2023-11-22,,,2023-11-22,65.66,0
rich products,CA,31.0,139.0,closure permanent,closure,2025-01-30,2025-01-30,2025-03-31,,2025-03-31,66.16,1
autism home support services,IL,32.0,26.0,closing,closure,2023-06-20,2023-06-20,2023-08-21,2023-09-18,2023-08-21,65.66,0
hunt sons,CA,,24.0,layoff permanent,layoff,2024-10-31,2024-10-29,2025-01-01,,2025-01-01,65.63,0
impact fulfillment services,IL,48.0,45.0,closing,closure,2023-03-29,2023-03-29,2023-05-26,,2023-05-26,67.0,1
kiss distribution,NJ,42.0,52.0,layoff,layoff,,2023-06-30,,,2023-06-30,65.6,0
deluxe,OH,32.0,71.0,layoff,layoff,2023-08-17,,2023-10-31,2024-03-01,2023-10-31,65.77,0
crockett sons concrete,MD,23.0,4.0,layoff - due to temporary reduction in work,layoff,,2025-12-29,2025-12-26,,2025-12-26,65.68,0
salesforce,CA,51.0,86.0,layoff permanent,layoff,2023-04-05,2023-03-30,2023-05-30,,2023-05-30,65.91,1
endologix,CA,33.0,6.0,closure permanent,closure,2026-03-09,2026-03-05,2026-05-15,,2026-05-15,65.63,0
gamestop owatonna,MN,44.0,1.0,closure,closure,,,2026-01-14,,2026-01-14,65.65,0
southwest key programs inc casa canutillo,TX,62.0,3.0,layoff,layoff,,,2025-10-05,,2025-10-05,65.64,0
southern pacpizza dba pizza hut 029222,CA,72.0,5.0,layoff permanent,layoff,2024-01-24,2023-12-14,2024-02-15,,2024-02-15,65.63,0
lockheed martin space,CA,33.0,66.0,layoff permanent,layoff,2024-04-12,2024-04-09,2024-06-10,,2024-06-10,65.77,0
primo brands inc 1449,CA,,11.0,closure permanent,closure,2025-04-24,2025-04-18,2025-06-17,,2025-06-17,65.63,0
bitwise industries,NC,54.0,1.0,layoff,layoff,2023-06-14,2023-06-14,2023-06-14,,2023-06-14,65.61,0
taste,PA,72.0,10.0,closure,closure,,,2026-02-05,,2026-02-05,65.65,0
rtx,CA,33.0,1.0,layoff permanent,layoff,2025-10-16,2025-10-16,2026-01-02,,2026-01-02,65.63,0
bae systems,MD,33.0,55.0,layoff,layoff,,2026-01-02,2026-03-02,2026-04-02,2026-03-02,65.73,0
agbiome,NC,54.0,123.0,layoff,layoff,2023-10-17,2023-10-16,2023-12-15,,2023-12-15,66.08,1
panera llc dba panera,MA,,92.0,layoff,layoff,2026-01-26,,2026-03-25,2026-03-27,2026-03-25,65.95,1
air general inc at o hare airport,IL,48.0,55.0,layoff,layoff,2025-09-05,2025-09-05,2025-11-08,2025-11-08,2025-11-08,65.71,0
nordstrom,FL,45.0,1.0,layoff,layoff,,2025-11-19,2026-03-01,2026-04-30,2026-03-01,65.62,0
marvell semiconductor,CA,33.0,7.0,layoff permanent,layoff,2023-12-14,2023-11-15,2024-01-16,,2024-01-16,65.63,0
pacpartners dba pizza hut,CA,,2.0,layoff permanent,layoff,2024-01-24,2023-12-14,2024-02-17,,2024-02-17,65.63,0
juniper networks,CA,51.0,51.0,layoff permanent,layoff,2024-01-17,2023-12-06,2024-02-05,,2024-02-05,65.64,0
mv transportation,IL,,90.0,closing,closure,2023-09-29,2023-09-29,2023-11-30,,2023-11-30,65.97,1
hill smith,TX,33.0,46.0,layoff,layoff,,,2025-11-01,,2025-11-01,65.64,0
google,CA,51.0,30.0,layoff permanent,layoff,2023-01-23,2023-01-20,2023-03-31,,2023-03-31,65.63,0
wuollet bakery wayzata,MN,31.0,1.0,closure,closure,,,2024-05-01,,2024-05-01,65.65,0
carbon health medical group,CA,62.0,2.0,layoff permanent,layoff,2024-02-21,2024-01-12,2024-03-12,,2024-03-12,65.63,0
everest group,NJ,52.0,110.0,layoff,layoff,,2026-03-31,,,2026-03-31,65.99,1
hyliion,TX,48.0,150.0,layoff,layoff,,,2023-11-08,,2023-11-08,66.22,1
advance stores company incorporated and its subsidiary golden state supply,CA,44.0,9.0,closure permanent,closure,2024-11-15,2024-11-14,2025-03-07,,2025-03-07,65.63,0
west coast industries,CA,33.0,53.0,closure permanent,closure,2023-10-05,2023-09-05,2023-11-04,,2023-11-04,65.66,0
ymca oakley elementary school,CA,71.0,9.0,layoff permanent,layoff,2026-04-20,2026-04-17,2026-06-09,,2026-06-09,65.63,0
northland college,WI,61.0,112.0,closure,closure,,2025-04-01,2025-05-31,,2025-05-31,66.06,1
wescom financial,CA,52.0,1.0,layoff permanent,layoff,2026-02-19,2026-02-19,2026-04-21,,2026-04-21,65.63,0
23andme,CA,54.0,31.0,closure permanent,closure,2024-11-20,2024-11-19,2025-01-10,,2025-01-10,65.63,0
lutheran social services national capital area lssna 1730 rhode island avenue nw washington dc 20036,VA,62.0,52.0,layoff,layoff,,2025-08-11,2025-09-30,,2025-09-30,65.58,0
kaiser foundation hospitals,CA,62.0,2.0,layoff permanent,layoff,2024-05-01,2024-04-22,2024-06-21,,2024-06-21,65.63,0
ridgecrest regional hospital,CA,62.0,30.0,layoff permanent,layoff,2024-01-18,2023-12-13,2024-02-28,,2024-02-28,65.63,0
djw logistics,CA,49.0,58.0,closure permanent,closure,2023-02-15,2023-02-08,2023-04-08,,2023-04-08,65.7,0
healthhelp,NM,62.0,1.0,layoff,layoff,2023-01-23,2023-01-23,2023-03-24,,2023-03-24,67.0,1
american anesthesiology association of virginia inc 3300 gallows road falls church va 22042,VA,62.0,172.0,closure,closure,,2023-04-11,2023-06-11,,2023-06-11,66.2,1
advanced auto parts forest hill,TX,44.0,9.0,layoff,layoff,,,2025-02-11,,2025-02-11,65.64,0
rivian automotive,CA,33.0,8.0,layoff permanent,layoff,2023-03-01,2023-02-01,2023-04-14,,2023-04-14,65.63,0
energizer holdings,WI,33.0,135.0,closure,closure,,2024-01-05,2024-03-05,,2024-03-05,66.15,1
san jose distribution services,CA,48.0,17.0,closure permanent,closure,2025-03-25,2025-03-24,2025-04-30,,2025-04-30,65.63,0
nikola,CA,33.0,1.0,layoff permanent,layoff,2025-02-19,2025-02-19,2025-04-21,,2025-04-21,65.63,0
supernal,CA,,13.0,layoff permanent,layoff,2026-03-02,2026-02-27,2026-04-28,,2026-04-28,65.63,0
blst operating,MN,,61.0,layoff,layoff,2023-03-31,2023-03-31,2023-03-31,,2023-03-31,65.76,0
updated replimune,MA,54.0,81.0,layoff,layoff,2026-04-17,,2026-04-17,2026-04-24,2026-04-17,65.88,0
kaiser foundation hospitals 1830,CA,62.0,2.0,layoff permanent,layoff,2025-08-19,2025-08-18,2025-08-04,,2025-08-04,65.63,0
petco in mankato,MN,44.0,13.0,closure,closure,,,2023-12-01,,2023-12-01,65.65,0
boeing,FL,33.0,3.0,layoff,layoff,,2024-11-18,2025-01-17,2025-01-17,2025-01-17,65.62,0
flagship facility services inc at meta platforms,CA,56.0,8.0,layoff permanent,layoff,2023-01-10,2023-01-03,2023-03-06,,2023-03-06,65.63,0
nordstrom credit bank,CO,52.0,48.0,transfer to td bank,other,,2025-12-30,2026-03-01,2026-03-01,2026-03-01,65.62,0
marshalls of ca,CA,45.0,64.0,closure permanent,closure,2025-10-17,2025-10-17,2026-01-05,,2026-01-05,65.75,0
compass group,IL,52.0,50.0,layoff,layoff,2025-01-07,2025-07-10,2025-03-01,2025-09-30,2025-03-01,69.0,1
genpak,UT,33.0,200.0,layoff,layoff,,2026-03-25,,,2026-03-25,66.38,1
eaton,NC,52.0,76.0,closure,closure,2025-01-13,2025-01-13,2025-08-29,,2025-08-29,66.0,1
nextgen healthcare,CA,54.0,2.0,layoff permanent,layoff,2023-12-21,2023-11-15,2024-02-01,,2024-02-01,65.63,0
blue cross of idaho,ID,52.0,135.0,layoff,layoff,,2025-03-27,2025-06-06,,2025-06-06,66.17,1
ocular therapeutix,MA,,3.0,layoff,layoff,2024-10-22,,2024-06-03,,2024-06-03,65.63,0
fisker group,CA,33.0,8.0,closure permanent,closure,2024-08-29,2024-08-27,2024-10-01,,2024-10-01,65.63,0
invista orange nylon chemicals americas,TX,32.0,75.0,layoff,layoff,,,2024-09-16,,2024-09-16,65.86,0
wells fargo chief operating office enterprise complaints business unit,ID,52.0,66.0,layoff,layoff,,2024-08-27,2024-10-15,,2024-10-15,65.8,0
robinhood markets,CA,52.0,2.0,layoff permanent,layoff,2023-09-27,2023-08-17,2023-10-16,,2023-10-16,65.63,0
first savings bank,NE,52.0,1.0,layoff,layoff,,2023-09-29,,,2023-09-29,65.6,0
burton telluride retail,CO,45.0,5.0,layoff,layoff,,2023-02-27,,,2023-02-27,65.62,0
hrl laboratories,CA,54.0,4.0,layoff permanent,layoff,2026-02-04,2026-02-03,2026-04-03,,2026-04-03,65.63,0
flagship facility services,CA,56.0,6.0,layoff permanent,layoff,2025-02-14,2025-02-14,2025-02-14,,2025-02-14,65.63,0
synergy enterprises,MD,54.0,13.0,layoff,layoff,,2025-08-18,2025-09-07,,2025-09-07,65.68,0
moondoggies inc dba the dog,CA,72.0,5.0,closure permanent,closure,2024-02-29,2024-02-27,2024-09-03,,2024-09-03,65.63,0
99 cents only stores,CA,45.0,49.0,closure permanent,closure,2024-04-16,2024-04-04,2024-06-03,,2024-06-03,65.63,0
communify i center,CA,62.0,6.0,layoff permanent,layoff,2025-11-03,2025-11-03,2026-01-02,,2026-01-02,65.63,0
dhl supply chain,CA,49.0,74.0,layoff permanent,layoff,2026-01-16,2026-01-15,2026-03-20,,2026-03-20,65.83,0
aspiration partners,CA,52.0,180.0,layoff permanent,layoff,2023-03-29,2023-03-24,2023-05-26,,2023-05-26,66.29,1
top guard security,VA,56.0,79.0,closure,closure,,2025-10-23,2025-10-31,,2025-10-31,65.79,0
pepsico,OH,31.0,136.0,layoff,layoff,2024-10-28,,2024-12-28,,2024-12-28,66.11,1
catholic charities archdiocese of galveston houston bering drive,TX,62.0,58.0,layoff,layoff,,,2025-02-07,,2025-02-07,65.72,0
vans hq,CA,44.0,42.0,layoff permanent,layoff,2024-01-10,2023-11-29,2024-01-30,,2024-01-30,65.63,0
iherb,NV,45.0,113.0,closure,closure,2026-03-02,2026-03-02,2026-05-01,,2026-05-01,66.11,1
asrc federal professional services,MD,54.0,16.0,temporary,other,,2025-05-14,2025-06-04,,2025-06-04,65.68,0
strauss brands logistics,WI,31.0,83.0,layoff,layoff,,2023-11-15,2023-12-10,,2023-12-10,65.9,1
flagship facility services,CA,56.0,3.0,layoff permanent,layoff,2023-04-10,2023-03-31,2023-05-30,,2023-05-30,65.63,0
herbalife international of america,CA,31.0,57.0,layoff permanent,layoff,2023-06-07,2023-05-22,2023-04-28,,2023-04-28,65.69,0
volunteers of america southwest,CA,,9.0,closure permanent,closure,2024-08-14,2024-08-14,2024-10-14,,2024-10-14,65.63,0
castle credit co holdings,IL,52.0,78.0,layoff,layoff,2023-11-03,2023-11-03,2024-01-02,2024-01-16,2024-01-02,65.89,0
yellow,FL,52.0,114.0,layoff,layoff,,2023-08-11,2023-07-30,2023-07-30,2023-07-30,69.0,1
comprehensive autism center,CA,62.0,35.0,closure permanent,closure,2026-03-25,2026-03-25,2026-05-31,,2026-05-31,65.63,0
liminex inc dba goguardian,CA,51.0,86.0,layoff permanent,layoff,2023-01-25,2023-01-18,2023-03-20,,2023-03-20,65.91,1
beachbody,CA,71.0,80.0,layoff permanent,layoff,2023-01-12,2023-01-12,2023-03-13,,2023-03-13,65.87,0
pikeville medical center,KY,62.0,59.0,layoff,layoff,2023-05-16,,2023-07-31,,2023-07-31,65.7,0
divvy homes,OR,53.0,94.0,layoff,layoff,,2023-09-08,,,2023-09-08,66.01,1
trilink biotechnologies llc and maravai intermediate holdings,CA,56.0,85.0,layoff permanent,layoff,2023-12-15,2023-11-06,2024-01-05,,2024-01-05,65.9,1
american contract systems,IA,56.0,62.0,closing,closure,,2025-05-13,2025-07-31,,2025-07-31,65.81,0
d a consulting service,PA,54.0,14.0,layoff,layoff,,,2025-02-19,,2025-02-19,65.65,0
vintage wine estates,CA,31.0,5.0,closure permanent,closure,2024-07-24,2024-07-24,2024-09-27,,2024-09-27,65.63,0
hp hood,VT,31.0,70.0,layoff,layoff,,2025-09-24,,,2025-09-24,65.7,0
priority parcels,MA,49.0,62.0,layoff,layoff,2024-10-17,,2024-10-31,,2024-10-31,65.74,0
cue health inc moda south,CA,33.0,84.0,layoff permanent,layoff,2024-05-10,2024-05-01,2024-07-01,,2024-07-01,65.9,1
covercraft industries,CO,31.0,49.0,closure,closure,,2023-02-09,2023-04-14,2023-04-14,2023-04-14,65.62,0
mountain sports llc d b a eastern mountain sports,CT,45.0,48.0,closure,closure,,2024-08-09,2024-08-23,,2024-08-23,66.83,1
anheuser busch ab one,MA,31.0,193.0,layoff,layoff,2024-08-15,,2024-11-01,2024-11-14,2024-11-01,66.33,1
planned parenthood mar monte,CA,62.0,2.0,layoff permanent,layoff,2025-07-30,2025-07-24,2025-07-24,,2025-07-24,65.63,0
city national bank,CA,52.0,2.0,layoff permanent,layoff,2024-09-04,2024-08-30,2024-08-29,,2024-08-29,65.63,0
roku,CA,51.0,135.0,layoff permanent,layoff,2023-10-24,2023-09-21,2023-11-20,,2023-11-20,66.14,1
raytheon,CA,,4.0,layoff permanent,layoff,2025-09-05,2025-09-05,2025-11-07,,2025-11-07,65.63,0
ed tucker powersports,TX,42.0,165.0,layoff,layoff,,,2023-10-30,,2023-10-30,66.27,1
clover fast food inc clover,MA,72.0,182.0,layoff,layoff,2026-03-30,,2026-05-29,,2026-05-29,66.3,1
weir slurry group,WI,33.0,115.0,closure,closure,,2023-02-01,2023-12-31,,2023-12-31,66.07,1
ward manufacturing,WI,33.0,62.0,closure,closure,,2024-05-23,2024-08-01,,2024-08-01,65.75,0
ai fleet,TX,48.0,56.0,layoff,layoff,,,2025-11-04,,2025-11-04,65.7,0
the pace companies new york,NY,,39.0,economic,other,,2025-02-06,2025-02-06,2025-02-06,2025-02-06,65.76,0
accenture,CA,54.0,1.0,layoff permanent,layoff,2023-01-12,2023-01-12,2023-03-13,,2023-03-13,65.63,0
foods co 784,CA,44.0,49.0,closure permanent,closure,2026-03-02,2026-02-27,2026-03-14,,2026-03-14,65.63,0
yellow,IA,52.0,30.0,closing,closure,,2023-08-01,2023-07-30,,2023-07-30,69.0,1
management training corporation travis county state jail,TX,92.0,4.0,layoff,layoff,,,2025-08-31,,2025-08-31,65.64,0
wayforth llc cedar park,TX,56.0,10.0,layoff,layoff,,,2023-08-18,,2023-08-18,65.64,0
cenlar fsb,NJ,55.0,85.0,layoff,layoff,,2023-10-02,,,2023-10-02,65.86,0
stratatech,WI,54.0,35.0,layoff,layoff,,2024-01-09,2024-01-09,,2024-01-09,65.64,0
holiday inn club vacations incorporated the villages resort,TX,72.0,82.0,layoff,layoff,,,2025-11-28,,2025-11-28,65.9,1
chevron 100,CA,21.0,18.0,layoff permanent,layoff,2025-05-08,2025-05-02,2025-07-01,,2025-07-01,65.63,0
vimo d a consulting dba get insured,OH,54.0,13.0,layoff,layoff,2024-12-30,,2025-02-19,,2025-02-19,65.59,0
right at school,CA,61.0,20.0,layoff permanent,layoff,2025-04-10,2025-04-09,2025-06-09,,2025-06-09,65.63,0
flagship facility services inc at meta platforms,CA,56.0,16.0,layoff permanent,layoff,2023-01-10,2023-01-03,2023-03-06,,2023-03-06,65.63,0
kaiser foundation hospitals,CA,62.0,2.0,layoff permanent,layoff,2024-09-23,2024-09-23,2024-11-22,,2024-11-22,65.63,0
straight smile llc dba byte,CA,62.0,72.0,layoff permanent,layoff,2024-11-12,2024-11-07,2025-01-06,,2025-01-06,65.82,0
optum,CA,62.0,157.0,layoff permanent,layoff,2024-07-18,2024-07-18,2024-09-16,,2024-09-16,66.22,1
ups,CA,,144.0,layoff permanent,layoff,2025-03-03,2025-02-28,2025-05-01,,2025-05-01,66.18,1
tessera therapeutics,GA,54.0,1.0,permanent layoff / reduction in force,layoff,,,2026-03-08,,2026-03-08,65.71,0
surveillance security inc of unarmed security guards,CA,56.0,1.0,layoff permanent,layoff,2025-01-31,2025-01-31,2025-03-31,,2025-03-31,65.63,0
sentinel transportation,CA,,1.0,layoff permanent,layoff,2026-03-30,2026-03-30,2026-05-31,,2026-05-31,65.63,0
meta platforms,CA,51.0,3.0,layoff permanent,layoff,2023-05-08,2023-04-24,2023-06-23,,2023-06-23,65.63,0
margaret mary community hospital dba margaret mary health,IN,62.0,55.0,transfer,other,,2026-01-13,2026-03-02,,2026-03-02,65.64,0
mpw services,TX,,82.0,layoff,layoff,,,2025-09-01,,2025-09-01,65.9,1
valiant integrated services,CA,56.0,137.0,layoff permanent,layoff,2023-08-07,2023-06-27,2023-08-31,,2023-08-31,66.15,1
celularity,NJ,52.0,188.0,layoff,layoff,,2023-03-27,,,2023-03-27,66.27,1
amazon sjc32,CA,45.0,85.0,layoff permanent,layoff,2025-10-29,2025-10-28,2026-01-26,,2026-01-26,65.9,1
sage therapeutics,MA,,69.0,layoff,layoff,2024-10-31,,2024-10-31,,2024-10-31,65.8,0
midwest transport,PA,,48.0,closure,closure,,,2024-09-09,,2024-09-09,66.85,1
salk clubhouse,CA,71.0,12.0,layoff permanent,layoff,2024-05-17,2024-05-16,2024-07-15,,2024-07-15,65.63,0
steward medical group inc carney hospital,MA,62.0,37.0,layoff,layoff,2024-08-14,,2024-10-13,,2024-10-13,65.63,0
advanced auto parts 8046 spring,TX,44.0,11.0,layoff,layoff,,,2025-02-15,,2025-02-15,65.64,0
u s bank,CA,,34.0,layoff permanent,layoff,2023-09-26,2023-08-22,2023-09-08,,2023-09-08,65.63,0
sangamo therapeutics,CA,54.0,65.0,closure permanent,closure,2023-12-06,2023-11-01,2024-01-02,,2024-01-02,65.76,0
gallo sales,CA,42.0,25.0,closure permanent,closure,2023-01-19,2023-01-10,2023-03-12,,2023-03-12,65.63,0
novembal usa,GA,32.0,50.0,closure,closure,,,2023-09-30,,2023-09-30,65.71,0
omni,GA,,129.0,closure,closure,,,2024-12-31,,2024-12-31,66.2,1
vsp optical group,CA,,186.0,closure permanent,closure,2024-08-14,2024-08-14,2025-01-02,,2025-01-02,66.31,1
catalent maryland,MD,32.0,3.0,layoff,layoff,,2026-02-19,2026-04-19,,2026-04-19,65.68,0
sky chevrolet,IA,44.0,30.0,mass layoff,mass_layoff,,2026-03-09,2026-03-06,,2026-03-06,65.7,0
arbor e t llc equus workforce solutions la grange office,TX,56.0,1.0,layoff,layoff,,,2024-09-30,,2024-09-30,65.64,0
pacpizza dba pizza hut,CA,,2.0,layoff permanent,layoff,2024-01-24,2023-12-14,2024-02-16,,2024-02-16,65.63,0
custom ink,NV,45.0,116.0,closure,closure,2023-01-03,2023-01-03,2023-03-04,,2023-03-04,66.12,1
boeing,FL,33.0,8.0,layoff,layoff,,2024-11-18,2025-01-17,2025-01-17,2025-01-17,65.62,0
pacpizza dba pizza hut,CA,,4.0,layoff permanent,layoff,2024-01-24,2023-12-14,2024-02-14,,2024-02-14,65.63,0
genentech,CA,32.0,143.0,layoff permanent,layoff,2025-05-29,2025-05-29,2025-07-14,,2025-07-14,66.17,1
marvin lumber and cedar,FL,32.0,167.0,layoff,layoff,,2025-11-03,2026-04-17,2026-04-17,2026-04-17,66.25,1
essendant,TN,42.0,70.0,unknown,other,2023-06-29,,2023-08-14,,2023-08-14,65.78,0
convey health solutions,NV,54.0,127.0,closure,closure,2024-04-05,2024-04-05,2024-06-15,,2024-06-15,66.17,1
carling technologies,TX,33.0,83.0,layoff,layoff,,,2023-11-03,,2023-11-03,65.91,1
vitro flay glass,PA,,88.0,layoff,layoff,,,2024-01-15,,2024-01-15,65.95,1
kaiser foundation hospitals 401,CA,62.0,1.0,layoff permanent,layoff,2025-04-29,2025-04-28,2025-06-28,,2025-06-28,65.63,0
crittenton 100 e valley view,CA,62.0,81.0,closure permanent,closure,2026-04-02,2026-03-27,2026-03-31,,2026-03-31,65.88,0
the public building authority for the city of manchester tn dba the manchester coffee county conference center,TN,72.0,27.0,unknown,other,2025-06-11,,2025-07-01,,2025-07-01,65.61,0
cafe lurcat mpls,MN,72.0,1.0,closure,closure,,,2025-09-05,,2025-09-05,65.65,0
career systems development corporation san jose job corps center,CA,61.0,133.0,closure permanent,closure,2025-06-10,2025-06-10,2025-06-30,,2025-06-30,66.13,1
sodexo international leadership tx,TX,72.0,165.0,layoff,layoff,,,2025-06-30,,2025-06-30,66.27,1
big tex trailer atw,ID,33.0,127.0,layoff,layoff,,2024-03-11,2024-05-11,,2024-05-11,66.14,1
alstom transportation,CA,33.0,20.0,layoff permanent,layoff,2024-12-20,2024-12-20,2025-02-20,,2025-02-20,65.63,0
primo brands,CA,,4.0,layoff permanent,layoff,2025-07-18,2025-07-18,2025-09-16,,2025-09-16,65.63,0
s b engineers and constructors,TN,23.0,112.0,unknown,other,2025-02-05,,2025-03-28,,2025-03-28,66.03,1
collins aerospace,IA,33.0,29.0,mass layoff,mass_layoff,,2025-06-12,2025-07-18,,2025-07-18,65.7,0
café fiesta bar,MN,72.0,1.0,layoff,layoff,,,2026-01-16,,2026-01-16,65.65,0
gxo logistics supply chain,CA,49.0,114.0,layoff permanent,layoff,2024-09-12,2024-09-12,2024-12-31,,2024-12-31,66.05,1
summit public schools,CA,,29.0,layoff permanent,layoff,2023-05-31,2023-04-28,2023-06-30,,2023-06-30,65.63,0
v2x dba vertex aerospace,CA,48.0,46.0,closure permanent,closure,2024-08-21,2024-08-20,2024-10-31,,2024-10-31,65.63,0
advance stores company incorporated and its subsidiary golden state supply,CA,44.0,11.0,closure permanent,closure,2024-11-15,2024-11-14,2025-03-07,,2025-03-07,65.63,0
select medical corporation dba select specialty hospital south dakota,SD,,90.0,layoff,layoff,,2025-10-09,,,2025-10-09,65.74,0
nordson,OH,33.0,114.0,layoff,layoff,2024-10-07,,2024-12-06,2025-04-15,2024-12-06,66.02,1
manna beverages mbv ca llc 3600,CA,31.0,98.0,closure permanent,closure,2025-10-03,2025-10-03,2025-10-07,,2025-10-07,65.98,1
wescom financial,CA,52.0,1.0,layoff permanent,layoff,2026-02-19,2026-02-19,2026-04-21,,2026-04-21,65.63,0
excalibur pizza llc dba round table pizza,CA,72.0,1.0,layoff permanent,layoff,2024-02-20,2024-02-15,2024-04-19,,2024-04-19,65.63,0
intel,CA,33.0,54.0,layoff permanent,layoff,2025-06-30,2025-06-25,2025-07-11,,2025-07-11,65.67,0
bechtel parsons blue grass,KY,23.0,33.0,closure,closure,2026-01-19,,2026-03-20,,2026-03-20,65.61,0
bando usa,KY,33.0,65.0,layoff,layoff,2025-01-17,,2025-03-28,,2025-03-28,65.75,0
carbon health,CA,62.0,3.0,layoff permanent,layoff,2023-10-18,2023-08-10,2023-10-09,,2023-10-09,65.63,0
target,CA,45.0,106.0,closure permanent,closure,2023-11-09,2023-09-26,2023-12-30,,2023-12-30,66.02,1
meta platforms,CA,51.0,41.0,layoff permanent,layoff,2023-05-08,2023-04-24,2023-06-23,,2023-06-23,65.63,0
macy s eagle rock plaza store,CA,45.0,74.0,closure permanent,closure,2023-08-10,2023-07-12,2023-09-18,,2023-09-18,65.83,0
aki inc d b a arcade beauty,TN,32.0,84.0,unknown,other,2023-07-06,,2023-08-31,,2023-08-31,65.88,0
agilent technologies,CA,33.0,1.0,layoff permanent,layoff,2023-12-18,2023-11-09,2024-01-12,,2024-01-12,65.63,0
fresno economic opportunities commission 1325 stillman st,CA,62.0,4.0,layoff temporary,layoff,2025-11-03,2025-10-31,2026-01-01,,2026-01-01,65.63,0
sensei wellness holdings inc dba sensei porcupine creek,CA,,78.0,layoff temporary,layoff,2024-05-14,2024-05-13,2024-07-14,,2024-07-14,65.86,0
the machine shed lake elmo,MN,,1.0,closure,closure,,,2025-01-20,,2025-01-20,65.65,0
yellow,NC,52.0,118.0,closure,closure,2023-08-01,2023-07-30,2023-07-30,,2023-07-30,69.0,1
informatica,CA,51.0,90.0,layoff permanent,layoff,2023-12-06,2023-11-01,2023-12-31,,2023-12-31,65.93,1
cue health,CA,33.0,101.0,layoff permanent,layoff,2024-05-21,2024-05-20,2024-05-24,,2024-05-24,65.99,1
united states cellular,IA,51.0,10.0,amendment - change in date,amendment,,2025-06-11,2025-07-01,,2025-07-01,65.7,0
david s bridal,CA,44.0,18.0,layoff permanent,layoff,2023-07-05,2023-04-25,2023-09-02,,2023-09-02,65.63,0
california institute of technology,CA,61.0,54.0,layoff permanent,layoff,2024-06-21,2024-06-20,2024-08-19,,2024-08-19,65.67,0
grouper acquisition,MI,55.0,160.0,closure,closure,,,2026-03-31,,2026-03-31,66.16,1
leidos,VA,54.0,93.0,layoff,layoff,,2026-01-21,2026-03-23,,2026-03-23,65.88,0
intermountain packing,ID,31.0,114.0,layoff,layoff,,2023-12-14,2023-12-12,,2023-12-12,66.09,1
trinity management services,CA,33.0,6.0,layoff permanent,layoff,2023-06-28,2023-05-23,2023-07-24,,2023-07-24,65.63,0
experian,CA,51.0,35.0,layoff permanent,layoff,2026-03-25,2026-03-23,2026-05-22,,2026-05-22,65.63,0
sunpower,CA,,11.0,layoff permanent,layoff,2024-07-29,2024-07-26,2024-09-24,,2024-09-24,65.63,0
cognizant technology solutions riata,TX,54.0,65.0,layoff,layoff,,,2023-12-08,,2023-12-08,65.78,0
right at school,CA,61.0,14.0,layoff permanent,layoff,2025-04-10,2025-04-09,2025-06-10,,2025-06-10,65.63,0
qualcomm incorporated,CA,33.0,122.0,layoff permanent,layoff,2023-06-14,2023-05-17,2023-07-18,,2023-07-18,66.09,1
brp marine us st peter,MN,33.0,106.0,layoff,layoff,2024-05-23,2024-05-23,2024-05-23,,2024-05-23,66.04,1
railcrew xpress rcx,GA,,2.0,closure,closure,,,2023-02-20,,2023-02-20,65.71,0
taco john s marshall,MN,72.0,20.0,closure,closure,,,2024-05-02,,2024-05-02,65.65,0
jabil,CA,33.0,138.0,layoff temporary,layoff,2023-10-24,2023-09-21,2023-12-23,,2023-12-23,66.15,1
intel corporation sc 2,CA,33.0,2.0,layoff permanent,layoff,2025-12-05,2025-12-03,2025-11-30,,2025-11-30,65.63,0
google,CA,51.0,31.0,layoff permanent,layoff,2023-01-23,2023-01-20,2023-03-31,,2023-03-31,65.63,0
uscc management services,MD,,17.0,layoff,layoff,,2025-04-07,2025-06-02,,2025-06-02,65.68,0
the real good food,CA,31.0,7.0,layoff permanent,layoff,2024-03-26,2024-03-20,2024-05-24,,2024-05-24,65.63,0
summit public schools,CA,,20.0,layoff permanent,layoff,2023-05-31,2023-04-28,2023-06-30,,2023-06-30,65.63,0
continuum global solutions,MD,56.0,51.0,layoff,layoff,,2023-02-24,2023-04-24,,2023-04-24,65.69,0
google us mtv 1965,CA,51.0,14.0,layoff permanent,layoff,2024-01-25,2024-01-10,2024-03-10,,2024-03-10,65.63,0
denbury,TX,21.0,111.0,layoff,layoff,,,2024-04-30,,2024-04-30,66.06,1
henkel,CA,32.0,7.0,closure permanent,closure,2025-11-21,2025-11-20,2026-04-30,,2026-04-30,65.63,0
cruise,AZ,33.0,93.0,layoff,layoff,,2025-02-04,,,2025-02-04,65.97,1
walgreens crystal,MN,,1.0,closure,closure,,,2025-02-20,,2025-02-20,65.65,0
pssi,IA,62.0,76.0,mass layoff,mass_layoff,,2024-03-27,2024-06-28,,2024-06-28,65.0,0
acuity optical laboratories,IL,33.0,99.0,closing,closure,2024-10-16,2024-10-16,2024-12-20,,2024-12-20,66.02,1
mid south transportation management,TN,,18.0,unknown,other,2024-08-20,,2024-08-18,,2024-08-18,65.61,0
lava burgers and wings in owatonna,MN,72.0,1.0,closure,closure,,,2023-11-01,,2023-11-01,65.65,0
marshfield clinic health system,WI,62.0,1.0,layoff,layoff,,2023-03-01,2023-05-19,,2023-05-19,65.64,0
off lease only,FL,,49.0,layoff,layoff,,2023-09-06,2023-09-07,2023-09-07,2023-09-07,65.62,0
meta platforms,CA,51.0,19.0,layoff permanent,layoff,2023-06-23,2023-05-29,2023-07-28,,2023-07-28,65.63,0
nsk aks precision ball,IA,33.0,54.0,closing,closure,,2024-09-19,2025-03-31,,2025-03-31,65.74,0
omaha steaks international,NE,31.0,65.0,layoff,layoff,,2023-03-15,,,2023-03-15,65.73,0
green n fresh,MN,42.0,1.0,closure,closure,,,2024-05-01,,2024-05-01,65.65,0
walterscheid,IL,33.0,130.0,closing,closure,2024-08-20,2024-08-20,2024-10-14,2024-10-28,2024-10-14,66.16,1
wayforth,MA,56.0,48.0,layoff,layoff,2023-08-15,,2023-08-18,,2023-08-18,66.83,1
service management systems,GA,,155.0,permanent layoff / reduction in force,layoff,,,2023-10-14,,2023-10-14,66.3,1
east coast migrant head start project ecmhsp,NC,61.0,29.0,closure,closure,2025-10-22,2025-10-17,2025-11-01,,2025-11-01,65.61,0
mv transportation,CA,,14.0,layoff permanent,layoff,2025-04-15,2025-04-14,2025-06-17,,2025-06-17,65.63,0
baylor scott white institute for rehabilitation home health,TX,62.0,81.0,layoff,layoff,,,2024-06-30,,2024-06-30,65.9,1
true north seafood,MA,31.0,58.0,layoff,layoff,2024-03-28,,2024-05-28,,2024-05-28,65.7,0
obvio health usa inc obviohealth,AZ,,51.0,layoff,layoff,,2024-05-28,,,2024-05-28,65.66,0
google us sfo mkt1,CA,51.0,14.0,layoff permanent,layoff,2024-01-25,2024-01-10,2024-03-10,,2024-03-10,65.63,0
illinois central school bus,IL,48.0,37.0,closing,closure,2026-03-02,2026-03-02,2026-05-25,2026-06-30,2026-05-25,65.66,0
kaiser foundation hospitals 99 s oakland ave,CA,62.0,5.0,layoff permanent,layoff,2025-06-03,2025-06-02,2025-06-02,,2025-06-02,65.63,0
ppc flexible packaging,OH,32.0,68.0,layoff,layoff,2024-10-31,,2025-01-03,2025-03-28,2025-01-03,65.75,0
amazon san 15,CA,45.0,50.0,layoff permanent,layoff,2025-10-29,2025-10-28,2026-01-26,,2026-01-26,65.63,0
neuehouse inc 6121,CA,72.0,108.0,closure permanent,closure,2025-09-05,2025-09-04,2025-09-05,,2025-09-05,66.03,1
breakfast barn millville,MN,72.0,2.0,closure,closure,,,2025-01-25,,2025-01-25,65.65,0
del monte foods corporation ii,CA,31.0,25.0,closure permanent,closure,2026-04-09,2026-04-06,2026-04-07,,2026-04-07,65.63,0
kaiser foundation hospitals 75 fair oaks ave,CA,62.0,2.0,layoff permanent,layoff,2025-06-03,2025-06-02,2025-06-02,,2025-06-02,65.63,0
google us sfo 1mst,CA,51.0,6.0,layoff permanent,layoff,2024-05-08,2024-04-29,2024-06-09,,2024-06-09,65.63,0
noridian healthcare solutions,ND,54.0,47.0,layoff,layoff,,2026-01-15,2026-01-28,,2026-01-28,65.73,0
gaf materials,NJ,32.0,130.0,layoff,layoff,,2026-01-15,,,2026-01-15,66.08,1
marshfield clinic health system,WI,62.0,11.0,layoff,layoff,,2023-03-01,2023-05-19,,2023-05-19,65.64,0
carbon health,CA,62.0,1.0,layoff permanent,layoff,2023-10-18,2023-08-10,2023-10-09,,2023-10-09,65.63,0
first savings bank,AZ,52.0,3.0,layoff,layoff,,2023-09-29,,,2023-09-29,65.65,0
imagefirst healthcare laundry specialists,MO,81.0,92.0,layoff,layoff,,2025-07-03,2025-09-08,2025-12-31,2025-09-08,65.91,1
dragon star buffet,MN,72.0,1.0,layoff,layoff,,,2026-01-16,,2026-01-16,65.65,0
mindspring update,CO,54.0,49.0,reduction in force,layoff,,2024-06-04,2024-06-04,2024-06-04,2024-06-04,65.62,0
woodbury dental arts,MN,62.0,50.0,closure,closure,,,2024-03-01,,2024-03-01,65.65,0
directbuy home improvement inc dba z gallerie,CA,44.0,46.0,layoff permanent,layoff,2024-01-23,2023-12-12,2024-01-31,,2024-01-31,65.63,0
tramontina usa,TX,,62.0,layoff,layoff,,,2024-03-08,,2024-03-08,65.76,0
providence holy cross medical center,CA,62.0,2.0,layoff permanent,layoff,2024-04-08,2024-04-04,2024-06-03,,2024-06-03,65.63,0
cbre,CA,52.0,20.0,layoff permanent,layoff,2025-02-28,2025-02-28,2025-05-02,,2025-05-02,65.63,0
kaleo,CT,,58.0,layoff,layoff,2024-09-30,2024-09-30,2024-11-30,,2024-11-30,65.7,0
southside communities fire protection,GA,92.0,112.0,closure,closure,,,2024-07-01,,2024-07-01,66.13,1
strauss brands logistics,WI,31.0,70.0,closure,closure,,2024-06-04,2024-08-05,,2024-08-05,65.81,0
3636 san diego lgbt community center,CA,81.0,20.0,layoff permanent,layoff,2025-07-10,2025-07-03,2025-09-06,,2025-09-06,65.63,0
target corp distribution center,IN,49.0,201.0,closure,closure,,2025-08-05,2025-09-19,,2025-09-19,66.32,1
block,NV,51.0,4.0,layoff,layoff,2024-01-30,2024-01-30,2024-03-30,,2024-03-30,65.68,0
ipro island peer review organization,NY,54.0,14.0,contract expiration,other,,2024-07-15,2024-09-30,2024-09-30,2024-09-30,65.76,0
ir labs de,IA,51.0,66.0,mass layoff,mass_layoff,,2024-02-02,2024-02-02,,2024-02-02,65.84,0
santee print works,SC,31.0,140.0,closure,closure,,2025-10-20,2025-12-20,,2025-12-20,66.15,1
ubs,NJ,52.0,51.0,layoff,layoff,,2023-08-20,,,2023-08-20,65.59,0
roseburg forest products,OR,32.0,107.0,closure,closure,,2025-09-25,,,2025-09-25,66.08,1
utz quality foods,AL,31.0,175.0,layoff,layoff,,2023-04-26,2023-07-03,,2023-07-03,66.24,1
amazon mac2,CA,45.0,175.0,closure permanent,closure,2026-01-28,2026-01-28,2026-04-28,,2026-04-28,66.28,1
carbon health,CA,62.0,2.0,layoff permanent,layoff,2023-10-16,2023-08-10,2023-10-09,,2023-10-09,65.63,0
amazon lax21,CA,45.0,43.0,layoff permanent,layoff,2025-10-29,2025-10-28,2026-01-26,,2026-01-26,65.63,0
nikola,CA,33.0,7.0,layoff permanent,layoff,2025-02-19,2025-02-19,2025-04-21,,2025-04-21,65.63,0
trilogy management services,MA,32.0,48.0,layoff,layoff,2024-11-04,,2024-12-31,,2024-12-31,66.83,1
technical consumer products,CA,33.0,11.0,closure permanent,closure,2024-01-25,2024-01-05,2024-05-31,,2024-05-31,65.63,0
reimagined parking,MD,54.0,2.0,closure,closure,,2024-03-19,2024-05-18,,2024-05-18,65.68,0
warner music,CA,51.0,5.0,layoff permanent,layoff,2025-12-18,2025-12-17,2026-02-16,,2026-02-16,65.63,0
walmart,NJ,,187.0,layoff,layoff,,2025-08-22,,,2025-08-22,66.27,1
drt,IA,49.0,26.0,closing,closure,,2025-12-01,2026-01-30,,2026-01-30,65.7,0
cdi hs community development institute head start,CO,31.0,120.0,mass layoff,mass_layoff,,2023-06-30,2023-08-31,2033-08-31,2023-08-31,66.07,1
yellow,IA,52.0,1.0,closing,closure,,2023-08-01,2023-07-30,,2023-07-30,69.0,1
owens brockway glass container,OR,32.0,90.0,layoff,layoff,,2025-07-29,,,2025-07-29,65.99,1
horton automatics,TX,33.0,63.0,layoff,layoff,,,2024-03-18,,2024-03-18,65.77,0
wellmore energy company llc 3461 belchers fork road grundy va 24614,VA,21.0,12.0,layoff,layoff,,2025-10-06,2025-12-06,,2025-12-06,65.56,0
eclipse advantage,MD,56.0,48.0,closure,closure,,2023-12-06,2024-02-02,,2024-02-02,65.68,0
blue shield of california,CA,52.0,4.0,layoff permanent,layoff,2024-10-03,2024-10-02,2024-12-11,,2024-12-11,65.63,0
hunter douglas window designs,NC,52.0,135.0,closure,closure,2023-03-13,2023-03-07,2023-08-30,,2023-08-30,66.13,1
ups,OK,,48.0,layoff,layoff,,2024-11-18,,,2024-11-18,66.78,1
pl developments,SC,32.0,114.0,layoff,layoff,,2025-08-29,2025-10-30,,2025-10-30,66.04,1
john adams academy,CA,61.0,13.0,closure permanent,closure,2026-04-01,2026-03-30,2026-06-01,,2026-06-01,65.63,0
advanced distributor products,MS,42.0,69.0,layoff,layoff,,2025-08-13,2025-08-14,,2025-08-14,65.75,0
david s bridal,IA,44.0,22.0,amendment,amendment,,2023-06-12,2023-08-20,,2023-08-20,65.7,0
interstate paper,GA,32.0,220.0,closure,closure,,,2025-10-20,,2025-10-20,66.48,1
amerigroup partnership plan,MN,52.0,57.0,layoff,layoff,2023-11-03,2023-11-03,2023-12-29,,2023-12-29,65.72,0
purple goat,MN,33.0,1.0,layoff,layoff,,,2026-01-12,,2026-01-12,65.65,0
boeing,FL,33.0,6.0,layoff,layoff,,2024-11-18,2025-01-17,2025-01-17,2025-01-17,65.62,0
southwest airline co at o hare airport,IL,48.0,107.0,closing,closure,2026-03-31,2026-03-31,2026-06-04,,2026-06-04,66.06,1
minact,CA,56.0,118.0,layoff temporary,layoff,2026-01-30,2026-01-30,2026-03-31,,2026-03-31,66.07,1
wescom financial,CA,52.0,1.0,layoff permanent,layoff,2026-02-19,2026-02-19,2026-04-21,,2026-04-21,65.63,0
logitech,CA,33.0,52.0,layoff permanent,layoff,2023-04-04,2023-03-20,2023-03-20,,2023-03-20,65.65,0
fsc edge,CO,54.0,1.0,closure,closure,,2023-12-01,2023-12-01,2023-12-01,2023-12-01,65.62,0
technoprobe america,CA,33.0,146.0,closure permanent,closure,2025-04-08,2025-04-05,2025-06-06,,2025-06-06,66.18,1
pacpizza dba pizza hut,CA,,6.0,layoff permanent,layoff,2024-01-24,2023-12-14,2024-02-20,,2024-02-20,65.63,0
primo brands,CA,,2.0,layoff permanent,layoff,2025-03-26,2025-03-26,2025-07-01,,2025-07-01,65.63,0
emergent biosolutions,MD,32.0,86.0,closure,closure,,2024-05-16,2024-08-02,,2024-08-02,65.97,1
fidelity guaranty life business services,IA,52.0,103.0,mass layoff,mass_layoff,,2025-05-27,2025-06-02,,2025-06-02,66.07,1
cvs health,IL,44.0,20.0,layoff,layoff,2023-08-18,2023-10-26,2023-12-30,,2023-12-30,65.66,0
roasted bliss,MN,72.0,1.0,closure,closure,,,2024-01-01,,2024-01-01,65.65,0
sodexo inc and affiliates,MD,72.0,17.0,closure,closure,,2023-06-13,2023-08-08,,2023-08-08,65.68,0
management training corp mtc medical llc giles w dalby facility,TX,62.0,218.0,layoff,layoff,,,2024-09-30,,2024-09-30,66.41,1
bh security,WI,56.0,1.0,layoff,layoff,,2025-03-17,2025-06-30,,2025-06-30,65.64,0
dmsi,CA,49.0,9.0,layoff permanent,layoff,2024-12-10,2024-11-20,2025-01-26,,2025-01-26,65.63,0
cali nail market,CA,81.0,12.0,closure permanent,closure,2025-04-01,2025-04-01,2025-06-01,,2025-06-01,65.63,0
cinemagic hollywood 12 rochester,MN,71.0,1.0,closure,closure,,,2024-08-18,,2024-08-18,65.65,0
the vons companies,CA,44.0,53.0,closure permanent,closure,2023-09-27,2023-08-15,2023-09-16,,2023-09-16,65.66,0
ubs,NJ,52.0,51.0,layoff,layoff,,2024-05-20,,,2024-05-20,65.59,0
amazon,CA,45.0,10.0,closure permanent,closure,2025-01-15,2025-01-08,2025-03-09,,2025-03-09,65.63,0
mountain sports llc d b a eastern mountain sports,CT,45.0,48.0,closure,closure,,2024-05-31,2024-06-14,,2024-06-14,66.83,1
sutro biopharma,CA,54.0,8.0,layoff permanent,layoff,2025-09-30,2025-09-29,2025-09-30,,2025-09-30,65.63,0
pennymac,CA,52.0,18.0,layoff permanent,layoff,2023-12-29,2023-11-15,2023-12-11,,2023-12-11,65.63,0
the grateful table,MN,72.0,7.0,closure,closure,,,2023-03-27,,2023-03-27,65.65,0
anaheim arena management,CA,71.0,91.0,layoff permanent,layoff,2025-08-15,2025-08-14,2025-10-15,,2025-10-15,65.94,1
kaiser foundation hospitals,CA,62.0,2.0,layoff permanent,layoff,2024-02-28,2024-02-26,2024-04-26,,2024-04-26,65.63,0
ermc,NJ,56.0,205.0,layoff,layoff,,2026-04-11,,,2026-04-11,66.32,1
city national bank,CA,52.0,8.0,layoff permanent,layoff,2024-11-07,2024-11-07,2025-01-10,,2025-01-10,65.63,0
wayforth,FL,56.0,11.0,layoff,layoff,,2023-08-15,2023-08-18,2023-08-18,2023-08-18,65.62,0
ion media networks,GA,51.0,53.0,permanent layoff / reduction in force,layoff,,,2026-04-10,,2026-04-10,65.74,0
advance stores company incorporated and its subsidiary golden state supply,CA,44.0,13.0,closure permanent,closure,2024-11-15,2024-11-14,2025-03-09,,2025-03-09,65.63,0
off lease only,FL,,111.0,layoff,layoff,,2023-09-06,2023-09-07,2023-09-07,2023-09-07,66.04,1
sunpower,CA,,64.0,closure permanent,closure,2024-05-01,2024-04-24,2024-06-24,,2024-06-24,65.75,0
accelered,MD,61.0,57.0,layoff,layoff,,2025-08-04,2025-10-15,,2025-10-15,65.75,0
radian group,PA,52.0,70.0,layoff,layoff,,,2024-09-13,,2024-09-13,70.0,1
j r simplot,CA,31.0,108.0,layoff permanent,layoff,2024-06-26,2024-06-21,2024-08-30,,2024-08-30,66.03,1
newport harbor island resort,RI,72.0,136.0,closure,closure,2023-09-22,2023-09-22,2023-11-22,,2023-11-22,66.05,1
hgs solutions,TX,54.0,92.0,layoff,layoff,,,2026-03-31,,2026-03-31,65.96,1
odw logistics,WI,,107.0,closure,closure,,2024-02-14,2024-04-14,,2024-04-14,66.03,1
qualitybuilt,CO,,2.0,unforeseen business circumstance/closure,closure,,2025-07-07,2025-07-03,2025-07-03,2025-07-03,65.62,0
pourlessoins,GA,62.0,8.0,permanent layoff / reduction in force,layoff,,,2025-08-31,,2025-08-31,65.71,0
microsoft 1045,CA,,7.0,layoff permanent,layoff,2025-06-02,2025-06-02,2025-08-01,,2025-08-01,65.63,0
id logistics,NJ,49.0,108.0,layoff,layoff,,2024-01-11,,,2024-01-11,65.99,1
primary health,CA,,60.0,layoff permanent,layoff,2023-07-06,2023-06-06,2023-06-06,,2023-06-06,65.72,0
wells fargo,IA,52.0,5.0,amendment,amendment,,2024-04-02,2024-04-02,,2024-04-02,65.7,0
guidehouse digital llc s,MD,54.0,38.0,layoff,layoff,,2025-04-07,2025-11-30,,2025-11-30,65.68,0
shadow holdings llc dba bright innovation labs,CA,,3.0,layoff permanent,layoff,2024-06-17,2024-06-14,2024-08-16,,2024-08-16,65.63,0
elior,WI,72.0,155.0,closure,closure,,2025-11-03,2026-05-17,,2026-05-17,66.22,1
innodata services,FL,51.0,1.0,layoff,layoff,,2026-02-03,2026-02-06,2026-03-13,2026-02-06,65.62,0
phoenix assurance,TX,52.0,25.0,layoff,layoff,,,2024-04-30,,2024-04-30,65.64,0
packers sanitation,MN,56.0,81.0,layoff,layoff,2023-04-10,2023-04-10,2023-05-30,,2023-05-30,65.9,1
the health trust,CA,,33.0,layoff permanent,layoff,2024-04-12,2024-04-01,2024-06-28,,2024-06-28,65.63,0
the apothecarium,CA,44.0,7.0,closure permanent,closure,2023-12-13,2023-11-13,2024-01-12,,2024-01-12,65.63,0
hotel viking,RI,72.0,105.0,layoff,layoff,2025-09-03,2025-08-29,2025-11-03,,2025-11-03,65.92,1
cracker barrel,CA,72.0,81.0,closure permanent,closure,2024-04-17,2024-04-15,2024-06-14,,2024-06-14,65.88,0
amazon sna 17,CA,45.0,1.0,layoff permanent,layoff,2026-01-30,2026-01-29,2026-04-28,,2026-04-28,65.63,0
aura management,CA,55.0,13.0,closure permanent,closure,2024-04-18,2024-04-18,2024-06-19,,2024-06-19,65.63,0
total storage solutions e street self storage,CA,,2.0,layoff permanent,layoff,2026-03-19,2026-03-12,2026-05-18,,2026-05-18,65.63,0
evernote,CA,51.0,65.0,layoff permanent,layoff,2023-02-23,2023-02-17,2023-02-17,,2023-02-17,65.76,0
tessera therapeutics,OH,54.0,1.0,layoff,layoff,2026-01-12,,2026-03-08,,2026-03-08,65.59,0
prime line products,CA,,116.0,closure permanent,closure,2023-01-10,2023-01-09,2023-03-31,,2023-03-31,66.06,1
university of southern california,CA,62.0,144.0,layoff permanent,layoff,2025-08-22,2025-08-22,2025-10-04,,2025-10-04,66.18,1
total storage solutions beaumont rv self storage,CA,,3.0,layoff permanent,layoff,2026-03-19,2026-03-12,2026-05-18,,2026-05-18,65.63,0
berry global,IL,32.0,82.0,closing,closure,2023-08-30,2023-08-30,2023-11-01,,2023-11-01,65.92,1
zp better together,CA,51.0,50.0,closure permanent,closure,2023-06-12,2023-05-24,2023-07-24,,2023-07-24,65.63,0
depuy synthes products,CA,33.0,11.0,layoff permanent,layoff,2023-06-22,2023-06-02,2023-08-04,,2023-08-04,65.63,0
right at school,CA,61.0,7.0,layoff permanent,layoff,2025-04-10,2025-04-09,2025-06-10,,2025-06-10,65.63,0
the orvis,VT,,112.0,layoff,layoff,,2024-10-04,,,2024-10-04,65.94,1
ymca tunnel elementary school,CA,71.0,10.0,layoff permanent,layoff,2026-04-20,2026-04-17,2026-06-09,,2026-06-09,65.63,0
crothall healthcare,FL,56.0,15.0,layoff,layoff,,2024-12-20,2025-01-13,2025-01-13,2025-01-13,65.62,0
advance stores company incorporated and its subsidiary golden state supply,CA,44.0,9.0,closure permanent,closure,2024-11-15,2024-11-14,2025-03-06,,2025-03-06,65.63,0
michael foods,AZ,31.0,53.0,layoff,layoff,,2024-01-15,,,2024-01-15,65.68,0
fujifilm irvine scientific,CA,32.0,7.0,layoff permanent,layoff,2023-10-02,2023-08-02,2023-10-06,,2023-10-06,65.63,0
dj s clothing warehouse,MN,45.0,1.0,closure,closure,,,2024-12-31,,2024-12-31,65.65,0
natural fiber welding,IL,,47.0,layoff,layoff,2024-12-10,2024-12-10,2025-02-08,,2025-02-08,65.66,0
chez bojji rochester,MN,72.0,1.0,closure,closure,,,2023-06-16,,2023-06-16,65.65,0
intuit,CA,51.0,215.0,layoff permanent,layoff,2024-07-10,2024-07-10,2024-09-09,,2024-09-09,66.39,1
boardriders wholesale,CA,42.0,6.0,layoff permanent,layoff,2024-02-06,2024-02-01,2024-02-16,,2024-02-16,65.63,0
nov energy products services,MS,33.0,12.0,closure,closure,,2025-12-01,2026-04-01,,2026-04-01,65.58,0
cepheid b6,CA,32.0,1.0,layoff permanent,layoff,2025-10-30,2025-10-29,2025-12-31,,2025-12-31,65.63,0
oracle america,CA,51.0,187.0,layoff permanent,layoff,2025-09-02,2025-09-02,2025-11-03,,2025-11-03,66.31,1
parkdale mills,NC,,74.0,closure,closure,2024-09-23,2024-09-17,2024-11-17,,2024-11-17,65.82,0
hollister,MO,44.0,7.0,closure,closure,,2025-07-01,2025-08-29,,2025-08-29,65.59,0
icu medical,MN,33.0,81.0,closure,closure,2023-08-17,2023-08-17,2023-10-19,,2023-10-19,65.9,1
gxo logistics of texas supply chain,TX,49.0,92.0,layoff,layoff,,,2023-10-31,,2023-10-31,65.96,1
lost boys interactive,GA,51.0,139.0,permanent layoff / reduction in force,layoff,,,2024-09-09,,2024-09-09,66.24,1
meta platforms,CA,51.0,1.0,layoff permanent,layoff,2023-06-23,2023-05-29,2023-07-28,,2023-07-28,65.63,0
edwards lifesciences,CA,33.0,192.0,layoff permanent one edwards way,layoff,2024-09-04,2024-09-03,2024-11-08,,2024-11-08,66.33,1
nextdoor,CA,51.0,99.0,layoff permanent,layoff,2023-12-07,2023-11-07,2023-11-09,,2023-11-09,65.98,1
albertsons companies,CA,44.0,75.0,closure permanent,closure,2026-01-16,2026-01-16,2026-03-19,,2026-03-19,65.84,0
fish market restaurants,CA,72.0,6.0,closure permanent,closure,2023-08-23,2023-07-14,2023-09-14,,2023-09-14,65.63,0
amentum,CO,56.0,45.0,closure-completion of pcapp milestones,closure,,2024-01-30,2024-03-01,2024-03-31,2024-03-01,65.62,0
sdh service east,TX,56.0,166.0,layoff,layoff,,,2024-01-23,,2024-01-23,66.27,1
advance stores company incorporated and its subsidiary golden state supply,CA,44.0,9.0,closure permanent,closure,2024-11-15,2024-11-14,2025-02-17,,2025-02-17,65.63,0
first savings bank,SC,52.0,1.0,layoff,layoff,,2023-09-29,2023-11-30,,2023-11-30,65.61,0
cvs med care pharmacy,KY,44.0,77.0,closure,closure,2025-08-07,,2025-10-11,,2025-10-11,65.83,0
cbre,CA,52.0,14.0,layoff permanent,layoff,2025-02-28,2025-02-28,2025-05-02,,2025-05-02,65.63,0
waco family medicine meyer center,TX,,52.0,layoff,layoff,,,2025-03-21,,2025-03-21,65.67,0
boeing,CA,33.0,1.0,layoff permanent,layoff,2024-11-15,2024-11-15,2025-01-17,,2025-01-17,65.63,0
intel,CA,33.0,216.0,layoff permanent,layoff,2024-10-17,2024-10-15,2024-10-31,,2024-10-31,66.39,1
watermark retirement communities,MD,62.0,117.0,layoff,layoff,,2023-06-12,2023-08-08,,2023-08-08,66.13,1
fresno economic opportunities commission 1701 alton st,CA,62.0,9.0,layoff temporary,layoff,2025-11-03,2025-10-31,2026-01-01,,2026-01-01,65.63,0
advance stores company incorporated and its subsidiary golden state supply,CA,44.0,13.0,closure permanent,closure,2024-11-15,2024-11-14,2025-03-06,,2025-03-06,65.63,0
jounce therapeutics,MA,54.0,77.0,layoff,layoff,2023-02-22,,2023-03-15,2023-03-31,2023-03-15,65.85,0
cvs health,IL,44.0,1.0,layoff,layoff,2023-08-18,2023-10-26,2023-12-30,,2023-12-30,65.66,0
ipic theaters,FL,71.0,58.0,layoff,layoff,,2026-02-26,2026-04-28,2026-04-28,2026-04-28,65.7,0
yelloh marshall,MN,,50.0,closure,closure,2024-09-23,2024-09-23,2024-11-22,,2024-11-22,65.65,0
southeast iowa regional medical center,IA,62.0,11.0,mass layoff,mass_layoff,,2023-12-19,2024-02-23,,2024-02-23,65.7,0
socal pizza holdings,CA,72.0,22.0,layoff permanent,layoff,2024-02-23,2023-12-01,2024-02-05,,2024-02-05,65.63,0
johnson johnson services,CA,55.0,1.0,layoff permanent,layoff,2023-03-02,2023-03-01,2023-04-30,,2023-04-30,65.63,0
google us mtv rls1,CA,51.0,57.0,layoff permanent,layoff,2024-02-06,2024-01-22,2024-03-04,,2024-03-04,65.69,0
city national bank,CA,52.0,9.0,layoff not known at this time,layoff,2026-02-03,2026-01-30,2026-04-03,,2026-04-03,65.63,0
quixote studio services 1011,CA,,8.0,layoff permanent,layoff,2025-07-11,2025-07-10,2025-07-10,,2025-07-10,65.63,0
cvs health richardson,TX,44.0,167.0,layoff,layoff,,,2023-10-21,,2023-10-21,66.27,1
regency enterprises services,MO,55.0,183.0,layoff,layoff,,2024-05-20,2024-08-31,,2024-08-31,66.26,1
california human development,CA,62.0,7.0,closure permanent,closure,2024-11-01,2024-10-29,2024-12-31,,2024-12-31,65.63,0
tyson foods,FL,31.0,11.0,layoff,layoff,,2023-12-13,2024-01-12,2024-03-17,2024-01-12,65.62,0
impossible foods,CA,31.0,132.0,layoff permanent,layoff,2023-02-28,2023-02-10,2023-04-11,,2023-04-11,66.13,1
makita usa,MA,33.0,3.0,layoff,layoff,2023-04-28,,2023-06-28,,2023-06-28,65.63,0
kaiser foundation hospitals 74,CA,62.0,15.0,layoff permanent,layoff,2025-10-07,2025-10-06,2025-09-17,,2025-09-17,65.63,0
comprehensive autism center,CA,62.0,9.0,closure permanent,closure,2023-07-28,2023-06-29,2023-09-30,,2023-09-30,65.63,0
intense lighting,CA,33.0,90.0,closure permanent,closure,2023-08-28,2023-07-24,2023-09-29,,2023-09-29,65.93,1
at t,NJ,51.0,1.0,layoff,layoff,,2023-11-23,,,2023-11-23,65.58,0
prisma health,SC,62.0,23.0,layoff,layoff,,2023-07-13,2023-08-31,,2023-08-31,65.61,0
infineon,CA,33.0,15.0,layoff permanent,layoff,2025-11-04,2025-10-31,2025-11-14,,2025-11-14,65.63,0
forever 21 rochester,MN,44.0,5.0,closure,closure,,,2025-06-01,,2025-06-01,65.65,0
walmart,CA,,34.0,layoff permanent,layoff,2024-05-20,2024-05-17,2024-08-09,,2024-08-09,65.63,0
sunovian pharmaceuticals,MA,,101.0,layoff,layoff,2023-04-27,,2023-06-30,,2023-06-30,65.99,1
yellow,NM,52.0,118.0,layoff,layoff,2023-07-30,2023-07-30,2023-07-30,,2023-07-30,69.0,1
legoland california resort,CA,71.0,2.0,layoff permanent,layoff,2025-04-11,2025-04-11,2025-06-10,,2025-06-10,65.63,0
rtx 2006 building e04,CA,33.0,1.0,layoff permanent,layoff,2025-04-23,2025-04-10,2025-06-20,,2025-06-20,65.63,0
progrexion teleservices,AZ,54.0,203.0,layoff,layoff,,2023-04-28,,,2023-04-28,66.38,1
matheson postal services,CA,49.0,10.0,layoff permanent,layoff,2024-01-30,2023-12-01,2024-01-31,,2024-01-31,65.63,0
cue health vista,CA,33.0,70.0,layoff permanent,layoff,2024-02-02,2024-01-25,2024-03-26,,2024-03-26,65.8,0
chick fil a,CA,72.0,82.0,closure temporary,closure,2024-04-18,2024-04-09,2024-06-06,,2024-06-06,65.88,0
compass group usa inc dba chartwells,MA,72.0,76.0,layoff,layoff,2026-03-24,,2026-05-27,,2026-05-27,65.85,0
panduit,IL,,185.0,closing,closure,2025-10-13,2025-10-13,2025-12-15,2026-02-01,2025-12-15,66.34,1
covanta energy,FL,22.0,42.0,layoff,layoff,,2023-10-02,2023-10-14,2023-10-14,2023-10-14,65.62,0
container connection,CA,48.0,64.0,layoff permanent,layoff,2023-10-19,2023-09-14,2023-11-22,,2023-11-22,65.75,0
cvs health,MA,44.0,76.0,layoff,layoff,2023-08-18,,2023-10-21,,2023-10-21,65.85,0
onetouch,CO,,70.0,closure,closure,,2025-07-10,2025-07-10,2025-09-12,2025-07-10,65.79,0
te connectivity,CA,33.0,61.0,closure permanent,closure,2024-01-29,2023-12-20,2024-02-23,,2024-02-23,65.73,0
jack cooper,MI,48.0,119.0,closure,closure,,,2025-02-08,,2025-02-08,66.0,1
appfolio,CA,51.0,16.0,layoff permanent,layoff,2024-02-02,2024-01-31,2024-03-31,,2024-03-31,65.63,0
tj maxx,MN,45.0,75.0,closure,closure,,,2023-09-18,,2023-09-18,65.86,0
tc js enterprises franchise operator of chick fil a,CA,72.0,35.0,closure temporary,closure,2025-04-14,2025-04-14,2025-06-19,,2025-06-19,65.63,0
advance stores company incorporated and its subsidiary golden state supply,CA,44.0,10.0,closure permanent,closure,2024-11-15,2024-11-14,2025-02-26,,2025-02-26,65.63,0
wells fargo,IL,52.0,1.0,layoff,layoff,2023-01-17,2023-05-02,,,2023-05-02,65.66,0
hub bike,MN,45.0,16.0,closure,closure,,,2024-09-30,,2024-09-30,65.65,0
public health solutions,NY,62.0,8.0,economic,other,,2025-01-06,2025-04-06,2025-06-30,2025-04-06,65.76,0
shutterfly,NC,33.0,108.0,closure,closure,2023-05-04,2023-05-04,2023-12-31,,2023-12-31,66.02,1
wells fargo,FL,52.0,1.0,layoff,layoff,,2023-09-05,2023-11-03,2023-11-03,2023-11-03,65.62,0
advance stores company incorporated and its subsidiary golden state supply,CA,44.0,10.0,closure permanent,closure,2024-11-15,2024-11-14,2025-03-05,,2025-03-05,65.63,0
university of southern california norris,CA,62.0,1.0,layoff permanent,layoff,2025-09-15,2025-09-14,2025-10-03,,2025-10-03,65.63,0
imi norgren,CO,33.0,60.0,site consolidation and office relocation,other,,2024-01-30,2024-04-01,2024-06-30,2024-04-01,65.71,0
maple ridge memory care and lodge,VT,62.0,126.0,layoff,layoff,,2026-01-30,,,2026-01-30,66.0,1
brookfield properties usa ii,CA,53.0,3.0,layoff permanent,layoff,2024-02-08,2024-01-25,2024-04-01,,2024-04-01,65.63,0
blue shield of california building c,CA,52.0,5.0,layoff permanent,layoff,2026-03-16,2026-03-13,2026-04-08,,2026-04-08,65.63,0
newrez,CO,52.0,187.0,reduction in force,layoff,,2024-06-27,2024-08-26,2024-08-26,2024-08-26,66.3,1
soil organic,TX,33.0,61.0,layoff,layoff,,,2024-09-13,,2024-09-13,65.75,0
machete,MN,72.0,1.0,layoff,layoff,,,2026-01-20,,2026-01-20,65.65,0
artisans,WI,33.0,46.0,closure,closure,,2026-02-04,2026-03-31,,2026-03-31,65.64,0
spiritrust lutheran,PA,,48.0,closure,closure,,,2025-07-18,,2025-07-18,66.85,1
walmart,NC,,155.0,layoff,layoff,2024-06-20,2024-06-20,2024-09-20,,2024-09-20,66.2,1
cygnus home service,WI,81.0,13.0,closure,closure,,2024-09-23,2024-11-22,,2024-11-22,65.64,0
gsc national transportation,CA,48.0,38.0,layoff permanent,layoff,2025-07-10,2025-07-10,2025-07-10,,2025-07-10,65.63,0
dlh solutions,AZ,54.0,20.0,layoff,layoff,,2026-04-17,,,2026-04-17,65.65,0
durham city transit,NC,48.0,211.0,closure,closure,2023-05-30,2023-05-30,2023-06-30,,2023-06-30,66.36,1
amazon san 17,CA,45.0,19.0,layoff permanent,layoff,2026-01-30,2026-01-29,2026-04-28,,2026-04-28,65.63,0
wells fargo,IA,52.0,62.0,mass layoff - additional employees,mass_layoff,,2026-03-31,2026-05-30,,2026-05-30,65.81,0
consolidate entertainment,CA,71.0,63.0,closure permanent,closure,2026-04-02,2026-04-01,2026-05-31,,2026-05-31,65.75,0
management training corporation mtc diboll,TX,92.0,101.0,layoff,layoff,,,2023-08-31,,2023-08-31,66.01,1
sierra electrotek,WI,33.0,37.0,closure,closure,,2024-02-27,2024-03-08,,2024-03-08,65.64,0
innodata services,FL,51.0,4.0,layoff,layoff,,2026-02-03,2026-02-06,2026-03-13,2026-02-06,65.62,0
hood container,NC,32.0,88.0,closure,closure,2023-10-19,2023-10-19,2023-12-19,,2023-12-19,65.91,1
hanesbrands,NC,31.0,159.0,layoff,layoff,2024-02-05,2024-02-05,2024-04-05,,2024-04-05,66.22,1
diageo north america,MD,31.0,108.0,closure,closure,,2023-03-31,2023-06-09,,2023-06-09,66.08,1
cygnus home service llc d b a yelloh,MD,45.0,8.0,layoff,layoff,,2024-05-29,2024-07-27,,2024-07-27,65.68,0
off lease only,FL,,163.0,layoff,layoff,,2023-09-06,2023-09-07,2023-09-07,2023-09-07,66.24,1
hub bike co op,MN,45.0,10.0,closure,closure,,,2023-09-01,,2023-09-01,65.65,0
david s bridal,CA,44.0,28.0,layoff permanent,layoff,2023-06-30,2023-04-25,2023-09-02,,2023-09-02,65.63,0
downtown college preparatory administrative offices,CA,61.0,9.0,closure permanent,closure,2025-05-08,2025-04-30,2025-06-30,,2025-06-30,65.63,0
the fashion institute of design merchandising fidm,CA,61.0,107.0,layoff permanent,layoff,2023-04-07,2023-03-30,2023-05-31,,2023-05-31,66.02,1
dfc,AZ,,33.0,layoff,layoff,,2025-04-29,,,2025-04-29,65.65,0
inservco,OH,56.0,62.0,layoff,layoff,2024-08-02,,2024-10-01,2024-12-31,2024-10-01,65.7,0
solgen power llc d b a purelight power,IA,23.0,29.0,closing,closure,,2025-12-23,2025-12-23,,2025-12-23,65.7,0
cresco labs,CA,11.0,25.0,closure permanent,closure,2023-03-16,2023-03-15,2023-05-15,,2023-05-15,65.63,0
hd supply,TN,42.0,108.0,unknown,other,2025-10-27,,2026-01-09,,2026-01-09,66.01,1
lost boys interactive,WI,51.0,23.0,layoff,layoff,,2024-09-09,2024-09-09,,2024-09-09,65.64,0
unitypoint health,IA,51.0,76.0,mass layoff,mass_layoff,,2026-04-14,2026-07-24,,2026-07-24,65.92,1
cushman wakefield u s,CA,53.0,1.0,layoff permanent,layoff,2023-05-11,2023-04-27,2023-06-25,,2023-06-25,65.63,0
meta platforms,CA,51.0,118.0,layoff permanent,layoff,2023-05-08,2023-04-24,2023-06-23,,2023-06-23,66.07,1
amazon sna12,CA,45.0,17.0,layoff permanent,layoff,2025-10-29,2025-10-28,2026-01-26,,2026-01-26,65.63,0
advance stores company incorporated and its subsidiary golden state supply,CA,44.0,15.0,closure permanent,closure,2024-11-15,2024-11-14,2025-03-08,,2025-03-08,65.63,0
caroffer,TX,42.0,101.0,layoff,layoff,,,2025-10-06,,2025-10-06,66.01,1
99 cents only stores,CA,45.0,44.0,closure permanent,closure,2024-04-16,2024-04-04,2024-06-03,,2024-06-03,65.63,0
constellis dba omniplex world services,DC,56.0,50.0,layoff,layoff,,2023-09-29,2023-11-30,,2023-11-30,65.56,0
cvs health,IL,44.0,68.0,mass layoff,mass_layoff,2023-08-18,2023-08-18,2023-10-21,2023-11-25,2023-10-21,65.82,0
dhl supply chain,IN,49.0,170.0,closure,closure,,2024-04-23,2024-08-01,,2024-08-01,66.23,1
university of southern california keck hospital,CA,61.0,45.0,layoff permanent,layoff,2025-08-05,2025-08-04,2025-10-04,,2025-10-04,65.63,0
united states cellular,CA,51.0,6.0,layoff permanent,layoff,2025-04-09,2025-03-26,2025-06-02,,2025-06-02,65.63,0
hrl laboratories remote employees,CA,54.0,7.0,layoff permanent,layoff,2025-11-17,2025-11-17,2026-01-16,,2026-01-16,65.63,0
john deere intelligent solutions,IA,54.0,58.0,mass layoff,mass_layoff,,2024-06-03,2024-06-06,,2024-06-06,65.77,0
walgreens,CA,,19.0,closure permanent,closure,2025-01-31,2025-01-31,2025-03-20,,2025-03-20,65.63,0
reata pharmaceuticals inc legacy,TX,32.0,113.0,layoff,layoff,,,2023-11-27,,2023-11-27,66.07,1
carbon health,CA,62.0,5.0,layoff permanent,layoff,2023-10-16,2023-08-10,2023-10-09,,2023-10-09,65.63,0
telluride sports franz klammer,CO,44.0,14.0,layoff,layoff,,2023-02-27,,,2023-02-27,65.62,0
kaiser foundation hospitals,CA,62.0,2.0,layoff permanent,layoff,2025-10-16,2025-10-13,2025-10-10,,2025-10-10,65.63,0
community development institute head start,WI,61.0,7.0,layoff,layoff,,2023-06-30,2023-08-31,,2023-08-31,65.64,0
99 cents only store llc lawndale,TX,45.0,20.0,layoff,layoff,,,2024-06-03,,2024-06-03,65.64,0
thermo fisher scientific,CA,33.0,2.0,layoff permanent,layoff,2023-06-13,2023-05-25,2023-06-19,,2023-06-19,65.63,0
chan zuckerberg biohub,CA,54.0,1.0,layoff permanent,layoff,2026-01-30,2026-01-29,2026-03-30,,2026-03-30,65.63,0
itron waseca,MN,33.0,153.0,closure,closure,,,2024-07-31,,2024-07-31,66.24,1
gap inc dba old navy store 5934,CA,44.0,112.0,closure permanent,closure,2023-06-15,2023-05-26,2023-07-31,,2023-07-31,66.05,1
apple,CA,33.0,15.0,layoff permanent,layoff,2024-04-02,2024-03-28,2024-05-27,,2024-05-27,65.63,0
william kreysler associates,CA,23.0,2.0,layoff permanent,layoff,2024-05-10,2024-05-10,2024-07-09,,2024-07-09,65.63,0
honeywell,AZ,33.0,6.0,layoff,layoff,,2023-03-31,,,2023-03-31,65.65,0
quality learning child care,MN,,1.0,closure,closure,,,2025-12-24,,2025-12-24,65.65,0
the breakfast club,CA,72.0,27.0,closure permanent,closure,2025-02-06,2025-01-31,2025-03-31,,2025-03-31,65.63,0
blue shield of california,CA,52.0,49.0,layoff permanent,layoff,2023-12-29,2023-11-27,2024-01-31,,2024-01-31,65.63,0
grede,AL,33.0,160.0,closure,closure,,2025-04-01,2025-05-22,,2025-05-22,66.19,1
advance stores company incorporated and its subsidiary golden state supply,CA,44.0,15.0,closure permanent,closure,2024-11-15,2024-11-14,2025-03-06,,2025-03-06,65.63,0
radial,CO,,84.0,selling customer care unit,other,,2024-05-01,2024-06-28,2024-06-28,2024-06-28,65.89,0
calpac pizza dba pizza hut,CA,72.0,5.0,layoff permanent,layoff,2024-01-24,2023-12-14,2024-02-15,,2024-02-15,65.63,0
turnkey one source llc at arlo chicago,IL,56.0,27.0,layoff,layoff,2025-01-30,2025-01-30,2025-03-31,,2025-03-31,65.66,0
trujacodi delivery express,PA,49.0,42.0,closure,closure,,,2025-09-12,,2025-09-12,65.65,0
fiserv,SD,51.0,80.0,layoff,layoff,,2024-01-04,,,2024-01-04,65.68,0
natron energy,MI,,37.0,closure,closure,,,2025-09-03,,2025-09-03,65.55,0
north atlantic ship repair,PA,33.0,58.0,closure,closure,,,2024-06-28,,2024-06-28,65.73,0
texas central school bus mill,TX,48.0,131.0,layoff,layoff,,,2025-07-15,,2025-07-15,66.15,1
triple canopy,CA,32.0,2.0,layoff permanent,layoff,2024-04-22,2024-03-27,2024-05-31,,2024-05-31,65.63,0
1640 san diego lgbt community center,CA,81.0,7.0,layoff permanent,layoff,2025-07-10,2025-07-03,2025-09-06,,2025-09-06,65.63,0
kaiser foundation hospitals,CA,62.0,49.0,layoff permanent,layoff,2024-02-28,2024-02-26,2024-04-26,,2024-04-26,65.63,0
marshfield clinic health system,WI,62.0,47.0,layoff,layoff,,2023-03-01,2023-05-19,,2023-05-19,65.64,0
pacific biosciences of california,CA,54.0,70.0,layoff permanent,layoff,2025-04-10,2025-04-09,2025-06-08,,2025-06-08,65.8,0
agilent technologies,CA,33.0,11.0,layoff permanent,layoff,2024-06-07,2024-06-07,2024-08-09,,2024-08-09,65.63,0
goforward,CA,,89.0,closure permanent,closure,2024-11-20,2024-11-18,2024-11-12,,2024-11-12,65.93,1
nevada heart and vascular center,NV,62.0,61.0,layoff,layoff,2023-01-17,2023-01-17,2023-01-13,,2023-01-13,65.79,0
primo brands,IL,,3.0,layoff,layoff,2025-03-05,2025-03-26,2025-05-05,2025-06-28,2025-05-05,65.66,0
sunrun,CA,,39.0,closure permanent,closure,2023-10-18,2023-09-12,2023-11-13,,2023-11-13,65.63,0
quixote studio services 10262,CA,,2.0,layoff permanent,layoff,2025-07-11,2025-07-10,2025-07-10,,2025-07-10,65.63,0
zendesk,CA,51.0,64.0,layoff permanent,layoff,2023-06-26,2023-05-31,2023-07-31,,2023-07-31,65.75,0
medimpact healthcare systems,CA,52.0,125.0,layoff permanent,layoff,2026-03-04,2026-03-04,2026-03-04,,2026-03-04,66.1,1
raices,TX,,61.0,layoff,layoff,,,2025-02-12,,2025-02-12,65.75,0
western digital,CA,33.0,81.0,layoff permanent,layoff,2023-06-06,2023-05-24,2023-07-28,,2023-07-28,65.88,0
district medical group children s rehabilitative services,AZ,62.0,118.0,layoff,layoff,,2025-04-25,,,2025-04-25,66.09,1
socal south oc,CA,72.0,2.0,layoff permanent,layoff,2024-02-23,2023-12-01,2024-02-05,,2024-02-05,65.63,0
mercyone,IA,62.0,40.0,closing,closure,,2026-01-23,2026-02-27,,2026-02-27,65.7,0
advance stores company incorporated and its subsidiary worldwide auto parts,CA,44.0,10.0,closure permanent,closure,2024-11-14,2024-11-14,2025-03-09,,2025-03-09,65.63,0
smart final stores,CA,44.0,23.0,layoff permanent,layoff,2025-02-18,2025-02-18,2025-04-21,,2025-04-21,65.63,0
lendingclub bank n a,CA,52.0,4.0,layoff permanent,layoff,2023-01-13,2023-01-12,2023-02-25,,2023-02-25,65.63,0
sarepta therapeutics,NC,54.0,21.0,layoff,layoff,2025-07-17,2025-07-16,2025-07-18,,2025-07-18,65.61,0
planned parenthood mar monte,CA,62.0,13.0,layoff permanent,layoff,2025-07-30,2025-07-24,2025-09-24,,2025-09-24,65.63,0
wells fargo,IA,52.0,21.0,amendment - additional employees,amendment,,2024-12-10,2025-02-10,,2025-02-10,65.7,0
blue shield of california building b,CA,52.0,3.0,layoff permanent,layoff,2025-04-22,2025-04-21,2025-05-01,,2025-05-01,65.63,0
hunt sons,CA,,3.0,layoff permanent,layoff,2024-10-31,2024-10-29,2025-01-01,,2025-01-01,65.63,0
stachs,CA,54.0,58.0,layoff permanent,layoff,2024-10-22,2024-10-16,2024-12-31,,2024-12-31,65.7,0
fineline industries,GA,33.0,92.0,closure,closure,,,2024-04-01,,2024-04-01,66.02,1
downtown streets,CA,81.0,17.0,closure permanent,closure,2025-08-29,2025-08-29,2025-10-31,,2025-10-31,65.63,0
total storage solutions crenshaw self storage,CA,,2.0,layoff permanent,layoff,2026-03-19,2026-03-12,2026-05-18,,2026-05-18,65.63,0
flagship facility services,CA,56.0,24.0,layoff permanent,layoff,2025-02-14,2025-02-14,2025-02-14,,2025-02-14,65.63,0
overhill farms,CA,31.0,100.0,layoff permanent,layoff,2023-02-16,2023-02-08,2023-04-09,,2023-04-09,65.99,1
marshfield clinic health system,WI,62.0,1.0,layoff,layoff,,2023-03-01,2023-05-19,,2023-05-19,65.64,0
hybrid promotions llc dba hybrid apparel,CA,33.0,22.0,closure permanent,closure,2024-07-10,2024-07-09,2024-09-06,,2024-09-06,65.63,0
ginkgo bioworks,CA,54.0,3.0,layoff permanent,layoff,2024-06-25,2024-06-24,2024-08-23,,2024-08-23,65.63,0
meta platforms inc 180 jefferson,CA,51.0,2.0,layoff permanent,layoff,2026-02-03,2026-02-02,2026-03-20,,2026-03-20,65.63,0
northeast transportation services,RI,48.0,52.0,closure,closure,2026-03-19,2026-03-19,2026-05-09,,2026-05-09,65.55,0
snap u of m extension falcon,MN,92.0,56.0,layoff,layoff,,,2025-08-22,,2025-08-22,65.71,0
fsc edge,AZ,54.0,1.0,layoff,layoff,,2023-12-01,,,2023-12-01,65.65,0
kashaco,CA,,62.0,layoff permanent,layoff,2024-12-02,2024-12-02,2025-01-31,,2025-01-31,65.74,0
cygnus home service llc dba yelloh,ND,45.0,11.0,layoff,layoff,,2023-10-25,2023-12-15,,2023-12-15,65.73,0
surveillance security inc of unarmed security guards,CA,56.0,1.0,layoff permanent,layoff,2025-01-31,2025-01-31,2025-03-31,,2025-03-31,65.63,0
advanced auto parts 7734 burleson,TX,44.0,1.0,layoff,layoff,,,2024-02-12,,2024-02-12,65.64,0
san diego imaging kearny mesa,CA,62.0,32.0,layoff permanent,layoff,2025-10-28,2025-10-23,2025-12-29,,2025-12-29,65.63,0
westlake chemical,MS,32.0,99.0,closure,closure,,2025-12-16,,,2025-12-16,65.93,1
yellow,CA,52.0,58.0,closure permanent,closure,2023-08-18,2023-08-01,2023-07-30,,2023-07-30,69.0,1
optum,CA,62.0,21.0,closure permanent,closure,2024-07-18,2024-07-18,2024-09-16,,2024-09-16,65.63,0
herbalife international of america,CA,31.0,59.0,layoff permanent,layoff,2023-09-06,2023-07-28,2023-09-29,,2023-09-29,65.71,0
mv transportation,CO,,198.0,layoff,layoff,,2023-04-27,2023-06-30,2023-06-30,2023-06-30,66.33,1
wells fargo,CA,52.0,6.0,layoff permanent,layoff,2026-03-04,2026-03-03,2026-05-02,,2026-05-02,65.63,0
cole haan,CA,44.0,9.0,layoff permanent,layoff,2024-03-27,2024-03-26,2024-03-26,,2024-03-26,65.63,0
parsons,KY,,7.0,closure,closure,2024-11-04,,2025-01-16,,2025-01-16,65.61,0
right at school,CA,61.0,1.0,layoff permanent,layoff,2025-04-10,2025-04-09,2025-06-18,,2025-06-18,65.63,0
ig design group americas,SC,32.0,112.0,closure,closure,,2025-06-26,2025-08-26,,2025-08-26,66.03,1
jako enterprises,NJ,,116.0,layoff,layoff,,2023-05-01,,,2023-05-01,66.02,1
nordstrom,NC,45.0,14.0,layoff,layoff,2025-06-02,2025-05-29,2026-02-21,,2026-02-21,65.61,0
nfi interactive logistics,GA,49.0,122.0,closure,closure,,,2023-06-30,,2023-06-30,66.17,1
nextgen healthcare,CA,54.0,56.0,layoff permanent,layoff,2023-12-21,2023-11-15,2024-01-16,,2024-01-16,65.68,0
national distribution centers llc nfi interactive logistics,IN,,79.0,closure,closure,,2025-08-13,2025-10-18,,2025-10-18,65.83,0
community development institute head start,WI,61.0,5.0,layoff,layoff,,2023-06-30,2023-08-31,,2023-08-31,65.64,0
u s bank 1289,CA,,5.0,layoff permanent,layoff,2023-09-21,2023-07-05,2023-07-28,,2023-07-28,65.63,0
seenager,CA,,117.0,closure permanent,closure,2023-02-15,2023-02-05,2023-04-07,,2023-04-07,66.07,1
aspiration partners,WI,52.0,3.0,closure,closure,,2023-03-24,2023-05-26,,2023-05-26,65.64,0
excalibur pizza llc dba round table pizza,CA,72.0,4.0,layoff permanent,layoff,2024-02-20,2024-02-15,2024-04-19,,2024-04-19,65.63,0
cruise llc 640 cesar chavez,CA,33.0,2.0,layoff permanent,layoff,2025-07-03,2025-07-03,2025-07-03,,2025-07-03,65.63,0
morgan stanley,OH,52.0,95.0,layoff,layoff,2023-11-01,,2023-12-31,,2023-12-31,65.92,1
headway technologies,CA,33.0,3.0,layoff permanent,layoff,2023-08-30,2023-07-20,2023-09-22,,2023-09-22,65.63,0
telaforce,FL,54.0,59.0,layoff,layoff,,2026-01-19,2026-03-20,2026-03-20,2026-03-20,65.71,0
sound physicians,AZ,62.0,98.0,layoff,layoff,,2024-07-30,,,2024-07-30,66.0,1
wis international,CA,56.0,10.0,layoff permanent,layoff,2025-10-29,2025-10-27,2026-01-01,,2026-01-01,65.63,0
trinity rail trinity tank car jordan valley,TX,56.0,170.0,layoff,layoff,,,2025-09-30,,2025-09-30,66.28,1
taco john s moorhead,MN,72.0,1.0,closure,closure,,,2023-06-01,,2023-06-01,65.65,0
clearwave fiber,IL,51.0,38.0,layoff,layoff,2023-08-23,2023-08-23,2023-10-23,,2023-10-23,65.66,0
ventra health,MD,54.0,34.0,mass layoff,mass_layoff,,2023-07-19,2023-10-09,,2023-10-09,65.68,0
amazon mab9,CA,45.0,191.0,closure permanent,closure,2026-01-28,2026-01-28,2026-04-28,,2026-04-28,66.32,1
blue shield of california san diego,CA,52.0,1.0,layoff permanent,layoff,2025-11-19,2025-11-18,2026-01-27,,2026-01-27,65.63,0
c2 technologies,FL,54.0,3.0,layoff,layoff,,2026-03-05,2026-03-06,2026-03-06,2026-03-06,65.62,0
david s bridal llc tyler,TX,44.0,31.0,layoff,layoff,,,2023-07-17,,2023-07-17,65.64,0
cygnus home service,IL,81.0,27.0,layoff,layoff,2024-06-10,2024-06-10,2024-07-27,,2024-07-27,65.66,0
legacy supply chain services ii,SC,49.0,48.0,closure,closure,,2024-04-19,2024-06-19,2024-07-03,2024-06-19,65.61,0
t mobile usa,MD,51.0,40.0,layoff,layoff,,2023-09-20,2023-11-02,,2023-11-02,65.68,0
kroger fulfillment network,FL,49.0,53.0,layoff,layoff,,2025-11-18,2026-02-01,2026-02-01,2026-02-01,65.65,0
astellas gene therapies,CA,54.0,10.0,layoff permanent,layoff,2024-06-20,2024-06-19,2024-06-19,,2024-06-19,65.63,0
paragon industries,OK,,48.0,layoff,layoff,,2024-10-22,,,2024-10-22,66.78,1
red lobster maple grove,MN,72.0,35.0,closure,closure,,,2024-08-31,,2024-08-31,65.65,0
aura management,CA,55.0,12.0,closure permanent,closure,2024-04-18,2024-04-18,2024-06-05,,2024-06-05,65.63,0
coastal trading ventures,CA,42.0,27.0,closure permanent,closure,2025-07-29,2025-07-29,2025-09-30,,2025-09-30,65.63,0
essendant,IL,42.0,44.0,closing,closure,2025-11-20,2025-11-20,2026-01-19,,2026-01-19,65.66,0
hexaware technologies,GA,54.0,84.0,permanent layoff / reduction in force,layoff,,,2023-05-19,,2023-05-19,65.98,1
service experts,TX,,76.0,layoff,layoff,,,2023-03-10,,2023-03-10,65.86,0
brightdrop,CA,33.0,6.0,layoff permanent,layoff,2024-01-24,2023-12-15,2023-12-15,,2023-12-15,65.63,0
fresno economic opportunities commission 8535 s 9th street,CA,62.0,4.0,layoff temporary,layoff,2025-11-03,2025-10-31,2026-01-01,,2026-01-01,65.63,0
printful,CA,31.0,56.0,closure permanent,closure,2023-04-21,2023-04-05,2023-06-05,,2023-06-05,65.68,0
enjoy life foods,IN,31.0,105.0,closure,closure,,2023-05-02,2023-07-03,,2023-07-03,65.98,1
first savings bank,MA,52.0,1.0,layoff,layoff,2023-09-29,,2023-11-30,,2023-11-30,65.63,0
leer group 1242,CA,33.0,27.0,closure permanent,closure,2023-10-17,2023-09-12,2023-11-13,,2023-11-13,65.63,0
pacpizza dba pizza hut 011755,CA,,7.0,layoff permanent,layoff,2024-01-24,2023-12-14,2024-02-16,,2024-02-16,65.63,0
jeld wen,IA,33.0,152.0,mass layoff,mass_layoff,,2024-10-08,2024-11-07,,2024-11-07,66.28,1
kaiser foundation hospitals,CA,62.0,5.0,layoff permanent,layoff,2025-06-10,2025-06-09,2025-06-09,,2025-06-09,65.63,0
family dollar litchfield,MN,45.0,25.0,closure,closure,,,2024-03-29,,2024-03-29,65.65,0
angstrom graphics inc midwest,OH,32.0,131.0,layoff,layoff,2023-07-25,,2023-07-25,2023-09-23,2023-07-25,66.09,1
winkontent limited dba monocle,CA,51.0,3.0,closure permanent,closure,2023-07-20,2023-06-20,2023-06-30,,2023-06-30,65.63,0
shoppers food warehouse,MD,44.0,58.0,closure,closure,,2025-11-14,2025-11-08,,2025-11-08,65.76,0
mon ami bethesda,MD,72.0,55.0,layoff,layoff,,2024-02-12,2024-04-01,,2024-04-01,65.73,0
zimeno inc dba monarch tractor,CA,33.0,8.0,layoff not known at this time,layoff,2025-11-21,2025-11-19,2025-11-19,,2025-11-19,65.63,0
voxx automotive,FL,,63.0,layoff,layoff,,2023-07-24,2023-08-31,2023-09-30,2023-08-31,65.74,0
illumina,CA,54.0,3.0,layoff permanent,layoff,2025-12-04,2025-12-04,2026-02-17,,2026-02-17,65.63,0
innodata services,FL,51.0,1.0,layoff,layoff,,2026-02-03,2026-02-06,2026-03-13,2026-02-06,65.62,0
thiess,CO,23.0,112.0,closure,closure,,2024-10-29,2024-11-28,2024-12-28,2024-11-28,66.04,1
ae regional distribution co llc formerly known as quiet logistics,MA,49.0,103.0,layoff,layoff,2026-02-11,,2026-04-12,2026-05-06,2026-04-12,66.0,1
doubletree,MN,72.0,1.0,layoff,layoff,,,2026-01-20,,2026-01-20,65.65,0
boeing,CA,33.0,13.0,closure permanent,closure,2026-04-13,2026-04-13,2026-06-12,,2026-06-12,65.63,0
monroe operations llc dba newport academy,CA,62.0,28.0,closure permanent,closure,2025-10-02,2025-09-30,2025-12-01,,2025-12-01,65.63,0
cepheid,CA,32.0,3.0,layoff permanent,layoff,2025-03-13,2025-03-12,2025-05-12,,2025-05-12,65.63,0
gdi integrated facility services,SC,56.0,4.0,layoff,layoff,,2024-01-04,2024-03-05,,2024-03-05,65.61,0
church world service cws,PA,81.0,65.0,layoff,layoff,,,2025-01-31,2025-03-31,2025-01-31,65.79,0
moxion power,CA,,3.0,closure permanent,closure,2024-07-23,2024-07-19,2024-08-05,,2024-08-05,65.63,0
intel,CA,33.0,61.0,layoff permanent,layoff,2023-02-22,2023-02-14,2023-03-31,,2023-03-31,65.73,0
bowery farming,MD,11.0,83.0,closure,closure,,2024-11-01,2024-11-01,,2024-11-01,65.95,1
pourlessoins llc d b a synergy health services and zomleben llc d b a synergy healthcare solutions,FL,62.0,1.0,layoff,layoff,,2025-07-02,2025-08-31,2025-08-31,2025-08-31,65.62,0
borgwarner,IN,33.0,82.0,closure,closure,,2023-08-23,2023-10-22,,2023-10-22,65.85,0
planet labs pbc,CA,51.0,98.0,layoff permanent,layoff,2024-06-26,2024-06-26,2024-08-26,,2024-08-26,65.98,1
3909 san diego lgbt community center,CA,81.0,60.0,layoff permanent,layoff,2025-07-10,2025-07-03,2025-09-06,,2025-09-06,65.72,0
juul labs,CA,31.0,1.0,layoff permanent,layoff,2023-09-28,2023-08-24,2023-10-15,,2023-10-15,65.63,0
meta platforms,CA,51.0,4.0,layoff permanent,layoff,2023-06-26,2023-05-29,2023-07-28,,2023-07-28,65.63,0
calpac pizza dba pizza hut,CA,72.0,5.0,layoff permanent,layoff,2024-01-24,2023-12-14,2024-02-17,,2024-02-17,65.63,0
bioreference health,NJ,62.0,71.0,layoff,layoff,,2023-06-30,,,2023-06-30,65.77,0
lacework,CA,51.0,180.0,layoff permanent,layoff,2024-06-25,2024-06-24,2024-08-23,,2024-08-23,66.29,1
leer group,CA,33.0,122.0,closure permanent,closure,2023-10-17,2023-09-12,2023-11-13,,2023-11-13,66.09,1
st distributing,CA,42.0,190.0,closure permanent,closure,2025-04-01,2025-03-31,2025-05-30,,2025-05-30,66.32,1
telaforce,GA,54.0,73.0,permanent layoff / reduction in force,layoff,,,2026-03-20,,2026-03-20,65.9,1
community development institute head start,WI,61.0,6.0,layoff,layoff,,2023-06-30,2023-08-31,,2023-08-31,65.64,0
amentum,CO,56.0,55.0,related to milestone completion,other,,2025-07-30,2025-10-31,2025-10-31,2025-10-31,65.67,0
qualcomm incorporated,CA,33.0,10.0,layoff permanent,layoff,2026-04-09,2026-04-08,2026-06-08,,2026-06-08,65.63,0
owens corning amarillo facility,TX,32.0,200.0,layoff,layoff,,,2023-04-04,,2023-04-04,66.37,1
kem krest,IN,48.0,77.0,closure,closure,,2026-03-10,2026-08-31,,2026-08-31,66.0,1
riot games,CA,31.0,56.0,layoff permanent,layoff,2026-02-10,2026-02-09,2026-04-10,,2026-04-10,65.68,0
kaiser foundation hospitals yorba linda,CA,62.0,1.0,layoff permanent,layoff,2025-06-03,2025-06-02,2025-06-02,,2025-06-02,65.63,0
paramount skydance,CA,,5.0,layoff permanent,layoff,2026-04-16,2026-04-16,2026-01-02,,2026-01-02,65.63,0
the boeing,CA,33.0,68.0,layoff permanent,layoff,2023-12-27,2023-11-08,2024-01-19,,2024-01-19,65.79,0
lacroix,TX,33.0,7.0,layoff,layoff,,,2025-07-01,,2025-07-01,65.64,0
southern pacpizza dba pizza hut 029226,CA,72.0,4.0,layoff permanent,layoff,2024-01-24,2023-12-14,2024-02-17,,2024-02-17,65.63,0
arrow ace st peter,MN,44.0,10.0,closure,closure,,,2024-12-31,,2024-12-31,65.65,0
cygnus home services llc lubbock,TX,45.0,8.0,layoff,layoff,,,2023-12-15,,2023-12-15,65.64,0
yanfeng international automotive technology us i,CA,,43.0,layoff permanent,layoff,2026-02-11,2026-02-11,2026-04-13,,2026-04-13,65.63,0
caligreen laboratory,CA,54.0,22.0,layoff permanent,layoff,2025-10-01,2025-09-30,2025-09-26,,2025-09-26,65.63,0
telaforce,MO,54.0,104.0,layoff,layoff,,2026-01-19,2026-03-20,,2026-03-20,65.97,1
goodyear tire rubber,OH,32.0,85.0,closure,closure,2026-01-30,,2026-03-31,,2026-03-31,65.86,0
walgreens,CA,,18.0,closure permanent,closure,2025-01-31,2025-01-31,2025-03-25,,2025-03-25,65.63,0
codexis,CA,54.0,28.0,layoff permanent,layoff,2023-08-30,2023-07-20,2023-09-30,,2023-09-30,65.63,0
kaleo,MA,,1.0,layoff,layoff,2024-09-30,,2024-11-30,,2024-11-30,65.63,0
masu sushi and robata moa,MN,72.0,1.0,closure,closure,,,2024-07-30,,2024-07-30,65.65,0
bic,SC,33.0,46.0,closure,closure,,2024-03-22,2024-05-24,2024-12-31,2024-05-24,65.61,0
aspen sports demo,CO,45.0,5.0,layoff,layoff,,2023-02-27,,,2023-02-27,65.62,0
cygnus home service,NE,81.0,41.0,layoff,layoff,,2023-10-25,,,2023-10-25,65.6,0
heartland recreational vehicles,IN,33.0,147.0,closure,closure,,2025-04-21,2025-06-20,,2025-06-20,66.16,1
google bordeaux,CA,51.0,33.0,layoff permanent,layoff,2025-05-29,2025-05-28,2025-07-06,,2025-07-06,65.63,0
the kenific group llc dba pantheon data 305 harrison street se leesburg va 20175,VA,,155.0,closure,closure,,2025-05-13,2025-05-12,,2025-05-12,66.15,1
lgstx cargo services,FL,49.0,191.0,layoff,layoff,,2023-08-11,2023-10-12,2023-10-12,2023-10-12,66.32,1
nsk aks precision ball,IA,33.0,34.0,mass layoff,mass_layoff,,2025-01-27,2025-02-28,,2025-02-28,65.7,0
slo brewing,CA,31.0,61.0,layoff permanent,layoff,2025-11-14,2025-11-13,2026-01-13,,2026-01-13,65.73,0
california communications access foundation,CA,54.0,8.0,layoff permanent,layoff,2024-05-08,2024-04-29,2024-07-01,,2024-07-01,65.63,0
cygnus home service,OH,81.0,11.0,layoff,layoff,2023-11-28,,2024-01-19,,2024-01-19,65.59,0
get insured,KY,52.0,2.0,layoff,layoff,2025-01-14,,2025-02-19,,2025-02-19,65.61,0
bamia 2 llc d b a reef technology,NY,53.0,21.0,economic,other,,2024-07-01,2024-09-30,2025-02-28,2024-09-30,65.76,0
eastside management,CA,54.0,59.0,closure permanent,closure,2025-10-30,2025-10-30,2025-12-31,,2025-12-31,65.71,0
waterbury gardens nursing and rehab,CT,,48.0,closure,closure,,2023-10-30,2023-11-19,,2023-11-19,66.83,1
ventech solutions,MD,54.0,168.0,layoff,layoff,,2023-07-12,2023-09-15,,2023-09-15,66.31,1
forgerock,CA,51.0,4.0,layoff permanent,layoff,2023-12-07,2023-11-07,2023-10-13,,2023-10-13,65.63,0
wells fargo,CA,52.0,3.0,layoff permanent,layoff,2023-04-28,2023-04-18,2023-04-18,,2023-04-18,65.63,0
communify sierra madre center,CA,62.0,5.0,layoff permanent,layoff,2025-11-03,2025-11-03,2026-01-02,,2026-01-02,65.63,0
velo3d,CA,33.0,42.0,layoff permanent,layoff,2024-08-09,2024-08-09,2024-10-08,,2024-10-08,65.63,0
corteva agriscience,CA,11.0,26.0,layoff permanent,layoff,2025-02-25,2025-02-25,2025-05-30,,2025-05-30,65.63,0
dreyer s grand ice cream,CA,31.0,188.0,layoff temporary,layoff,2025-09-24,2025-09-23,2025-11-24,,2025-11-24,66.32,1
packaging corporation of america,PA,32.0,60.0,closure,closure,,,2025-12-01,,2025-12-01,65.75,0
milwaukee forge,WI,33.0,67.0,closure,closure,,2025-06-18,2025-08-18,,2025-08-18,65.79,0
nsi services,CA,56.0,64.0,closure permanent,closure,2024-03-27,2024-03-17,2024-05-18,,2024-05-18,65.75,0
stachs,CA,54.0,43.0,layoff permanent,layoff,2024-10-22,2024-10-16,2024-12-31,,2024-12-31,65.63,0
metokote,SC,33.0,113.0,closure,closure,,2025-04-01,2025-06-01,,2025-06-01,66.04,1
vonachen group,IL,,184.0,closing,closure,2025-06-05,2025-06-05,2025-07-05,,2025-07-05,66.34,1
carbon health,CA,62.0,3.0,layoff permanent,layoff,2023-10-18,2023-08-10,2023-10-09,,2023-10-09,65.63,0
wayfair,CA,45.0,74.0,layoff permanent,layoff,2023-01-20,2023-01-20,2023-03-20,,2023-03-20,65.83,0
dwarf house group,GA,72.0,111.0,closure,closure,,,2025-02-28,,2025-02-28,66.12,1
abm texas tcc south,TX,56.0,23.0,layoff,layoff,,,2024-08-31,,2024-08-31,65.64,0
parkhurst dining llc bucknell university,PA,,196.0,closure,closure,,,2024-06-03,2024-06-16,2024-06-03,66.36,1
la tortilla factory,CA,31.0,5.0,closure permanent,closure,2023-07-10,2023-06-12,2023-07-29,,2023-07-29,65.63,0
prothena biosciences,CA,54.0,91.0,layoff permanent,layoff,2025-06-10,2025-06-02,2025-08-01,,2025-08-01,65.94,1
fm restaurant hq,NV,72.0,70.0,closure,closure,2024-08-01,2024-08-01,2024-09-30,,2024-09-30,65.86,0
arnold transportation services,TX,48.0,157.0,layoff,layoff,,,2024-04-30,,2024-04-30,66.24,1
chip s clubhouse st paul,MN,72.0,1.0,closure,closure,,,2025-04-30,,2025-04-30,65.65,0
remote employees ford walker haggerty behar llp fwhb,CA,54.0,81.0,closure permanent,closure,2025-05-05,2025-05-01,2025-06-30,,2025-06-30,65.88,0
nan mckay associates,FL,,97.0,layoff,layoff,,2026-03-11,2026-05-11,2026-06-30,2026-05-11,65.97,1
customized distribution services,IL,49.0,125.0,closing,closure,2023-02-07,2023-02-07,2023-04-07,,2023-04-07,66.14,1
flagship facility services,CA,56.0,10.0,layoff permanent,layoff,2025-02-14,2025-02-14,2025-02-14,,2025-02-14,65.63,0
starbucks coffee,NJ,72.0,47.0,layoff,layoff,,2026-01-25,,,2026-01-25,65.58,0
boardriders wholesale,CA,42.0,89.0,layoff permanent,layoff,2024-02-06,2024-02-01,2024-02-05,,2024-02-05,65.93,1
legalzoom com,TX,54.0,122.0,layoff,layoff,,,2023-12-15,,2023-12-15,66.11,1
countryside manor of bristol,CT,62.0,178.0,closure,closure,2024-12-24,2024-12-23,2025-03-21,,2025-03-21,66.29,1
federal express,OH,49.0,79.0,layoff,layoff,2023-08-08,,2023-11-03,,2023-11-03,65.83,0
fm restaurants hq,CA,72.0,48.0,closure permanent,closure,2024-03-05,2024-03-04,2024-05-03,,2024-05-03,65.63,0
retail service wis corporation dba wis international,CA,56.0,10.0,layoff permanent,layoff,2025-11-04,2025-10-27,2026-01-01,,2026-01-01,65.63,0
general parts distribution llc s,AZ,42.0,148.0,layoff,layoff,,2024-11-20,,,2024-11-20,66.21,1
wells fargo,IA,52.0,46.0,amendment - additional employees,amendment,,2025-04-15,2025-06-15,,2025-06-15,65.7,0
seasons 52,CA,,85.0,closure permanent,closure,2025-05-19,2025-05-19,2025-05-19,,2025-05-19,65.9,1
memorial care,CA,62.0,60.0,layoff permanent,layoff,2025-04-01,2025-03-31,2025-04-14,,2025-04-14,65.72,0
agrisolutions wear technologies,MS,33.0,35.0,closure,closure,,2024-02-20,2021-03-12,,2021-03-12,65.58,0
staar surgical,CA,33.0,110.0,layoff permanent,layoff,2025-02-18,2025-02-18,2025-04-21,,2025-04-21,66.04,1
cue health,CA,33.0,4.0,layoff permanent moda,layoff,2023-05-17,2023-04-28,2023-06-27,,2023-06-27,65.63,0
silvergate bank,CA,52.0,181.0,layoff permanent,layoff,2023-01-10,2023-01-05,2023-01-13,,2023-01-13,66.3,1
diageo north america stitzel weller distillery,KY,31.0,57.0,closure,closure,2025-01-31,,2025-04-30,,2025-04-30,65.68,0
caterpillar,IL,33.0,60.0,closing,closure,2024-11-26,2024-11-26,2025-01-31,,2025-01-31,65.76,0
western digital,CA,33.0,211.0,layoff permanent,layoff,2023-06-08,2023-05-25,2023-07-28,,2023-07-28,66.38,1
abc123 childcare center,MN,62.0,1.0,closure,closure,,,2024-10-01,,2024-10-01,65.65,0
calpac pizza dba pizza hut 027401,CA,72.0,5.0,layoff permanent,layoff,2024-01-24,2023-12-14,2024-02-13,,2024-02-13,65.63,0
neovia logistics distribution lp,CA,49.0,31.0,closure permanent,closure,2024-03-06,2024-03-05,2024-07-31,,2024-07-31,65.63,0
bahama breeze,IL,72.0,73.0,closing,closure,2025-05-15,2025-05-15,2025-05-15,2025-05-15,2025-05-15,65.86,0
oxford social club,CA,72.0,26.0,closure permanent,closure,2025-06-20,2025-06-20,2025-08-20,,2025-08-20,65.63,0
gxo,TN,49.0,185.0,unknown,other,2026-02-19,,2026-04-03,2026-05-31,2026-04-03,66.29,1
amazon,CA,45.0,159.0,layoff permanent,layoff,2024-09-09,2024-09-06,2024-10-30,,2024-10-30,66.23,1
mufg investor services us llc muis,MD,,86.0,layoff,layoff,,2026-01-30,2026-03-31,2025-06-30,2026-03-31,65.97,1
hyatt centric,CA,72.0,111.0,layoff temporary,layoff,2023-08-07,2023-07-03,2023-09-04,,2023-09-04,66.04,1
dhm payroll fiesta tempe,AZ,54.0,114.0,layoff,layoff,,2025-11-26,,,2025-11-26,66.08,1
emanate health system,CA,62.0,14.0,layoff permanent,layoff,2024-10-10,2024-10-10,2024-12-09,,2024-12-09,65.63,0
general atomics aeronautical systems,CA,33.0,13.0,layoff permanent,layoff,2023-04-21,2023-04-04,2023-06-05,,2023-06-05,65.63,0
super t transport,ID,48.0,10.0,layoff,layoff,,2025-04-02,2025-05-31,,2025-05-31,65.66,0
cucina enoteca del mar,CA,72.0,43.0,layoff permanent,layoff,2026-01-12,2026-01-09,2026-03-11,,2026-03-11,65.63,0
catholic charities diocese of san diego mission valley asip,CA,62.0,45.0,layoff permanent,layoff,2026-01-27,2026-01-27,2026-03-31,,2026-03-31,65.63,0
thriveworks adminstrative services,MA,56.0,74.0,layoff,layoff,2023-09-15,,2023-11-30,,2023-11-30,65.83,0
la reina a california religious nonprofit corporation aka la reina high school and middle school,CA,61.0,57.0,closure permanent,closure,2024-03-29,2024-03-27,2024-05-31,,2024-05-31,65.69,0
keeco,NC,49.0,119.0,closure,closure,2024-12-04,2024-12-04,2025-03-17,,2025-03-17,66.07,1
niantic,CA,51.0,68.0,layoff permanent,layoff,2025-03-20,2025-03-20,2025-05-20,,2025-05-20,65.79,0
accenture,CA,54.0,140.0,closure permanent,closure,2023-08-28,2023-07-21,2023-11-10,,2023-11-10,66.16,1
national distribution centers,IN,,53.0,closure,closure,,2026-01-30,2026-04-03,,2026-04-03,65.62,0
chep services,MD,48.0,79.0,closure,closure,,2025-08-29,2025-11-01,,2025-11-01,65.92,1
the shade store,MN,44.0,116.0,closure,closure,2025-02-27,2025-02-27,2025-04-30,,2025-04-30,66.09,1
railcrew xpress,GA,,28.0,closure,closure,,,2026-02-27,,2026-02-27,65.71,0
nikola,CA,33.0,12.0,layoff permanent,layoff,2025-02-19,2025-02-19,2025-04-21,,2025-04-21,65.63,0
google us mtv cl2,CA,51.0,25.0,layoff permanent,layoff,2024-01-25,2024-01-10,2024-03-10,,2024-03-10,65.63,0
twitch,CA,51.0,153.0,layoff permanent,layoff,2023-04-17,2023-04-03,2023-06-02,,2023-06-02,66.21,1
east coast migrant head start,AL,61.0,10.0,layoff,layoff,,2025-10-24,2025-11-01,,2025-11-01,65.59,0
southwest key programs casa houston reliant,TX,62.0,1.0,layoff,layoff,,,2025-11-05,,2025-11-05,65.64,0
gap,CA,44.0,31.0,layoff permanent,layoff,2023-07-17,2023-05-31,2023-05-31,,2023-05-31,65.63,0
vytalogy wellness,CA,,33.0,closure permanent,closure,2024-08-01,2024-08-01,2024-08-02,,2024-08-02,65.63,0
tesla,CA,33.0,214.0,layoff permanent,layoff,2024-04-25,2024-04-22,2024-06-14,,2024-06-14,66.38,1
sodexo,CA,72.0,50.0,layoff permanent,layoff,2025-03-25,2025-03-04,2025-05-04,,2025-05-04,65.63,0
reimagined parking,MD,54.0,14.0,closure,closure,,2024-03-19,2024-05-18,,2024-05-18,65.68,0
farmers group,CA,52.0,1.0,layoff permanent,layoff,2023-11-15,2023-09-14,2023-11-14,,2023-11-14,65.63,0
southeastern food merchandisers,AL,42.0,62.0,layoff,layoff,,2025-02-25,2025-04-27,,2025-04-27,65.7,0
industrial container services,IL,42.0,168.0,possible closing,closure,2025-09-30,2025-09-30,2025-11-21,,2025-11-21,66.29,1
charter communications,SC,51.0,32.0,layoff,layoff,,2024-08-28,2024-10-28,,2024-10-28,65.61,0
nestle usa,CA,31.0,76.0,layoff temporary,layoff,2024-10-22,2024-10-14,2024-12-23,,2024-12-23,65.84,0
primo brands,CA,,1.0,layoff permanent,layoff,2025-07-18,2025-07-18,2025-09-16,,2025-09-16,65.63,0
sap america,CA,51.0,82.0,layoff permanent,layoff,2025-10-06,2025-10-06,2025-11-21,,2025-11-21,65.88,0
owens corning,UT,32.0,67.0,layoff,layoff,,2025-10-27,,,2025-10-27,65.81,0
smithfield foods,MO,31.0,92.0,closure,closure,,2023-08-04,2023-10-08,,2023-10-08,65.91,1
southern pacpizza dba pizza hut 029229,CA,72.0,10.0,layoff permanent,layoff,2024-01-24,2023-12-14,2024-02-16,,2024-02-16,65.63,0
lockheed martin space,CA,33.0,2.0,layoff permanent,layoff,2024-04-12,2024-04-09,2024-06-10,,2024-06-10,65.63,0
best buy,CA,44.0,46.0,closure permanent,closure,2026-01-16,2026-01-16,2026-03-17,,2026-03-17,65.63,0
applied materials inc 930 e arques ave,CA,33.0,1.0,layoff permanent,layoff,2025-10-24,2025-10-23,2025-12-23,,2025-12-23,65.63,0
kaiser foundation hospitals,CA,62.0,1.0,layoff permanent,layoff,2025-02-25,2025-02-24,2025-04-25,,2025-04-25,65.63,0
mattel,CA,33.0,89.0,layoff permanent,layoff,2025-11-13,2025-11-13,2026-01-12,,2026-01-12,65.93,1
st vincent de paul high school,CA,,68.0,closure permanent,closure,2024-03-04,2024-03-01,2024-05-01,,2024-05-01,65.79,0
thriveworks administrative services,WI,56.0,1.0,layoff,layoff,,2023-09-15,2023-11-30,,2023-11-30,65.64,0
johns manville,CA,32.0,54.0,closure temporary,closure,2023-09-11,2023-07-21,2023-09-25,,2023-09-25,65.67,0
block,MA,51.0,4.0,layoff,layoff,2024-01-30,,2024-03-30,,2024-03-30,65.63,0
university of southern california soto ii,CA,61.0,26.0,layoff permanent,layoff,2025-08-05,2025-08-04,2025-10-04,,2025-10-04,65.63,0
kaiser foundation hospitals,CA,62.0,1.0,layoff permanent,layoff,2025-01-22,2025-01-21,2025-03-22,,2025-03-22,65.63,0
union of pan asian communities east wind clubhouse,CA,62.0,5.0,layoff permanent,layoff,2026-04-02,2026-04-01,2026-06-30,,2026-06-30,65.63,0
jabil,CA,33.0,28.0,layoff permanent,layoff,2023-07-26,2023-06-22,2023-08-22,,2023-08-22,65.63,0
delaware north companies travel hospitality services,CA,72.0,92.0,layoff permanent,layoff,2025-08-14,2025-08-14,2025-10-31,,2025-10-31,65.94,1
snl distribution services,TX,49.0,60.0,layoff,layoff,,,2023-03-31,,2023-03-31,65.74,0
rwj barnabas health,NJ,62.0,79.0,layoff,layoff,,2024-04-05,,,2024-04-05,65.82,0
mental health association of san francisco,CA,62.0,200.0,layoff permanent,layoff,2025-07-16,2025-07-16,2025-09-15,,2025-09-15,66.35,1
valley national bank,NJ,52.0,59.0,layoff,layoff,,2025-06-13,,,2025-06-13,65.67,0
thought stream dba bluescape,CA,51.0,35.0,closure permanent,closure,2024-06-18,2024-06-12,2024-06-12,,2024-06-12,65.63,0
boeing,FL,33.0,7.0,layoff,layoff,,2024-11-18,2025-01-17,2025-01-17,2025-01-17,65.62,0
williams sonoma direct,CA,45.0,36.0,closure permanent,closure,2024-04-03,2024-04-03,2024-06-04,,2024-06-04,65.63,0
dairyland produce,CA,72.0,22.0,layoff permanent,layoff,2025-11-04,2025-10-23,2025-12-24,,2025-12-24,65.63,0
gannett publishing services,IN,51.0,90.0,closure,closure,,2024-01-31,2024-04-07,,2024-04-07,65.9,1
ariston group,MA,,73.0,layoff,layoff,2025-03-27,,2025-06-01,2025-12-31,2025-06-01,65.82,0
gmri inc dba bahama breeze,TN,72.0,97.0,unknown,other,2025-05-29,,2025-05-15,,2025-05-15,65.95,1
tupperware,SC,32.0,46.0,layoff,layoff,,2024-06-11,2024-09-28,2025-01-14,2024-09-28,65.61,0
rivian automotive,CA,33.0,2.0,layoff permanent,layoff,2024-05-07,2024-04-19,2024-06-18,,2024-06-18,65.63,0
u line,WI,33.0,71.0,closure,closure,,2025-02-17,2025-07-31,,2025-07-31,65.82,0
chicago rivet machine,IA,33.0,19.0,closing,closure,,2024-06-28,2024-10-31,,2024-10-31,65.7,0
google 1195,CA,51.0,4.0,layoff permanent,layoff,2025-09-30,2025-09-29,2025-11-09,,2025-11-09,65.63,0
juul labs inc 270,CA,31.0,26.0,layoff permanent,layoff,2023-09-28,2023-08-24,2023-09-08,,2023-09-08,65.63,0
national distribution centers,GA,,90.0,closure,closure,,,2025-04-19,,2025-04-19,66.01,1
sega of america,CA,,49.0,layoff permanent,layoff,2024-01-29,2024-01-08,2024-03-08,,2024-03-08,65.63,0
wells fargo,CA,52.0,39.0,layoff permanent,layoff,2023-04-28,2023-04-18,2023-04-18,,2023-04-18,65.63,0
interceramic,NM,42.0,14.0,layoff,layoff,2023-02-23,2023-02-23,2023-03-31,,2023-03-31,65.78,0
advance stores company incorporated and its subsidiary golden state supply,CA,44.0,13.0,closure permanent,closure,2024-11-15,2024-11-14,2025-03-06,,2025-03-06,65.63,0
walgreens,IL,,97.0,layoff,layoff,2023-11-08,2023-11-08,2024-01-08,,2024-01-08,66.01,1
sage therapeutics,NC,,14.0,layoff,layoff,2024-10-23,2024-10-17,2024-10-31,,2024-10-31,65.61,0
crst expedited inc d b a crst the transportation solutions,IA,48.0,30.0,mass layoff,mass_layoff,,2025-12-03,2026-02-01,,2026-02-01,65.7,0
central valley eggs,CA,61.0,54.0,layoff permanent,layoff,2024-12-26,2024-12-26,2024-12-26,,2024-12-26,65.67,0
berry global,AL,32.0,112.0,closure,closure,,2025-05-02,2025-07-01,,2025-07-01,66.01,1
city national bank,CA,52.0,24.0,layoff permanent,layoff,2024-02-12,2024-02-12,2024-04-14,,2024-04-14,65.63,0
country club mortgage,CA,52.0,6.0,closure permanent,closure,2024-01-17,2023-12-08,2024-02-06,,2024-02-06,65.63,0
makita u s a,CA,33.0,89.0,layoff permanent,layoff,2023-05-24,2023-04-28,2023-06-28,,2023-06-28,65.93,1
bahama breeze,FL,72.0,75.0,layoff,layoff,,2026-02-03,2026-04-05,2026-04-05,2026-04-05,65.83,0
draegers supermarkets,CA,44.0,71.0,closure permanent,closure,2025-01-14,2025-01-10,2025-03-10,,2025-03-10,65.81,0
cardinal corner,MN,72.0,11.0,closure,closure,,,2023-12-31,,2023-12-31,65.65,0
renesas electronics,CA,33.0,21.0,layoff permanent,layoff,2025-01-16,2025-01-16,2025-01-21,,2025-01-21,65.63,0
raytheon technologies,TX,,34.0,layoff,layoff,,,2023-01-05,,2023-01-05,65.64,0
rising pharma holdings,IL,44.0,86.0,layoff,layoff,2025-09-15,2025-09-15,2025-11-15,2025-11-15,2025-11-15,65.95,1
ahmc san gabriel valley medical center lp dba san gabriel valley medical center,CA,62.0,29.0,layoff permanent,layoff,2023-12-15,2023-11-06,2024-01-15,,2024-01-15,65.63,0
penske logistics,OR,48.0,78.0,closure,closure,,2024-01-31,,,2024-01-31,65.92,1
srg global coatings,TN,32.0,138.0,unknown,other,2023-05-30,,2023-06-30,2023-08-13,2023-06-30,66.14,1
birmingham parking authority,AL,92.0,33.0,layoff,layoff,,2026-02-10,2026-04-01,,2026-04-01,65.59,0
volunteer braille services,MN,,2.0,closure,closure,,,2024-04-25,,2024-04-25,65.65,0
talis biomedical,IL,33.0,30.0,closing,closure,2023-11-16,2023-11-16,2024-01-14,,2024-01-14,65.66,0
ymca juan pacifico ontiveros elementary school,CA,71.0,10.0,layoff permanent,layoff,2026-04-20,2026-04-17,2026-06-09,,2026-06-09,65.63,0
truist bank,TN,52.0,76.0,unknown,other,2023-06-27,,2023-07-30,,2023-07-30,65.83,0
cvs health,IL,44.0,17.0,mass layoff,mass_layoff,2023-08-18,2023-08-18,2023-10-21,2023-11-18,2023-10-21,65.66,0
tony s fine foods,CA,42.0,24.0,closure permanent,closure,2026-02-20,2026-02-20,2026-05-01,,2026-05-01,65.63,0
wb warehousing logistics,WI,49.0,33.0,closure,closure,,2023-06-26,2023-09-02,,2023-09-02,65.64,0
sheridan wisconsin,WI,,116.0,closure,closure,,2024-02-12,2024-04-13,,2024-04-13,66.07,1
kaiser foundation hospitals,CA,62.0,1.0,layoff permanent,layoff,2025-05-12,2025-05-12,2025-05-12,,2025-05-12,65.63,0
ymca santa maria valley,CA,71.0,7.0,layoff permanent,layoff,2026-04-20,2026-04-17,2026-06-09,,2026-06-09,65.63,0
liberty dental plan,AZ,52.0,1.0,layoff,layoff,,2026-02-05,,,2026-02-05,65.65,0
cygnus home service,OH,81.0,13.0,layoff,layoff,2024-05-28,,2024-07-27,,2024-07-27,65.59,0
sa autmotive,NV,,154.0,closure,closure,2025-08-07,2025-08-07,2025-10-07,,2025-10-07,66.27,1
bayer,NJ,32.0,35.0,layoff,layoff,,2024-08-29,,,2024-08-29,65.58,0
david s bridal,NC,44.0,1.0,layoff,layoff,2023-04-17,2023-04-14,2023-07-31,,2023-07-31,65.61,0
david s bridal llc frisco,TX,44.0,53.0,layoff,layoff,,,2023-07-17,,2023-07-17,65.68,0
marshfield clinic health system,WI,62.0,10.0,layoff,layoff,,2023-01-30,2023-03-31,,2023-03-31,65.64,0
advance stores company incorporated and its subsidiary golden state supply,CA,44.0,17.0,closure permanent,closure,2024-11-15,2024-11-14,2025-03-08,,2025-03-08,65.63,0
spartech,OH,,102.0,layoff,layoff,2024-12-16,,2025-02-11,2025-05-31,2025-02-11,65.96,1
wells fargo,FL,52.0,1.0,layoff,layoff,,2023-09-20,2023-11-17,2023-11-17,2023-11-17,65.62,0
beverly hospital,CA,62.0,9.0,closure permanent,closure,2023-05-02,2023-04-26,2023-06-13,,2023-06-13,65.63,0
workforce enterprises,CA,56.0,93.0,closure permanent,closure,2024-01-26,2023-12-22,2024-02-20,,2024-02-20,65.95,1
new england sainai hospital,MA,62.0,100.0,layoff,layoff,2023-12-12,,2024-02-02,,2024-02-02,65.99,1
making opportunities count,MA,,6.0,layoff,layoff,2025-05-02,,2025-06-30,,2025-06-30,65.63,0
sinomax east,AZ,33.0,89.0,layoff,layoff,,2026-03-26,,,2026-03-26,65.95,1
advance stores company incorporated and its subsidiary worldwide auto parts,CA,44.0,6.0,closure permanent,closure,2024-11-14,2024-11-14,2025-03-07,,2025-03-07,65.63,0
xto energy inc tyler,TX,,1.0,layoff,layoff,,,2023-12-20,,2023-12-20,65.64,0
sodexo,SC,72.0,210.0,layoff,layoff,,2025-05-21,2025-06-30,2025-07-03,2025-06-30,66.36,1
umg recordings inc universal music group,CA,51.0,4.0,layoff permanent,layoff,2024-03-05,2024-03-01,2024-05-08,,2024-05-08,65.63,0
north suburban center for the arts,MN,71.0,1.0,closure,closure,,,2024-07-31,,2024-07-31,65.65,0
running room st paul,MN,45.0,1.0,closure,closure,,,2025-06-22,,2025-06-22,65.65,0
id logistics us,NJ,49.0,67.0,layoff,layoff,,2023-07-14,,,2023-07-14,65.74,0
genentech,CA,32.0,118.0,layoff permanent,layoff,2025-10-27,2025-10-24,2025-11-28,,2025-11-28,66.07,1
yellow,CA,52.0,58.0,closure permanent,closure,2023-08-16,2023-08-01,2023-07-30,,2023-07-30,69.0,1
vimo inc dba,FL,54.0,5.0,layoff,layoff,,2024-12-20,2025-02-19,2025-02-19,2025-02-19,65.62,0
northlake engineering,WI,33.0,36.0,closure,closure,,2025-02-27,2025-05-30,,2025-05-30,65.64,0
shadow holdings llc dba bright innovation labs,CA,,28.0,closure permanent,closure,2024-04-29,2024-04-22,2024-06-28,,2024-06-28,65.63,0
imflux,OH,32.0,122.0,layoff,layoff,2023-04-28,,2023-06-30,2023-06-30,2023-06-30,66.05,1
the cheesecake factory restaurants,MD,72.0,115.0,closure,closure,,2025-12-04,2026-01-24,,2026-01-24,66.12,1
boeing,FL,33.0,1.0,layoff,layoff,,2024-11-18,2025-01-17,2025-01-17,2025-01-17,65.62,0
rising pharma holdings,IL,44.0,2.0,layoff,layoff,2025-09-15,2026-03-16,2025-11-15,,2025-11-15,65.66,0
sylvan learning,MD,61.0,48.0,layoff,layoff,,2024-05-21,2024-05-21,,2024-05-21,65.68,0
insitro,CA,54.0,63.0,layoff permanent,layoff,2025-05-09,2025-05-08,2025-03-09,,2025-03-09,65.75,0
winnebago industries,IA,33.0,23.0,amendment - change in date,amendment,,2025-11-06,2026-02-20,,2026-02-20,65.7,0
total storage solutions townsend self storage,CA,,3.0,layoff permanent,layoff,2026-03-19,2026-03-12,2026-05-18,,2026-05-18,65.63,0
fresenius usa,CA,62.0,14.0,closure permanent,closure,2024-05-17,2024-05-16,2024-10-25,,2024-10-25,65.63,0
sangamo therapeutics suite 130,CA,54.0,2.0,layoff permanent,layoff,2023-05-09,2023-04-26,2023-06-26,,2023-06-26,65.63,0
fresh american llc annie selk,MA,44.0,50.0,layoff,layoff,2023-06-27,,2023-08-28,,2023-08-28,65.63,0
wells fargo,IA,52.0,40.0,mass layoff,mass_layoff,,2024-04-30,2024-06-30,,2024-06-30,65.7,0
abm general services inc at psp 1 amazon,CA,56.0,79.0,layoff permanent,layoff,2024-01-31,2024-01-17,2024-03-19,,2024-03-19,65.86,0
primo brands,CA,,19.0,layoff permanent,layoff,2026-01-21,2026-01-16,2026-03-17,,2026-03-17,65.63,0
highway equipment,PA,42.0,67.0,closure,closure,,,2024-09-23,,2024-09-23,65.8,0
packers sanitation services inc pssi center texas,TX,56.0,93.0,layoff,layoff,,,2023-06-09,,2023-06-09,65.97,1
adt solar,CA,23.0,58.0,closure permanent,closure,2024-03-06,2024-02-23,2024-02-23,,2024-02-23,65.7,0
hatco,TX,33.0,68.0,layoff,layoff,,,2025-02-27,,2025-02-27,65.8,0
global medical response,CA,62.0,84.0,closure permanent,closure,2024-01-18,2023-11-30,2024-02-01,,2024-02-01,65.9,1
marsden services,IL,56.0,121.0,layoff,layoff,2024-01-11,2024-01-11,2024-02-20,,2024-02-20,66.12,1
carbon health,CA,62.0,3.0,layoff permanent,layoff,2023-10-16,2023-08-10,2023-10-09,,2023-10-09,65.63,0
intrepid u s a,TX,62.0,102.0,layoff,layoff,,,2024-08-05,,2024-08-05,66.02,1
oracle america,CA,51.0,36.0,layoff permanent,layoff,2025-09-02,2025-09-02,2025-11-03,,2025-11-03,65.63,0
cygnus home services llc d b a yelloh,FL,45.0,7.0,layoff,layoff,,2023-10-25,2023-12-15,2023-12-15,2023-12-15,65.62,0
pixelogic media partners,CA,51.0,30.0,layoff permanent,layoff,2024-10-10,2024-10-10,2024-10-10,,2024-10-10,65.63,0
divvy homes,MO,53.0,1.0,layoff,layoff,,2023-09-12,2023-11-07,,2023-11-07,65.59,0
meta platforms,CA,51.0,16.0,layoff permanent,layoff,2023-06-21,2023-05-29,2023-07-28,,2023-07-28,65.63,0
crescendo,MN,72.0,1.0,closure,closure,,,2023-07-01,,2023-07-01,65.65,0
corteva agriscience,CA,11.0,4.0,layoff permanent,layoff,2024-06-25,2024-06-25,2024-09-27,,2024-09-27,65.63,0
novo logistics,OK,,48.0,closure,closure,,2025-01-30,,,2025-01-30,66.78,1
morrison healthcare,FL,62.0,58.0,layoff,layoff,,2024-12-27,2024-12-15,2024-12-31,2024-12-15,65.7,0
success valley farms,CA,,200.0,closure permanent,closure,2024-06-05,2024-05-31,2024-07-31,,2024-07-31,66.35,1
befesa zinc us,TN,33.0,50.0,unknown,other,2023-02-10,,2023-04-08,,2023-04-08,65.61,0
international business machines coppell,TX,54.0,59.0,layoff,layoff,,,2025-08-29,,2025-08-29,65.73,0
nh research,CA,33.0,44.0,layoff permanent,layoff,2023-01-12,2023-01-11,2023-12-29,,2023-12-29,65.63,0
mag brand group,CA,,53.0,closure permanent,closure,2026-03-25,2026-03-25,2026-08-01,,2026-08-01,65.66,0
zwift,CA,71.0,76.0,layoff permanent,layoff,2024-02-13,2024-02-06,2024-04-07,,2024-04-07,65.84,0
warner music,CA,51.0,2.0,layoff permanent,layoff,2025-10-30,2025-10-30,2026-01-02,,2026-01-02,65.63,0
elijah house foundation,CA,81.0,31.0,layoff permanent,layoff,2025-05-06,2025-04-29,2025-06-30,,2025-06-30,65.63,0
catholic charities diocese of san diego pastoral center,CA,62.0,6.0,layoff permanent,layoff,2026-01-27,2026-01-27,2026-03-31,,2026-03-31,65.63,0
wellspace health,CA,62.0,1.0,layoff permanent,layoff,2024-05-15,2024-04-25,2024-06-30,,2024-06-30,65.63,0
zume,CA,54.0,58.0,closure permanent,closure,2023-04-05,2023-03-28,2023-05-27,,2023-05-27,65.7,0
spirit airlines at o hare airport,IL,48.0,64.0,furlough,layoff,2025-09-24,2025-09-24,2025-12-01,,2025-12-01,65.79,0
pfizer research,CO,,48.0,reduction in force,layoff,,2024-05-15,2024-07-15,2024-08-24,2024-07-15,66.82,1
united medical center,DC,42.0,33.0,closure,closure,,2024-11-01,,,2024-11-01,65.56,0
stealth enterprises,IN,33.0,53.0,layoff,layoff,,2023-01-27,2022-12-31,,2022-12-31,65.62,0
graphite bio,CA,54.0,14.0,layoff permanent,layoff,2023-03-07,2023-03-01,2023-04-24,,2023-04-24,65.63,0
pitney bowes inc irving,TX,33.0,2.0,layoff,layoff,,,2024-09-17,,2024-09-17,65.64,0
american institutes of research air arlington va,VA,54.0,84.0,layoff,layoff,,2025-04-02,2025-06-01,,2025-06-01,65.83,0
primesource building products,NV,,65.0,closure,closure,2025-04-23,2025-04-23,2025-06-02,,2025-06-02,65.82,0
bayer,NJ,32.0,75.0,layoff,layoff,,2024-12-27,,,2024-12-27,65.79,0
clari,CA,51.0,76.0,layoff permanent,layoff,2026-02-10,2026-02-10,2026-04-11,,2026-04-11,65.84,0
woodgrain,OR,32.0,62.0,layoff,layoff,,2025-07-01,,,2025-07-01,65.8,0
global resource international alleset,GA,,41.0,closure,closure,,,2025-11-14,,2025-11-14,65.71,0
cue health,CA,33.0,25.0,layoff permanent,layoff,2024-05-21,2024-05-20,2024-05-24,,2024-05-24,65.63,0
tiaa update,CO,52.0,66.0,reduction in force,layoff,,2025-08-01,2025-10-01,2025-10-01,2025-10-01,65.76,0
exel inc d b a dhl supply chain usa,NY,49.0,116.0,contract loss,other,,2025-01-13,2025-04-21,2025-08-31,2025-04-21,66.19,1
tyson foods,IL,31.0,51.0,closing,closure,2023-05-26,2023-05-26,2023-07-31,2023-08-14,2023-07-31,65.67,0
mare island dry dock,CA,48.0,84.0,closure permanent,closure,2025-12-30,2025-12-30,2025-12-29,,2025-12-29,65.9,1
cvs health,CT,44.0,13.0,layoff,layoff,2025-01-17,2025-01-17,2025-03-01,,2025-03-01,65.63,0
united states cellular,IA,51.0,9.0,amendment - change in date,amendment,,2025-06-11,2025-07-01,,2025-07-01,65.7,0
bae systems inc 8201 greensboro drive mclean va 22102,VA,33.0,56.0,layoff,layoff,,2024-07-15,2024-09-14,,2024-09-14,65.62,0
oak view group at mccormick place,IL,71.0,203.0,layoff,layoff,2025-04-29,2025-04-29,2025-06-30,2025-06-30,2025-06-30,66.39,1
ayr wellness dba bp solutions llc crane way location,NV,32.0,77.0,layoff,layoff,2025-07-31,2025-07-31,2025-09-29,,2025-09-29,65.91,1
qualcomm incorporated,CA,33.0,23.0,layoff permanent,layoff,2023-06-14,2023-05-17,2023-07-18,,2023-07-18,65.63,0
brookfield properties usa ii,CA,53.0,1.0,layoff permanent,layoff,2024-02-08,2024-01-25,2024-04-01,,2024-04-01,65.63,0
gallo sales,CA,42.0,33.0,closure permanent,closure,2023-01-19,2023-01-10,2023-03-12,,2023-03-12,65.63,0
geodis logistics,TN,49.0,57.0,unknown,other,2025-07-24,,2025-09-30,,2025-09-30,65.68,0
cal poly,CA,61.0,149.0,layoff permanent,layoff,2023-05-10,2023-04-26,2023-06-30,,2023-06-30,66.19,1
cygnus home service,PA,81.0,55.0,layoff,layoff,,,2024-07-27,,2024-07-27,65.7,0
eastern bank,MA,52.0,75.0,layoff,layoff,2025-12-08,,2026-02-21,2026-05-31,2026-02-21,65.84,0
wells fargo,IA,52.0,7.0,mass layoff - additional employees,mass_layoff,,2026-03-03,2026-05-02,,2026-05-02,65.7,0
david s bridal,OH,44.0,48.0,layoff,layoff,2023-06-12,,2023-08-20,2023-09-02,2023-08-20,66.79,1
amazon,CA,45.0,58.0,layoff permanent,layoff,2026-01-30,2026-01-29,2026-04-28,,2026-04-28,65.7,0
crc ed treatment llc montecatini inc 6183,CA,62.0,5.0,closure permanent,closure,2025-09-16,2025-09-09,2025-11-08,,2025-11-08,65.63,0
atara biotherapeutics,CA,54.0,31.0,layoff permanent,layoff,2025-03-18,2025-03-18,2025-05-02,,2025-05-02,65.63,0
cold chain technologies,MA,32.0,82.0,layoff,layoff,2025-08-04,,2025-10-01,2025-12-31,2025-10-01,66.0,1
pescara,MN,72.0,1.0,closure,closure,,,2023-04-23,,2023-04-23,65.65,0
ptc therapeutics,NJ,54.0,94.0,layoff,layoff,,2023-08-21,,,2023-08-21,65.91,1
sdi stores llc d b a bobs stores,CT,,48.0,layoff,layoff,,2024-08-29,2024-08-23,,2024-08-23,66.83,1
plaskolite massachusetts,MA,32.0,90.0,layoff,layoff,2024-10-30,,,,2024-10-30,65.93,1
peraton 1875 explorer st reston va 20190,VA,54.0,92.0,layoff,layoff,,2025-10-03,2025-12-05,,2025-12-05,65.87,0
east ohio regional hospital,OH,62.0,11.0,layoff,layoff,2025-05-15,,2025-05-23,,2025-05-23,65.59,0
genuine parts,IL,49.0,69.0,closing,closure,2024-09-24,2024-09-24,2024-11-24,2025-02-28,2024-11-24,65.83,0
baxalta us inc dba takeda,CA,32.0,5.0,layoff permanent,layoff,2024-01-31,2024-01-17,2024-01-01,,2024-01-01,65.63,0
apoy,MN,72.0,20.0,closure,closure,,,2024-02-27,,2024-02-27,65.65,0
walmart,CA,,11.0,layoff permanent,layoff,2024-05-20,2024-05-17,2024-08-09,,2024-08-09,65.63,0
di overnite llc di express llc dba deliver it,CA,48.0,56.0,closure permanent,closure,2024-01-30,2024-01-12,2024-03-15,,2024-03-15,65.68,0
north florida surgeons orthopaedic associates,FL,62.0,2.0,layoff,layoff,,2025-10-30,2025-12-29,2026-01-12,2025-12-29,65.62,0
t mobile usa,IL,51.0,57.0,layoff,layoff,2023-09-20,2023-09-20,2023-10-24,,2023-10-24,65.73,0
meta platforms,CA,51.0,8.0,layoff permanent,layoff,2023-06-23,2023-05-29,2023-07-28,,2023-07-28,65.63,0
nmc,RI,54.0,36.0,closure,closure,2024-05-02,2024-05-02,2024-05-02,2024-07-01,2024-05-02,65.53,0
post consumer brands,OH,31.0,158.0,layoff,layoff,2024-11-08,,2024-10-04,2025-01-08,2024-10-04,66.19,1
communify south county hs office,CA,62.0,1.0,layoff permanent,layoff,2025-11-03,2025-11-03,2026-01-02,,2026-01-02,65.63,0
farmers group,CA,52.0,1.0,layoff permanent,layoff,2025-08-21,2025-08-19,2025-10-20,,2025-10-20,65.63,0
national pen,TN,,67.0,unknown,other,2023-02-08,,2023-03-30,2023-05-31,2023-03-30,65.76,0
ginger io,CA,54.0,19.0,layoff permanent,layoff,2023-07-27,2023-06-29,2023-07-03,,2023-07-03,65.63,0
microsoft 1045,CA,,82.0,layoff permanent,layoff,2025-05-14,2025-05-13,2025-07-12,,2025-07-12,65.88,0
marshfield clinic health system,WI,62.0,4.0,layoff,layoff,,2023-03-01,2023-05-19,,2023-05-19,65.64,0
kaiser foundation hospitals,CA,62.0,2.0,layoff permanent one kaiser plaza,layoff,2025-05-21,2025-05-19,2025-05-19,,2025-05-19,65.63,0
kira services llc and kira training services,FL,54.0,8.0,layoff,layoff,,2025-07-16,2025-08-11,2025-08-11,2025-08-11,65.62,0
lakeside curative services,WI,56.0,52.0,layoff,layoff,,2026-01-05,2026-03-06,,2026-03-06,65.66,0
nachi technology inc nti,IN,,72.0,closure,closure,,2025-03-19,2025-12-31,,2025-12-31,65.78,0
adient plc,TN,33.0,95.0,unknown,other,2025-04-22,,2025-06-27,,2025-06-27,65.94,1
fresh pro food distributors,NJ,42.0,100.0,layoff,layoff,,2024-02-19,,,2024-02-19,65.94,1
carefusion,MO,33.0,148.0,layoff,layoff,,2023-10-19,2023-12-18,,2023-12-18,66.15,1
engineered materials solutions,PA,33.0,58.0,closure,closure,,,2026-01-02,2026-10-31,2026-01-02,65.73,0
community development institute head start,WI,61.0,14.0,layoff,layoff,,2023-06-30,2023-08-31,,2023-08-31,65.64,0
updated charles river laboratories,MA,32.0,71.0,layoff,layoff,2026-03-25,,2026-04-24,2026-07-10,2026-04-24,65.81,0
johns manville,CA,32.0,90.0,closure temporary,closure,2026-02-10,2026-02-06,2026-04-19,,2026-04-19,65.93,1
owens brockway glass container,OR,32.0,81.0,layoff,layoff,,2023-06-13,,,2023-06-13,65.94,1
bicycle transit systems,CA,48.0,65.0,layoff permanent,layoff,2025-06-30,2025-06-30,2025-08-31,,2025-08-31,64.0,0
wells fargo,CA,52.0,1.0,layoff permanent,layoff,2025-05-27,2025-05-27,2025-05-27,,2025-05-27,65.63,0
primo brands,CA,,1.0,layoff permanent,layoff,2025-07-18,2025-07-18,2025-09-16,,2025-09-16,65.63,0
amazon,CA,45.0,7.0,layoff permanent,layoff,2023-01-20,2023-01-18,2023-03-19,,2023-03-19,65.63,0
greyhound lines,PA,48.0,10.0,closure,closure,,,2023-07-01,,2023-07-01,65.65,0
the boeing,AL,33.0,128.0,layoff,layoff,,2024-04-30,2024-06-28,,2024-06-28,66.08,1
icims,NJ,51.0,69.0,layoff,layoff,,2024-10-30,,,2024-10-30,65.75,0
oracle america,CA,51.0,158.0,layoff permanent,layoff,2026-04-02,2026-04-01,2026-06-01,,2026-06-01,66.22,1
empire hospitality llc dba westford regency inn conference center,MA,72.0,62.0,layoff,layoff,2025-10-16,,2025-12-19,,2025-12-19,65.74,0
google us mtv 41,CA,51.0,80.0,layoff permanent,layoff,2024-01-25,2024-01-10,2024-03-10,,2024-03-10,65.87,0
the international paper company sabine railroad,TX,,12.0,layoff,layoff,,,2024-02-06,,2024-02-06,65.64,0
meta platforms,CA,51.0,14.0,layoff permanent,layoff,2023-06-26,2023-05-29,2023-07-28,,2023-07-28,65.63,0
alchemy 365,MN,71.0,4.0,closure,closure,,,2024-11-16,,2024-11-16,65.65,0
dallas morning news north plant,TX,51.0,85.0,layoff,layoff,,,2025-01-01,,2025-01-01,65.92,1
idx,OH,33.0,66.0,layoff,layoff,2024-11-22,,2025-01-22,2025-02-05,2025-01-22,65.73,0
mayo4sam llc dba p j sweeney s restaurant pub,NJ,72.0,35.0,layoff,layoff,,2023-08-23,,,2023-08-23,65.58,0
nordstrom card services,UT,52.0,15.0,layoff,layoff,,2026-02-21,,,2026-02-21,65.66,0
zurn elkay water solutions,IL,33.0,100.0,closing,closure,2023-07-06,2023-07-06,2023-09-01,2023-12-29,2023-09-01,66.02,1
target,PA,45.0,47.0,closure,closure,,,2023-05-13,,2023-05-13,65.65,0
kaiser foundation hospitals,CA,62.0,1.0,layoff permanent,layoff,2024-05-01,2024-04-22,2024-06-21,,2024-06-21,65.63,0
giant delivers,VA,45.0,90.0,closure,closure,,2025-12-12,2026-02-10,,2026-02-10,65.86,0
california resources,CA,21.0,1.0,layoff permanent,layoff,2023-10-04,2023-08-28,2023-08-28,,2023-08-28,65.63,0
dhl supply chain sugar land,TX,49.0,10.0,layoff,layoff,,,2024-01-31,,2024-01-31,65.64,0
republic national distributing,CA,42.0,156.0,closure permanent,closure,2025-07-02,2025-07-01,2025-09-02,,2025-09-02,66.22,1
kehe distributors,AZ,42.0,22.0,layoff,layoff,,2023-08-23,,,2023-08-23,65.65,0
ayr wellness dba bp solutions llc hymer ave location,NV,45.0,5.0,layoff,layoff,2025-07-31,2025-07-31,2025-09-29,,2025-09-29,65.68,0
excelitas,MD,33.0,30.0,layoff,layoff,,2026-03-03,2026-05-15,2026-10-31,2026-05-15,65.68,0
innodata services,FL,51.0,2.0,layoff,layoff,,2026-02-03,2026-02-06,2026-03-13,2026-02-06,65.62,0
farmers insurance exchange,CA,52.0,124.0,layoff permanent,layoff,2023-09-28,2023-08-28,2023-10-30,,2023-10-30,66.1,1
herbalife international of america,CA,31.0,53.0,layoff permanent,layoff,2024-05-20,2024-05-20,2024-05-31,,2024-05-31,65.66,0
kaiser foundation hospitals pleasanton,CA,62.0,2.0,layoff permanent,layoff,2025-07-16,2025-07-14,2025-07-14,,2025-07-14,65.63,0
profrac services,UT,21.0,157.0,layoff,layoff,,2026-03-27,,,2026-03-27,66.25,1
amazon,CA,45.0,57.0,layoff permanent,layoff,2023-12-05,2023-11-02,2024-01-16,,2024-01-16,65.69,0
parsec,IL,,49.0,closing,closure,2025-01-29,2025-01-29,2025-04-06,,2025-04-06,65.66,0
kaiser foundation hospitals,CA,62.0,1.0,layoff permanent,layoff,2024-10-09,2024-10-07,2024-12-06,,2024-12-06,65.63,0
alverno laboratories at franciscan health olympia fields,IL,62.0,66.0,closing,closure,2026-02-02,2026-02-02,2026-04-01,,2026-04-01,65.81,0
medtronic,CA,33.0,81.0,layoff permanent,layoff,2026-02-05,2026-02-05,2026-04-07,,2026-04-07,65.88,0
equus workforce solutions mckinney arbor e t,TX,56.0,15.0,layoff,layoff,,,2025-09-30,,2025-09-30,65.64,0
ashland,NJ,32.0,55.0,layoff,layoff,,2025-08-01,,,2025-08-01,65.63,0
uptown airport group,NC,,66.0,closure,closure,2023-04-19,2023-04-18,2023-06-17,,2023-06-17,65.76,0
kaiser foundation hospitals,CA,62.0,1.0,layoff permanent,layoff,2023-12-12,2023-11-06,2024-01-04,,2024-01-04,65.63,0
southwest key programs casa rio grande,TX,62.0,3.0,layoff,layoff,,,2025-11-05,,2025-11-05,65.64,0
workday,CA,51.0,154.0,layoff permanent,layoff,2026-02-05,2026-02-04,2026-04-06,,2026-04-06,66.21,1
first brands group llc albion distribution center,IL,49.0,48.0,closing,closure,2026-02-23,2026-02-23,2026-02-23,2026-04-30,2026-02-23,65.66,0
the giant,PA,44.0,84.0,closure,closure,,,2026-03-20,,2026-03-20,65.92,1
goodwill of the san francisco bay,CA,81.0,18.0,closure permanent,closure,2025-04-07,2025-04-07,2025-06-07,,2025-06-07,65.63,0
alto pharmacy,CA,44.0,82.0,layoff permanent,layoff,2024-05-16,2024-05-16,2024-07-16,,2024-07-16,65.88,0
intel,CA,33.0,1.0,layoff permanent,layoff,2023-02-22,2023-02-14,2023-04-15,,2023-04-15,65.63,0
immunitybio,CA,54.0,3.0,layoff permanent,layoff,2024-09-26,2024-09-26,2024-11-25,,2024-11-25,65.63,0
viasat,CA,51.0,107.0,layoff permanent,layoff,2023-04-07,2023-03-31,2023-06-02,,2023-06-02,66.02,1
general atomics aeronautical systems,CA,33.0,9.0,layoff permanent,layoff,2023-04-21,2023-04-04,2023-06-05,,2023-06-05,65.63,0
john deere davenport works,IA,33.0,80.0,mass layoff,mass_layoff,,2024-10-16,2025-01-03,,2025-01-03,65.94,1
marshfield clinic health system,WI,62.0,12.0,layoff,layoff,,2023-01-30,2023-03-31,,2023-03-31,65.64,0
meadow burke llc d b a leviat,TX,33.0,75.0,layoff,layoff,,,2025-12-02,,2025-12-02,65.86,0
bihler of america,NJ,33.0,75.0,layoff,layoff,,2025-04-04,,,2025-04-04,65.79,0
essendant,FL,42.0,73.0,layoff,layoff,,2025-09-04,2025-12-31,2025-01-13,2025-12-31,65.82,0
true value,CO,44.0,49.0,change in business,other,,2024-08-08,2024-09-06,2024-11-01,2024-09-06,65.62,0
hulu,CA,51.0,29.0,layoff permanent,layoff,2023-06-08,2023-05-25,2023-06-27,,2023-06-27,65.63,0
google,CA,51.0,32.0,layoff permanent,layoff,2023-01-23,2023-01-20,2023-03-31,,2023-03-31,65.63,0
aramark christus st michael hospitl,TX,56.0,87.0,layoff,layoff,,,2023-10-31,,2023-10-31,65.93,1
total storage solutions best rv self storage,CA,,3.0,layoff permanent,layoff,2026-03-19,2026-03-12,2026-05-18,,2026-05-18,65.63,0
itc federal,VT,54.0,28.0,layoff,layoff,,2024-12-03,,,2024-12-03,65.52,0
american signature inc d b a value city furniture,MD,44.0,24.0,closure,closure,,2024-08-19,2024-10-22,,2024-10-22,65.68,0
nfi industries,IN,48.0,78.0,closure,closure,,2025-05-02,2025-07-25,,2025-07-25,65.83,0
community development institute head start,IN,61.0,65.0,closure,closure,,2025-07-31,2025-09-30,,2025-09-30,65.73,0
safeway inc store 0835,CO,,63.0,closure,closure,,2025-09-09,2025-11-07,2025-11-07,2025-11-07,65.74,0
continental automotive systems inc 13456 lovers lane culpeper va 22701,VA,33.0,150.0,closure,closure,,2024-07-01,2024-10-04,,2024-10-04,66.13,1
ikea memphis,TN,44.0,114.0,unknown,other,2026-03-05,,2026-05-09,2026-08-31,2026-05-09,66.04,1
vf santa fe springs distribution center,CA,49.0,48.0,closure permanent,closure,2024-01-17,2023-12-08,2024-03-22,,2024-03-22,65.63,0
dillard s,TN,45.0,75.0,unknown,other,2024-11-15,,2025-01-17,,2025-01-17,65.82,0
aludyne,TN,33.0,33.0,unknown,other,2024-03-05,,2024-04-17,,2024-04-17,65.61,0
google 244,CA,51.0,1.0,layoff permanent,layoff,2025-09-30,2025-09-29,2025-11-09,,2025-11-09,65.63,0
lutheran services of iowa,IA,62.0,10.0,mass layoff,mass_layoff,,2023-05-04,2023-07-01,,2023-07-01,65.7,0
saltzer health,ID,62.0,216.0,layoff,layoff,,2024-01-22,2024-03-29,,2024-03-29,67.0,1
robert kaufman,CA,31.0,13.0,closure permanent,closure,2025-03-11,2025-02-28,2025-04-29,,2025-04-29,65.63,0
marriott vacations worldwide,FL,72.0,136.0,layoff,layoff,,2025-08-08,2025-10-07,2025-10-07,2025-10-07,66.14,1
the cheesecake factory restaurants,TN,72.0,154.0,unknown,other,2024-06-25,,2024-07-14,,2024-07-14,66.2,1
southwest key programs inc casa oasis,TX,62.0,128.0,layoff,layoff,,,2025-10-05,,2025-10-05,66.13,1
zao bakery café,MN,72.0,1.0,layoff,layoff,,,2026-01-15,,2026-01-15,65.65,0
deluxe,MO,32.0,57.0,closure,closure,,2023-05-11,2023-07-28,,2023-07-28,65.66,0
amentum,CO,56.0,135.0,closure,closure,,2025-06-24,2025-09-30,2025-09-30,2025-09-30,66.13,1
durham school services,MO,48.0,107.0,layoff,layoff,,2026-04-09,2026-06-05,,2026-06-05,65.98,1
siemens healthcare diagnostics,NJ,33.0,62.0,layoff,layoff,,2024-09-27,,,2024-09-27,65.7,0
yellow,CA,52.0,43.0,closure permanent,closure,2023-08-16,2023-08-01,2023-07-30,,2023-07-30,69.0,1
oldcastle infrastructure,MD,,15.0,layoff,layoff,,2024-05-15,2024-07-05,,2024-07-05,65.68,0
volta charging industries,OH,,3.0,layoff,layoff,2024-04-01,,2024-05-31,,2024-05-31,65.59,0
sodexo,PA,72.0,83.0,closure,closure,,,2024-12-31,,2024-12-31,65.92,1
st louis post dispatch,MO,51.0,4.0,closure,closure,,2025-08-01,2025-09-26,2025-12-26,2025-09-26,65.59,0
macy s maplewood,MN,45.0,66.0,closure,closure,2025-01-10,2025-01-10,2025-03-18,,2025-03-18,65.8,0
osf healthcare heart of mary medical center,IL,62.0,51.0,layoff,layoff,2025-06-16,2025-06-16,2022-08-08,,2022-08-08,65.67,0
panera llc fresh dough facility,TX,,84.0,layoff,layoff,,,2024-03-24,,2024-03-24,65.92,1
child care associates rosedale v,TX,62.0,16.0,layoff,layoff,,,2025-06-30,,2025-06-30,65.64,0
kaiser foundation hospitals,CA,62.0,1.0,layoff permanent,layoff,2025-02-25,2025-02-24,2025-04-25,,2025-04-25,65.63,0
john deere des moines works,IA,33.0,9.0,mass layoff,mass_layoff,,2025-02-21,2025-03-31,,2025-03-31,65.7,0
flagship facility services inc at meta platforms,CA,56.0,9.0,layoff permanent,layoff,2023-01-10,2023-01-03,2023-03-06,,2023-03-06,65.63,0
microsoft 3201,CA,,3.0,layoff permanent,layoff,2025-05-14,2025-05-13,2025-07-12,,2025-07-12,65.63,0
david s bridal,NC,44.0,1.0,layoff,layoff,2023-04-17,2023-04-14,2023-07-31,,2023-07-31,65.61,0
neilsen and bainbridge,TX,33.0,116.0,layoff,layoff,,,2023-05-23,,2023-05-23,66.08,1
critical ideas inc d b a chipper cash,MA,54.0,1.0,layoff,layoff,2023-02-16,,2023-02-17,,2023-02-17,65.63,0
bayer u s,CA,32.0,55.0,layoff permanent,layoff,2023-02-17,2023-01-30,2023-03-31,,2023-03-31,65.67,0
fasika ethiopian restaurant,MN,72.0,1.0,closure,closure,,,2023-06-01,,2023-06-01,65.65,0
activision blizzard,CA,51.0,5.0,layoff permanent,layoff,2024-05-10,2024-04-08,2024-06-07,,2024-06-07,65.63,0
milwaukee job corps center horizons youth services,WI,61.0,104.0,layoff,layoff,,2025-06-03,2025-06-06,,2025-06-06,66.02,1
paramount global,CA,32.0,1.0,layoff permanent,layoff,2024-03-01,2024-02-28,2024-04-19,,2024-04-19,64.0,0
spencer construction,CA,,32.0,layoff permanent,layoff,2024-01-30,2024-01-15,2024-03-15,,2024-03-15,65.63,0
planet labs pbc,CA,51.0,1.0,layoff permanent,layoff,2024-09-04,2024-08-30,2024-10-31,,2024-10-31,65.63,0
newmont,CO,21.0,19.0,reduction in force,layoff,,2025-08-28,2025-10-28,2025-10-28,2025-10-28,65.62,0
the rockhill group,FL,,6.0,layoff,layoff,,2023-12-27,2024-01-16,2024-01-16,2024-01-16,65.62,0
institute of international education,NY,61.0,2.0,funding loss,other,,2025-03-07,2025-03-07,2025-03-07,2025-03-07,65.76,0
hunt sons,CA,,4.0,layoff permanent,layoff,2024-10-31,2024-10-29,2025-01-01,,2025-01-01,65.63,0
makita u s a inc factory service center,TX,81.0,7.0,layoff,layoff,,,2023-06-28,,2023-06-28,65.64,0
paramount global,CA,32.0,85.0,layoff permanent,layoff,2024-02-20,2024-02-15,2024-04-19,,2024-04-19,64.0,0
southwest key programs casa blanca,TX,62.0,85.0,layoff,layoff,,,2023-02-14,,2023-02-14,65.92,1
stanley black decker,SC,33.0,192.0,closure,closure,,2024-03-11,2024-05-10,2024-12-31,2024-05-10,66.31,1
sunpower,CA,,13.0,layoff permanent,layoff,2024-07-29,2024-07-26,2024-09-24,,2024-09-24,65.63,0
yellow,FL,52.0,39.0,layoff,layoff,,2023-08-11,2023-07-30,2023-07-30,2023-07-30,69.0,1
sentinel transportation,CA,,1.0,layoff permanent,layoff,2026-03-30,2026-03-30,2026-05-31,,2026-05-31,65.63,0
amazon,CA,45.0,1.0,layoff permanent,layoff,2023-01-20,2023-01-18,2023-03-19,,2023-03-19,65.63,0
wabash national lp,CA,,6.0,layoff permanent,layoff,2026-01-14,2026-01-05,2026-03-06,,2026-03-06,65.63,0
california communications access foundation,CA,54.0,7.0,layoff permanent,layoff,2024-05-08,2024-04-29,2024-07-01,,2024-07-01,65.63,0
sps ventures,MO,,152.0,layoff,layoff,,2023-12-08,2024-02-03,,2024-02-03,66.17,1
rubin postaer and associates rpa,CA,54.0,62.0,layoff permanent,layoff,2023-05-17,2023-05-01,2023-06-30,,2023-06-30,65.74,0
shell recharge solutions,NV,,1.0,layoff,layoff,2026-01-29,2026-01-29,2026-03-31,,2026-03-31,65.68,0
first student,CA,48.0,88.0,layoff permanent,layoff,2025-05-12,2025-05-09,2025-08-08,,2025-08-08,65.92,1
carbon health medical group,CA,62.0,5.0,layoff permanent,layoff,2024-02-21,2024-01-12,2024-03-12,,2024-03-12,65.63,0
zenimax media,MD,51.0,62.0,layoff,layoff,,2025-08-18,2025-10-15,,2025-10-15,65.79,0
kenvue,NJ,32.0,69.0,layoff,layoff,,2025-10-10,,,2025-10-10,65.75,0
appliance plus,IA,44.0,5.0,closing,closure,,2026-04-14,2026-07-31,,2026-07-31,65.7,0
advance stores company incorporated and its subsidiary golden state supply,CA,44.0,8.0,closure permanent,closure,2024-11-15,2024-11-14,2025-03-09,,2025-03-09,65.63,0
fibrogen,CA,32.0,127.0,layoff permanent,layoff,2024-08-02,2024-08-02,2024-08-02,,2024-08-02,66.11,1
mmt craft llc dba modern times beer coffee,CA,31.0,15.0,closure permanent,closure,2024-09-09,2024-09-06,2024-11-06,,2024-11-06,65.63,0
atara biotherapeutics,CA,54.0,72.0,layoff permanent,layoff,2023-12-13,2023-11-01,2023-12-31,,2023-12-31,65.82,0
caesarstone technologies usa,GA,32.0,129.0,closure,closure,,,2024-02-11,,2024-02-11,66.2,1
dairy queen dt minneapolis,MN,49.0,1.0,closure,closure,,,2023-10-01,,2023-10-01,65.65,0
sodexo inc and affiliates,MD,72.0,14.0,closure,closure,,2023-06-13,2023-08-08,,2023-08-08,65.68,0
pirch,CA,44.0,11.0,layoff permanent,layoff,2024-04-30,2024-04-04,2024-04-04,,2024-04-04,65.63,0
shine technologies,WI,33.0,10.0,layoff,layoff,,2023-08-08,2023-08-08,,2023-08-08,65.64,0
tom thumb store 3854,TX,44.0,71.0,layoff,layoff,,,2024-02-17,,2024-02-17,65.83,0
sumitomo pharma america,MA,,53.0,layoff,layoff,2024-08-01,,2024-09-30,,2024-09-30,65.66,0
advance stores company incorporated and its subsidiary golden state supply,CA,44.0,10.0,closure permanent,closure,2024-11-15,2024-11-14,2025-03-07,,2025-03-07,65.63,0
adecco usa,IL,56.0,145.0,layoff,layoff,2024-01-02,2024-01-02,2024-03-04,,2024-03-04,66.22,1
hshs st joseph s hospital chippewa falls,WI,62.0,2.0,closure,closure,,2024-01-23,2024-03-22,,2024-03-22,65.64,0
paramount global,CA,32.0,4.0,layoff permanent,layoff,2024-11-25,2024-11-22,2024-12-23,,2024-12-23,64.0,0
boeing,CA,33.0,1.0,layoff permanent,layoff,2024-11-15,2024-11-15,2025-01-17,,2025-01-17,65.63,0
international business machines corporation ibm,CA,54.0,54.0,layoff permanent,layoff,2024-09-17,2024-09-17,2024-11-18,,2024-11-18,65.67,0
kenco logistics services,IN,49.0,10.0,closure,closure,,2024-03-22,2024-06-28,,2024-06-28,65.59,0
gep administrative services llc dba entertainment partners,CA,42.0,61.0,layoff permanent,layoff,2025-09-26,2025-09-26,2025-12-01,,2025-12-01,65.73,0
pear therapeutics us,MA,54.0,78.0,layoff,layoff,2023-04-06,,2023-04-07,,2023-04-07,65.86,0
s s activewear,CA,42.0,117.0,closure permanent,closure,2025-02-04,2025-02-03,2025-04-09,,2025-04-09,66.07,1
medical device business services,CA,33.0,1.0,layoff permanent,layoff,2023-06-22,2023-06-02,2023-08-04,,2023-08-04,65.63,0
paramount global,CA,32.0,2.0,layoff permanent,layoff,2024-12-19,2024-12-19,2025-03-14,,2025-03-14,64.0,0
calplant,CA,32.0,113.0,closure permanent,closure,2023-06-05,2023-05-15,2023-07-14,,2023-07-14,66.05,1
shell catalyst technologies,CA,,59.0,closure permanent,closure,2024-10-17,2024-10-16,2024-12-31,,2024-12-31,65.71,0
shaw industries group,SC,,203.0,layoff,layoff,,2024-06-06,2024-08-07,,2024-08-07,66.34,1
osso vr,CA,62.0,67.0,layoff permanent,layoff,2024-04-03,2024-03-28,2024-05-27,,2024-05-27,64.0,0
recology vallejo,CA,56.0,25.0,layoff permanent,layoff,2025-07-30,2025-07-30,2025-09-30,,2025-09-30,65.63,0
kinze manufacturing,IA,33.0,53.0,mass layoff,mass_layoff,,2025-01-15,2025-01-15,,2025-01-15,65.73,0
pactiv evergreen inc canton paper mill,NC,,150.0,layoff,layoff,2023-03-23,2023-03-23,2025-03-09,,2025-03-09,66.19,1
primo brands,CA,,7.0,layoff permanent,layoff,2025-04-18,2025-04-18,2025-06-17,,2025-06-17,65.63,0
jj legacy school,MN,61.0,25.0,closure,closure,,,2024-01-12,,2024-01-12,65.65,0
equus workforce solutions houston opertions pearland arbor e t,TX,56.0,13.0,layoff,layoff,,,2025-09-30,,2025-09-30,65.64,0
essendant,NC,42.0,58.0,closure,closure,2025-09-04,2025-09-04,2025-11-07,,2025-11-07,65.69,0
penney opco llc jc penney store 2102,MD,45.0,74.0,plant closure update: company rescinded warn on 5/13/2025,closure,,2025-02-27,2025-05-12,,2025-05-12,65.89,0
the roomplace,IL,44.0,62.0,closing,closure,2024-11-14,2024-11-14,2024-12-31,,2024-12-31,65.77,0
soft surroundings,MO,11.0,181.0,closure,closure,,2023-09-25,2023-11-18,,2023-11-18,66.26,1
sangamo therapeutics,CA,54.0,30.0,layoff permanent,layoff,2023-05-09,2023-04-26,2023-06-26,,2023-06-26,65.63,0
scenario cockram usa,CA,23.0,10.0,layoff permanent,layoff,2023-07-27,2023-06-28,2023-10-27,,2023-10-27,65.63,0
accenture,CA,54.0,148.0,layoff permanent,layoff,2023-05-05,2023-04-20,2023-06-20,,2023-06-20,66.19,1
olon industries inc us,NC,33.0,53.0,closure,closure,2025-01-24,2025-01-24,2025-05-30,,2025-05-30,65.64,0
maverik,IA,44.0,100.0,mass layoff,mass_layoff,,2025-08-06,2025-10-06,,2025-10-06,66.06,1
federal heath sign,TX,33.0,47.0,layoff,layoff,,,2023-09-01,,2023-09-01,65.64,0
medical device components llc dba lighteum medical,CA,33.0,83.0,layoff permanent,layoff,2026-02-02,2026-01-30,2026-04-03,,2026-04-03,65.89,0
boot barn,CA,44.0,59.0,layoff permanent,layoff,2023-03-07,2023-03-03,2023-05-01,,2023-05-01,65.71,0
bed bath beyond store 0020,CA,44.0,52.0,closure permanent,closure,2023-05-09,2023-04-24,2023-06-26,,2023-06-26,65.65,0
kaiser foundation hospitals harbor city,CA,62.0,1.0,layoff permanent,layoff,2025-06-03,2025-06-02,2025-06-02,,2025-06-02,65.63,0
gsc logistics,CA,48.0,58.0,layoff permanent,layoff,2023-02-23,2023-02-10,2023-04-12,,2023-04-12,65.7,0
hazel hawkins community health center at san juan bautista,CA,62.0,5.0,closure permanent,closure,2023-01-23,2022-12-19,2023-02-18,,2023-02-18,65.63,0
railcrew xpress,FL,,24.0,layoff,layoff,,2025-12-22,2026-02-27,2026-02-27,2026-02-27,65.62,0
bravi s craft mexican kitchen,MN,72.0,1.0,layoff,layoff,,,2026-01-12,,2026-01-12,65.65,0
wells fargo,IA,52.0,25.0,mass layoff,mass_layoff,,2024-02-20,2024-02-20,,2024-02-20,65.7,0
divvy homes,OH,53.0,6.0,layoff,layoff,2023-09-07,,2023-11-07,,2023-11-07,65.59,0
la habra facility,CA,,17.0,closure permanent,closure,2023-03-16,2023-03-15,2023-05-15,,2023-05-15,65.63,0
primo brands,CA,,8.0,closure permanent,closure,2025-05-02,2025-05-02,2025-07-01,,2025-07-01,65.63,0
xellia pharmaceutical usa,IL,,2.0,layoff,layoff,2024-06-17,2025-01-13,2024-08-17,2025-03-28,2024-08-17,65.66,0
cygnus home service llc d b a yelloh,MD,45.0,7.0,layoff,layoff,,2024-05-29,2024-07-27,,2024-07-27,65.68,0
thermo fisher scientific,NJ,33.0,113.0,layoff,layoff,,2023-06-16,,,2023-06-16,66.01,1
communify coronel center,CA,62.0,1.0,layoff permanent,layoff,2025-11-03,2025-11-03,2026-01-02,,2026-01-02,65.63,0
williamston hospital,NC,62.0,173.0,closure,closure,2023-08-04,2023-08-03,2023-10-05,,2023-10-05,66.26,1
allied group,RI,,154.0,closure,closure,2026-03-31,2026-03-26,2026-05-25,2026-06-06,2026-05-25,66.12,1
cerebral,CA,62.0,31.0,layoff permanent,layoff,2023-03-03,2023-02-27,2023-04-30,,2023-04-30,65.63,0
kaiser foundation hospitals 2500,CA,62.0,40.0,layoff permanent,layoff,2025-10-07,2025-10-06,2025-09-17,,2025-09-17,65.63,0
s b plant services ltd deer park,TX,23.0,163.0,layoff,layoff,,,2023-10-02,,2023-10-02,66.26,1
reins international california inc dba gyu kaku,CA,72.0,52.0,closure permanent,closure,2024-04-02,2024-03-29,2024-06-05,,2024-06-05,65.65,0
yamaha motor manufacturing,GA,,56.0,permanent layoff / reduction in force,layoff,,,2025-10-04,,2025-10-04,65.77,0
lanzatech global,IL,32.0,80.0,layoff,layoff,2025-05-12,2025-06-10,2025-06-01,,2025-06-01,65.91,1
john deere dubuque works,IA,33.0,34.0,mass layoff,mass_layoff,,2024-07-24,2024-07-24,,2024-07-24,65.7,0
winnebago industries,IA,33.0,33.0,mass layoff,mass_layoff,,2024-10-22,2024-11-22,,2024-11-22,65.7,0
primo brands,CA,,9.0,closure permanent,closure,2025-03-05,2025-03-05,2025-05-10,,2025-05-10,65.63,0
cygnus home services reno las vegas washoe clark,NV,45.0,18.0,closure,closure,2023-10-26,2023-10-26,2023-12-15,,2023-12-15,65.68,0
vander bend manufacturing,GA,33.0,38.0,closure,closure,,,2024-11-22,,2024-11-22,65.71,0
venture forthe,NY,62.0,18.0,contract loss,other,,2024-12-31,2025-03-31,2025-04-13,2025-03-31,65.76,0
cc metals and alloys,KY,32.0,114.0,layoff,layoff,2026-03-17,,2026-03-24,,2026-03-24,66.04,1
atlantic union bankshares corporation atlantic union,MD,52.0,51.0,layoff,layoff,,2025-08-18,2025-10-15,,2025-10-15,65.69,0
fti buyer llc bidfta online actions,OH,42.0,104.0,closure,closure,2026-01-08,,2026-03-06,,2026-03-06,65.97,1
randalls 3067,TX,,94.0,layoff,layoff,,,2026-04-18,,2026-04-18,65.97,1
eckerd connects david carrasco job corps,TX,61.0,77.0,layoff,layoff,,,2025-06-13,,2025-06-13,65.87,0
david s bridal llc san antonio bexar county,TX,44.0,25.0,layoff,layoff,,,2023-07-17,,2023-07-17,65.64,0
accelered,MD,61.0,108.0,closure,closure,,2025-10-14,2025-12-31,,2025-12-31,66.08,1
scripps health corporate 3,CA,62.0,2.0,layoff permanent,layoff,2023-03-09,2023-03-08,2023-05-08,,2023-05-08,65.63,0
general atomics aeronautical systems,CA,33.0,2.0,layoff permanent,layoff,2023-04-21,2023-04-04,2023-06-05,,2023-06-05,65.63,0
volta charging industries,NV,,1.0,closure,closure,2024-04-01,2024-04-01,2024-05-31,,2024-05-31,65.68,0
southern pacpizza dba pizza hut 029212,CA,72.0,2.0,layoff permanent,layoff,2024-01-24,2023-12-14,2024-02-12,,2024-02-12,65.63,0
pivot bio,CA,54.0,62.0,closure permanent,closure,2025-05-28,2025-05-22,2025-07-21,,2025-07-21,65.74,0
prisma health,SC,62.0,29.0,layoff,layoff,,2023-07-13,2023-08-31,,2023-08-31,65.61,0
kaiser foundation hospitals,CA,62.0,1.0,layoff permanent one kaiser plaza,layoff,2024-02-28,2024-02-26,2024-04-26,,2024-04-26,65.63,0
hunter douglas,MD,33.0,60.0,layoff,layoff,,2023-02-22,2023-02-13,,2023-02-13,65.78,0
gannett publishing services indianapolis star,IN,51.0,1.0,closure,closure,,2024-04-30,2024-12-31,,2024-12-31,65.59,0
sentinel transportation,CA,,3.0,layoff permanent,layoff,2026-03-30,2026-03-30,2026-05-31,,2026-05-31,65.63,0
bpa facility services,GA,56.0,72.0,closure,closure,,,2023-09-30,,2023-09-30,65.9,1
distinctive spectrum joint venture 8a llc 4375 fair lakes court fairfax va 22033,VA,54.0,132.0,layoff,layoff,,2024-08-30,2024-11-01,,2024-11-01,66.06,1
stryker employment,FL,,2.0,layoff,layoff,,2023-09-28,2023-11-30,2023-11-30,2023-11-30,65.62,0
sodexo inc at lake forest academy,IL,72.0,43.0,closing,closure,2023-09-29,2023-09-29,2023-12-31,2023-12-31,2023-12-31,65.66,0
iss action,TX,56.0,197.0,layoff,layoff,,,2024-08-31,,2024-08-31,66.36,1
benchmark precision technologies,CA,33.0,42.0,closure permanent,closure,2025-02-26,2025-02-14,2025-06-03,,2025-06-03,65.63,0
the boeing,SC,33.0,8.0,layoff,layoff,,2025-02-15,2025-04-04,2025-04-18,2025-04-04,65.61,0
kaiser foundation hospitals,CA,62.0,1.0,layoff permanent,layoff,2025-01-22,2025-01-21,2025-03-22,,2025-03-22,65.63,0
igm resins usa,NC,32.0,58.0,layoff,layoff,2023-06-26,2023-06-23,2024-01-31,,2024-01-31,65.69,0
flex,CA,33.0,10.0,layoff permanent,layoff,2023-03-07,2023-02-28,2023-05-01,,2023-05-01,65.63,0
dow jones,NJ,51.0,50.0,layoff,layoff,,2026-01-23,,,2026-01-23,65.58,0
robinhood markets,CA,52.0,23.0,layoff permanent,layoff,2023-07-13,2023-06-29,2023-09-01,,2023-09-01,65.63,0
cygnus home services llc d b a yelloh,IA,45.0,8.0,mass layoff,mass_layoff,,2024-05-28,2024-07-27,,2024-07-27,65.7,0
marquis spas,OR,33.0,115.0,closure,closure,,2023-06-09,,,2023-06-09,66.12,1
management training corporation gist state jail,TX,92.0,6.0,layoff,layoff,,,2025-08-31,,2025-08-31,65.64,0
safeway store 2563,NE,,49.0,layoff,layoff,,2025-09-09,,,2025-09-09,65.6,0
cygnus home services llc pampa,TX,45.0,7.0,layoff,layoff,,,2023-12-15,,2023-12-15,65.64,0
nupa north rochester,MN,62.0,1.0,closure,closure,,,2025-02-12,,2025-02-12,65.65,0
quanex homeshield,CA,,15.0,closure permanent,closure,2025-07-11,2025-07-11,2025-09-09,,2025-09-09,65.63,0
ascent classical academy of grand junction,CO,61.0,37.0,unforseen - contracts ending,other,,2023-12-28,2023-12-31,2023-12-31,2023-12-31,65.62,0
inoac exterior systems,OH,32.0,87.0,closure,closure,2025-01-30,,2025-04-01,,2025-04-01,65.88,0
graphic packaging international,IA,32.0,85.0,closing,closure,,2023-05-02,2023-06-02,,2023-06-02,65.97,1
ceva logistics,KY,48.0,135.0,layoff,layoff,2023-10-23,,2023-10-23,,2023-10-23,66.13,1
the pourhouse minneapolis,MN,,1.0,closure,closure,,,2024-07-28,,2024-07-28,65.65,0
meta platforms,CA,51.0,63.0,layoff permanent,layoff,2023-05-08,2023-04-24,2023-06-23,,2023-06-23,65.75,0
leemah electronics,TX,33.0,84.0,layoff,layoff,,,2025-12-08,,2025-12-08,65.92,1
h m rochester,MN,44.0,20.0,closure,closure,,,2023-07-01,,2023-07-01,65.65,0
scout distribution llc san diego,CA,42.0,5.0,layoff permanent,layoff,2025-06-19,2025-06-18,2025-08-22,,2025-08-22,65.63,0
city national bank,CA,52.0,10.0,layoff permanent,layoff,2024-11-05,2024-11-05,2025-01-03,,2025-01-03,65.63,0
crisis preparation recovery,AZ,54.0,73.0,layoff,layoff,,2025-05-06,,,2025-05-06,65.84,0
ethos veterinary health services inc pet er facility,MD,62.0,42.0,closure,closure,,2025-07-31,2025-09-29,,2025-09-29,65.68,0
advance stores company incorporated and its subsidiary golden state supply,CA,44.0,10.0,closure permanent,closure,2024-11-15,2024-11-14,2025-03-07,,2025-03-07,65.63,0
cue health waples,CA,33.0,12.0,layoff permanent,layoff,2024-02-02,2024-01-25,2024-03-26,,2024-03-26,65.63,0
lost boys interactive,OR,51.0,125.0,layoff,layoff,,2024-01-12,,,2024-01-12,66.16,1
kaiser foundation hospitals,CA,62.0,1.0,layoff permanent,layoff,2025-02-25,2025-02-24,2025-04-25,,2025-04-25,65.63,0
amazon mav2 facility,MD,45.0,184.0,closure,closure,,2026-01-28,2026-04-28,,2026-04-28,66.36,1
xcite steps a wholly owned subsidiary of invo healthcare,CA,,99.0,closure permanent,closure,2023-07-19,2023-06-20,2023-08-21,,2023-08-21,65.98,1
right at school,CA,61.0,1.0,layoff permanent,layoff,2025-04-10,2025-04-09,2025-06-18,,2025-06-18,65.63,0
white deer run allenwood,PA,62.0,31.0,layoff,layoff,,,2026-04-05,,2026-04-05,65.65,0
bacchus importers,MD,42.0,73.0,closure,closure,,2023-04-27,2023-06-30,,2023-06-30,65.88,0
universal protection service lp dba allied universal security services,CA,45.0,66.0,layoff permanent,layoff,2024-11-22,2024-11-22,2025-01-24,,2025-01-24,65.77,0
primo brands,CA,,1.0,layoff permanent,layoff,2025-07-18,2025-07-18,2025-09-16,,2025-09-16,65.63,0
rume medical group,CA,62.0,46.0,layoff permanent,layoff,2023-01-10,2022-12-28,2023-02-26,,2023-02-26,65.63,0
kaiser foundation hospitals,CA,62.0,1.0,layoff permanent one kaiser plaza,layoff,2025-06-10,2025-06-09,2025-06-09,,2025-06-09,65.63,0
state farm mutual automobile insurance,AZ,52.0,186.0,layoff,layoff,,2023-01-24,,,2023-01-24,66.33,1
dhl supply chain,IL,49.0,161.0,layoff,layoff,2024-01-19,2024-01-19,2024-03-31,,2024-03-31,66.27,1
ceva logistics,KY,48.0,74.0,closure,closure,2023-04-28,,2023-07-06,,2023-07-06,65.81,0
reimagined parking,MD,54.0,4.0,closure,closure,,2024-03-19,2024-05-18,,2024-05-18,65.68,0
institue of international education,DC,61.0,45.0,layoff,layoff,,2025-04-14,,,2025-04-14,65.56,0
anthony,GA,42.0,136.0,closure,closure,,,2023-09-29,,2023-09-29,66.23,1
cruise,CA,33.0,12.0,layoff permanent,layoff,2025-03-03,2025-02-21,2025-04-22,,2025-04-22,65.63,0
cargo therapeutics,CA,54.0,81.0,layoff permanent,layoff,2025-01-30,2025-01-30,2025-04-01,,2025-04-01,65.88,0
point digital finance,CA,52.0,61.0,layoff permanent,layoff,2023-08-31,2023-07-27,2023-07-28,,2023-07-28,65.73,0
flagship facility services inc at meta platforms,CA,56.0,17.0,layoff permanent,layoff,2023-01-10,2023-01-03,2023-03-06,,2023-03-06,65.63,0
chemonics,DC,54.0,59.0,layoff,layoff,,2025-08-25,,,2025-08-25,65.64,0
formulated solutions,FL,32.0,66.0,layoff,layoff,,2023-10-02,2023-10-02,2023-10-02,2023-10-02,66.0,1
oakland city university,IN,61.0,167.0,layoff,layoff,,2026-04-01,2026-06-01,,2026-06-01,66.22,1
air wisconsin airlines llc mke hangar,WI,48.0,30.0,layoff,layoff,,2025-09-05,2025-10-28,,2025-10-28,65.64,0
ecs federal,FL,54.0,117.0,layoff,layoff,,2026-01-23,2026-02-14,2026-02-14,2026-02-14,66.07,1
pulau corporation 827,CA,54.0,43.0,layoff permanent building,layoff,2025-04-25,2025-04-25,2025-06-30,,2025-06-30,65.63,0
j b hunt transport,CA,48.0,127.0,closure permanent,closure,2023-09-15,2023-08-04,2023-10-03,,2023-10-03,66.11,1
thermo fisher scientific 5781 building,CA,33.0,3.0,layoff permanent,layoff,2023-06-13,2023-05-25,2023-07-22,,2023-07-22,65.63,0
meta platforms,CA,51.0,44.0,layoff permanent,layoff,2023-05-04,2023-04-24,2023-06-23,,2023-06-23,65.63,0
winnebago industries,IA,33.0,36.0,closing,closure,,2024-07-09,2024-09-01,,2024-09-01,65.7,0
kiss distribution,NJ,42.0,105.0,layoff,layoff,,2024-12-26,,,2024-12-26,65.97,1
q e p,TN,32.0,35.0,unknown,other,2023-09-25,,2023-11-30,,2023-11-30,65.61,0
boeing,CA,33.0,57.0,layoff permanent,layoff,2024-11-15,2024-11-15,2025-01-17,,2025-01-17,65.69,0
jack cooper transport,OH,48.0,61.0,closure,closure,2025-01-13,,2025-02-02,,2025-02-02,65.69,0
del friscos grille,CA,72.0,53.0,closure permanent,closure,2023-09-29,2023-08-30,2023-10-31,,2023-10-31,65.66,0
onx,FL,,30.0,layoff,layoff,,2025-10-14,2025-12-14,2025-12-28,2025-12-14,65.62,0
first savings bank,ID,52.0,135.0,layoff,layoff,,2023-09-29,2023-11-30,,2023-11-30,66.17,1
united states patent and trademark office uspto,VA,33.0,126.0,closure,closure,,2025-10-14,2025-12-09,,2025-12-09,66.04,1
spirit airlines,NJ,48.0,80.0,layoff,layoff,,2025-01-31,,,2025-01-31,65.83,0
1807 san diego lgbt community center,CA,81.0,5.0,layoff permanent,layoff,2025-07-10,2025-07-03,2025-09-06,,2025-09-06,65.63,0
art laminating finishing,GA,32.0,35.0,closure,closure,,,2023-07-09,,2023-07-09,65.71,0
caribou coffee edina,MN,72.0,1.0,closure,closure,,,2023-11-08,,2023-11-08,65.65,0
becton dickinson and company bd 10020 pacific mesa boulevard,CA,33.0,7.0,layoff permanent,layoff,2025-11-04,2025-10-31,2025-10-01,,2025-10-01,65.63,0
macys,CA,45.0,92.0,closure permanent,closure,2023-01-06,2022-12-29,2023-03-18,,2023-03-18,65.94,1
intel,CA,33.0,170.0,layoff permanent,layoff,2025-07-11,2025-07-10,2025-07-11,,2025-07-11,66.26,1
meta platforms,CA,51.0,12.0,layoff permanent,layoff,2023-05-08,2023-04-24,2023-06-23,,2023-06-23,65.63,0
flagship facility services inc at meta platforms,CA,56.0,10.0,layoff permanent,layoff,2023-01-10,2023-01-03,2023-03-06,,2023-03-06,65.63,0
integrated dna technologies,IA,54.0,61.0,mass layoff,mass_layoff,,2025-12-12,2025-12-12,,2025-12-12,65.8,0
genpact,IL,54.0,129.0,layoff,layoff,2024-05-29,2024-05-29,2024-07-31,2025-01-31,2024-07-31,66.16,1
coherent,NJ,33.0,127.0,layoff,layoff,,2023-07-12,,,2023-07-12,66.07,1
jabil,TX,33.0,136.0,layoff,layoff,,,2024-12-06,,2024-12-06,66.17,1
sunrun,CA,,26.0,layoff permanent,layoff,2023-12-27,2023-11-14,2024-01-13,,2024-01-13,65.63,0
wells fargo,CA,52.0,56.0,layoff permanent,layoff,2025-03-04,2025-03-04,2025-04-05,,2025-04-05,65.68,0
google 1225,CA,51.0,1.0,layoff permanent,layoff,2025-09-30,2025-09-29,2025-11-09,,2025-11-09,65.63,0
ventech solutions,MD,54.0,60.0,layoff,layoff,,2023-10-16,2023-12-15,,2023-12-15,65.78,0
management training corporation lychner state jail,TX,92.0,17.0,layoff,layoff,,,2025-08-31,,2025-08-31,65.64,0
pt solutions at adventist health delano,CA,62.0,4.0,closure permanent,closure,2024-05-10,2024-05-02,2024-07-09,,2024-07-09,65.63,0
pasa services inc d b a flamingo graphics,FL,,36.0,layoff,layoff,,2025-08-08,2025-10-09,2025-10-31,2025-10-09,65.62,0
international paper,TN,32.0,115.0,unknown,other,2024-10-21,,2024-12-16,,2024-12-16,66.04,1
carbon health,CA,62.0,2.0,layoff permanent,layoff,2023-10-16,2023-08-10,2023-10-09,,2023-10-09,65.63,0
job1 usa fort worth,TX,56.0,25.0,layoff,layoff,,,2025-11-15,,2025-11-15,65.64,0
encore industries,OH,33.0,89.0,layoff,layoff,2023-09-12,,2023-09-12,2023-11-12,2023-09-12,65.89,0
chistmas tree shops location 2,NJ,45.0,61.0,layoff,layoff,,2023-07-07,,,2023-07-07,65.69,0
thermo fisher scientific,MA,33.0,48.0,layoff,layoff,2024-11-07,,2025-01-06,2026-11-06,2025-01-06,66.83,1
google us mtv 1950,CA,51.0,8.0,layoff permanent,layoff,2024-01-25,2024-01-10,2024-03-10,,2024-03-10,65.63,0
heritage bank of commerce remote san jose,CA,52.0,12.0,layoff permanent,layoff,2026-03-17,2026-02-27,2026-04-17,,2026-04-17,65.63,0
aptargroup,MD,32.0,19.0,closure,closure,,2023-01-26,2023-03-27,,2023-03-27,65.68,0
greenheck fan corporation unison comfort technologies,CA,33.0,25.0,closure permanent,closure,2023-03-24,2023-03-23,2023-05-31,,2023-05-31,65.63,0
genpact,IL,54.0,158.0,closing,closure,2024-08-26,2024-08-26,2024-10-25,,2024-10-25,66.26,1
chartwells midland isd,TX,72.0,74.0,layoff,layoff,,,2023-06-30,,2023-06-30,65.85,0
regal rexnord,TX,33.0,78.0,layoff,layoff,,,2023-09-30,,2023-09-30,65.88,0
medallion industries,CA,32.0,9.0,closure permanent,closure,2023-01-19,2023-01-17,2023-03-20,,2023-03-20,65.63,0
transaxle,GA,,209.0,closure,closure,,,2025-07-15,,2025-07-15,66.45,1
air wisconsin airlines llc atw,WI,48.0,127.0,layoff,layoff,,2025-09-05,2025-10-28,,2025-10-28,66.12,1
first student,IA,48.0,120.0,closing,closure,,2026-04-02,2026-06-30,,2026-06-30,66.15,1
mountain sports llc d b a eastern mountain sports,CT,45.0,3.0,layoff,layoff,,,2024-05-31,,2024-05-31,65.63,0
telluride sports camel s garden,CO,44.0,8.0,layoff,layoff,,2023-02-27,,,2023-02-27,65.62,0
juul labs 271,CA,31.0,12.0,layoff permanent,layoff,2023-09-28,2023-08-24,2023-09-08,,2023-09-08,65.63,0
linkedin,CA,51.0,11.0,layoff permanent,layoff,2025-05-28,2025-05-27,2025-05-15,,2025-05-15,65.63,0
cue health,CA,33.0,6.0,layoff permanent nancy ridge,layoff,2023-05-17,2023-04-28,2023-06-27,,2023-06-27,65.63,0
amazon sjc13,CA,45.0,33.0,layoff permanent,layoff,2025-10-29,2025-10-28,2026-01-26,,2026-01-26,65.63,0
compass group usa,MI,52.0,114.0,closure,closure,,,2026-04-06,,2026-04-06,69.0,1
morrison healthcare,OH,62.0,201.0,closure,closure,2025-05-22,,2025-07-25,,2025-07-25,66.31,1
bioreference health,NJ,62.0,84.0,layoff,layoff,,2025-01-01,,,2025-01-01,65.85,0
crst expedited inc dba crst the transportation solution,CA,48.0,7.0,layoff permanent,layoff,2025-07-29,2025-07-28,2025-09-27,,2025-09-27,65.63,0
advance stores company incorporated and its subsidiary golden state supply,CA,44.0,15.0,closure permanent,closure,2024-11-15,2024-11-14,2025-03-11,,2025-03-11,65.63,0
herbalife international of america,CA,31.0,11.0,layoff permanent,layoff,2023-03-06,2023-02-27,2023-04-28,,2023-04-28,65.63,0
shearer s foods,TX,,176.0,layoff,layoff,,,2024-03-31,,2024-03-31,66.3,1
qualcomm incorporated 5737 pacific center blvd,CA,,1.0,layoff permanent,layoff,2026-04-02,2026-04-02,2026-05-26,,2026-05-26,65.63,0
labcorp early development laboratories,NJ,62.0,78.0,layoff,layoff,,2023-11-17,,,2023-11-17,65.82,0
heartland alliance,IL,62.0,48.0,layoff,layoff,2023-09-29,2023-09-29,2023-09-30,,2023-09-30,65.66,0
curia global,MA,54.0,81.0,layoff,layoff,2026-01-14,,2026-03-10,2026-06-01,2026-03-10,65.88,0
nextgen healthcare,MD,54.0,99.0,layoff,layoff,,2023-11-15,2024-01-16,,2024-01-16,66.04,1
city of maplewood dmv,MN,92.0,7.0,closure,closure,,,2023-05-08,,2023-05-08,65.65,0
medford cpl,MA,54.0,63.0,layoff,layoff,2026-01-16,,2026-03-17,,2026-03-17,65.75,0
socal pizza holdings,CA,72.0,6.0,layoff permanent,layoff,2024-02-23,2023-12-01,2024-02-05,,2024-02-05,65.63,0
maxcyte inc maxcyte headquarters,MD,54.0,20.0,layoff,layoff,,2025-09-23,2025-11-21,,2025-11-21,65.68,0
jabil,CA,33.0,53.0,closure temporary,closure,2023-07-13,2023-06-16,2023-08-25,,2023-08-25,65.66,0
johns hopkins university bloomberg school of public health bsph center for communication programs,MD,61.0,107.0,layoff,layoff,,2025-03-13,2025-05-12,,2025-05-12,66.08,1
southwestern health resources,TX,62.0,129.0,layoff,layoff,,,2024-09-10,,2024-09-10,68.0,1
kohl s,CA,45.0,58.0,closure permanent,closure,2025-01-08,2025-01-08,2025-03-31,,2025-03-31,65.7,0
calpac pizza dba pizza hut 027386,CA,72.0,3.0,layoff permanent,layoff,2024-01-24,2023-12-14,2024-02-16,,2024-02-16,65.63,0
alan ritchey,MS,48.0,191.0,closure,closure,,2023-07-23,2023-09-13,,2023-09-13,66.28,1
sheridan random lake,WI,,104.0,closure,closure,,2025-09-23,2025-11-21,,2025-11-21,66.02,1
ceryx management llc blackstone,CA,53.0,39.0,layoff permanent,layoff,2025-11-07,2025-10-31,2025-10-03,,2025-10-03,65.63,0
21st amendment brewery cafe,CA,72.0,18.0,closure permanent,closure,2025-09-12,2025-09-03,2025-11-04,,2025-11-04,65.63,0
charter communications,SC,51.0,74.0,layoff,layoff,,2024-05-09,2024-07-08,,2024-07-08,65.82,0
peloton interactive,CA,33.0,6.0,closure permanent,closure,2023-10-24,2023-09-21,2024-02-01,,2024-02-01,65.63,0
intel,CA,33.0,45.0,layoff permanent,layoff,2025-06-30,2025-06-25,2025-07-15,,2025-07-15,65.63,0
xto energy inc jewett 2,TX,,9.0,layoff,layoff,,,2023-12-20,,2023-12-20,65.64,0
sharp healthcare 751,CA,,34.0,layoff permanent,layoff,2025-07-01,2025-06-30,2025-09-02,,2025-09-02,65.63,0
advance stores company incorporated and its subsidiary golden state supply,CA,44.0,10.0,closure permanent,closure,2024-11-15,2024-11-14,2025-01-24,,2025-01-24,65.63,0
headspace,CA,51.0,158.0,layoff permanent,layoff,2023-07-27,2023-06-29,2023-07-03,,2023-07-03,66.22,1
holiday inn club vacations incorporated,TX,72.0,54.0,layoff,layoff,,,2024-07-29,,2024-07-29,65.68,0
spectrum home healthcare,AZ,,70.0,layoff,layoff,,2024-04-05,,,2024-04-05,65.82,0
lendingclub bank n a,CA,52.0,68.0,layoff permanent,layoff,2023-01-13,2023-01-12,2023-01-13,,2023-01-13,65.79,0
kaiser foundation hospitals,CA,62.0,9.0,layoff permanent one kaiser plaza,layoff,2024-05-01,2024-04-22,2024-06-21,,2024-06-21,65.63,0
thermo fisher scientific,CA,33.0,5.0,layoff permanent,layoff,2023-08-02,2023-06-29,2023-08-27,,2023-08-27,65.63,0
general atomics aeronautical systems,CA,33.0,5.0,layoff permanent,layoff,2023-04-21,2023-04-04,2023-06-05,,2023-06-05,65.63,0
versum materials us,TX,32.0,51.0,layoff,layoff,,,2024-02-02,,2024-02-02,65.66,0
ipro island peer review organization,NY,54.0,6.0,contract expiration,other,,2024-07-15,2024-09-30,2024-09-30,2024-09-30,65.76,0
planned parenthood mar monte,CA,62.0,11.0,layoff permanent,layoff,2025-07-30,2025-07-24,2025-09-24,,2025-09-24,65.63,0
pacpizza dba pizza hut,CA,,4.0,layoff permanent,layoff,2024-01-24,2023-12-14,2024-02-25,,2024-02-25,65.63,0
waddington north america inc a novolex entity,GA,,49.0,closure,closure,,,2026-03-31,,2026-03-31,65.71,0
yellow,AL,52.0,200.0,closure,closure,,2023-08-01,2023-07-30,,2023-07-30,69.0,1
j b hunt transport inc facility maintained at bob s discount furniture,MD,48.0,5.0,closure,closure,,2025-08-14,2025-10-18,,2025-10-18,65.68,0
john deere harvester works,IL,33.0,21.0,layoff,layoff,2024-06-28,2024-07-25,2024-08-30,,2024-08-30,65.66,0
kuehne nagel,CA,49.0,59.0,layoff permanent,layoff,2025-02-18,2025-02-18,2025-04-30,,2025-04-30,65.71,0
recruitment partners,MD,56.0,2.0,closure,closure,,2025-11-10,2025-12-15,,2025-12-15,65.68,0
sunbeam products,OH,,130.0,layoff,layoff,2023-08-22,,2023-12-31,,2023-12-31,66.09,1
wuollet bakery mpls,MN,31.0,1.0,closure,closure,,,2024-09-05,,2024-09-05,65.65,0
advance care hospice 7501 boulder view drive suite 601 richmond va,VA,62.0,10.0,layoff,layoff,,2023-11-06,2024-01-05,,2024-01-05,65.56,0
best buy apple valley,MN,44.0,1.0,closure,closure,,,2024-03-29,,2024-03-29,65.65,0
owens corning,OR,32.0,184.0,layoff,layoff,,2025-06-24,,,2025-06-24,66.36,1
centerra,AK,56.0,27.0,layoff,layoff,,2023-08-10,2023-09-30,,2023-09-30,65.62,0
unitypoint health,IA,51.0,2.0,mass layoff,mass_layoff,,2026-04-14,2026-07-24,,2026-07-24,65.7,0
cdf,MD,61.0,22.0,closure,closure,,2023-04-04,2023-06-30,,2023-06-30,65.68,0
infineon technologies americas,CA,33.0,104.0,layoff permanent,layoff,2024-10-01,2024-09-27,2024-10-11,,2024-10-11,66.01,1
transplant genomics,MA,,9.0,layoff,layoff,2023-04-27,,2023-04-28,,2023-04-28,65.63,0
carbon health,CA,62.0,1.0,layoff permanent,layoff,2023-10-18,2023-08-10,2023-10-09,,2023-10-09,65.63,0
paramount global,NY,32.0,65.0,economic,other,,2024-02-13,2024-05-17,2025-03-14,2024-05-17,64.0,0
madera community hospital,CA,62.0,7.0,layoff permanent,layoff,2023-01-20,2023-01-04,2023-01-03,,2023-01-03,65.63,0
california communications access foundation,CA,54.0,7.0,layoff permanent,layoff,2024-05-08,2024-04-29,2024-07-01,,2024-07-01,65.63,0
hampton hydraulics llc d b a seabee foundry,IA,33.0,17.0,closing,closure,,2024-09-04,2024-10-06,,2024-10-06,65.7,0
big tex trailer manufacturing,GA,33.0,100.0,closure,closure,,,2026-01-16,,2026-01-16,66.07,1
community development institute head start,GA,61.0,77.0,closure,closure,,,2025-09-30,,2025-09-30,65.93,1
right at school llc nelda mundy elementary,CA,61.0,5.0,closure permanent,closure,2025-04-10,2025-04-09,2025-06-09,,2025-06-09,65.63,0
charles river laboratories,MD,54.0,20.0,closure,closure,,2026-02-02,2026-03-23,,2026-03-23,65.68,0
advanced auto parts camp bowie,TX,44.0,11.0,layoff,layoff,,,2025-02-09,,2025-02-09,65.64,0
tpi composites,RI,,52.0,closure,closure,2023-08-15,2023-09-22,2023-08-15,,2023-08-15,65.55,0
pyles clubhouse,CA,32.0,7.0,layoff permanent,layoff,2024-05-17,2024-05-16,2024-07-15,,2024-07-15,65.63,0
ryder integrated logistics inc ryder,SC,48.0,185.0,layoff,layoff,,2023-10-09,2023-12-31,,2023-12-31,66.29,1
kaiser foundation hospitals 90034,CA,62.0,1.0,layoff permanent,layoff,2025-04-23,2025-04-21,2025-04-21,,2025-04-21,65.63,0
optum services,OH,62.0,129.0,layoff,layoff,2024-05-16,,2024-07-15,2024-09-06,2024-07-15,66.08,1
charles schwab,CA,52.0,155.0,layoff permanent,layoff,2023-12-07,2023-11-06,2024-01-05,,2024-01-05,66.21,1
pacpizza dba pizza hut 014697,CA,,4.0,layoff permanent,layoff,2024-01-24,2023-12-14,2024-02-25,,2024-02-25,65.63,0
buena vista recovery,AZ,62.0,202.0,layoff,layoff,,2025-10-28,,,2025-10-28,66.37,1
national seating mobility,TN,,108.0,unknown,other,2023-03-02,,2023-03-23,2023-07-28,2023-03-23,66.01,1
vintage wine estates,CA,31.0,101.0,closure permanent,closure,2024-07-24,2024-07-24,2024-09-27,,2024-09-27,65.99,1
jcpenney willmar 2024,MN,45.0,1.0,closure,closure,,,2024-08-01,,2024-08-01,65.65,0
stir foods,CA,31.0,12.0,closure permanent,closure,2023-03-27,2023-03-21,2023-05-20,,2023-05-20,65.63,0
iv media,KY,51.0,84.0,closure,closure,2025-04-11,,2025-05-23,,2025-05-23,65.88,0
american institutes of research air,MA,54.0,9.0,layoff,layoff,2025-04-02,,2025-06-01,,2025-06-01,65.63,0
mittera group,TX,32.0,136.0,layoff,layoff,,,2023-12-09,,2023-12-09,66.17,1
hgs usa,IL,54.0,156.0,layoff,layoff,2023-01-24,2023-01-24,2023-03-26,,2023-03-26,66.26,1
united states cellular,IA,51.0,8.0,amendment - change in date,amendment,,2025-06-11,2025-07-01,,2025-07-01,65.7,0
gcom software llc dba voyatek,CA,54.0,8.0,layoff permanent,layoff,2026-01-16,2026-01-16,2026-03-20,,2026-03-20,65.63,0
intercept pharmaceuticals,NJ,54.0,146.0,layoff,layoff,,2026-02-28,,,2026-02-28,66.14,1
turnkey one source,NV,56.0,79.0,layoff,layoff,2025-12-04,2025-12-04,2026-01-27,,2026-01-27,65.92,1
intel,CA,33.0,167.0,layoff permanent,layoff,2023-01-18,2023-01-13,2023-03-15,,2023-03-15,66.25,1
pa potato chip manufacturing,PA,,96.0,closure,closure,,,2026-02-13,2026-12-31,2026-02-13,65.99,1
jp morgan chase bank,NJ,52.0,121.0,layoff,layoff,,2025-05-05,,,2025-05-05,66.04,1
ventra health,TX,54.0,64.0,layoff,layoff,,,2023-10-09,,2023-10-09,65.77,0
ttec government solutions,NJ,56.0,120.0,layoff,layoff,,2026-01-26,,,2026-01-26,66.04,1
biomarin pharmaceutical,CA,32.0,1.0,layoff permanent,layoff,2024-05-14,2024-05-14,2024-07-13,,2024-07-13,65.63,0
intelogix,FL,54.0,102.0,layoff,layoff,,2023-11-28,2024-01-31,2024-01-31,2024-01-31,65.99,1
sentara health 1300 sentara park virginia beach va 23464,VA,,127.0,layoff,layoff,,2025-10-03,2025-12-05,,2025-12-05,66.04,1
cue health waples,CA,33.0,161.0,layoff permanent,layoff,2023-01-10,2023-01-05,2023-03-07,,2023-03-07,66.23,1
kaiser foundation hospitals,CA,62.0,1.0,layoff permanent,layoff,2024-05-01,2024-04-22,2024-06-21,,2024-06-21,65.63,0
wynnbet,NV,71.0,152.0,layoff,layoff,2023-08-11,2023-08-11,2023-10-11,,2023-10-11,66.26,1
tulips truffles florist,MN,45.0,1.0,closure,closure,,,2023-12-01,,2023-12-01,65.65,0
block,CO,51.0,13.0,not stated,other,,2024-01-30,2024-03-30,2024-03-30,2024-03-30,65.62,0
spirit airlines,FL,48.0,100.0,layoff,layoff,,2025-09-30,2025-12-01,2026-02-12,2025-12-01,65.98,1
laboratory corporation of america holdings,CA,62.0,81.0,closure permanent,closure,2024-05-14,2024-05-13,2024-07-19,,2024-07-19,65.88,0
posigen developer,PA,23.0,49.0,layoff,layoff,,,2025-08-24,,2025-08-24,65.65,0
volta volta charging industries,CO,,1.0,closure,closure,,2024-03-29,2024-05-31,2024-05-31,2024-05-31,65.62,0
c2 technologies,FL,54.0,1.0,layoff,layoff,,2026-03-05,2026-03-06,2026-03-06,2026-03-06,65.62,0
xellia pharmaceuticals,OH,,80.0,layoff,layoff,2023-12-06,,2024-02-05,2024-02-19,2024-02-05,65.83,0
broadridge financial solutions,MO,52.0,72.0,closure,closure,,2025-04-22,2025-06-20,,2025-06-20,65.78,0
lutheran services of iowa,IA,62.0,19.0,mass layoff,mass_layoff,,2023-05-04,2023-07-01,,2023-07-01,65.7,0
right at school llc crystal middle,CA,61.0,2.0,closure permanent,closure,2025-04-10,2025-04-09,2025-06-09,,2025-06-09,65.63,0
ag mart produce,FL,11.0,10.0,layoff,layoff,,2023-07-18,2023-05-03,2024-02-29,2023-05-03,65.62,0
the boeing,AZ,33.0,184.0,layoff,layoff,,2024-11-18,,,2024-11-18,66.33,1
dnata us inflight caterin,CA,72.0,73.0,layoff permanent,layoff,2023-09-14,2023-08-11,2023-10-10,,2023-10-10,65.82,0
david s bridal,NC,44.0,1.0,layoff,layoff,2023-04-17,2023-04-14,2023-07-31,,2023-07-31,65.61,0
rtx 2012,CA,33.0,1.0,layoff permanent,layoff,2025-10-10,2025-10-10,2025-12-19,,2025-12-19,65.63,0
u s bank,CA,,1.0,layoff permanent,layoff,2023-09-26,2023-08-22,2023-09-22,,2023-09-22,65.63,0
advanced pressure technology,CA,33.0,88.0,layoff permanent,layoff,2025-05-23,2025-05-23,2025-07-26,,2025-07-26,65.92,1
ion nutritional labs,MT,31.0,93.0,layoff,layoff,,2023-08-01,,,2023-08-01,65.84,0
community healthlink inc thayer detoxification detox,MA,62.0,39.0,layoff,layoff,2023-04-24,,2023-04-21,,2023-04-21,65.63,0
flagship facility services inc at meta platforms,CA,56.0,22.0,layoff permanent,layoff,2023-01-10,2023-01-03,2023-03-06,,2023-03-06,65.63,0
custom glass solutions,PA,32.0,105.0,closure,closure,,,2025-04-30,,2025-04-30,66.04,1
blue shield of california 6300,CA,52.0,17.0,layoff permanent,layoff,2025-10-13,2025-10-13,2025-12-02,,2025-12-02,65.63,0
azurity pharmaceuticals,MA,32.0,75.0,layoff,layoff,2025-07-08,,2025-09-12,2025-12-31,2025-09-12,65.84,0
boulder city hospital,NV,62.0,70.0,layoff,layoff,2026-02-26,2026-02-26,2026-04-30,,2026-04-30,65.86,0
leidos qtc 924 overland ct san dimas ca 91773,VA,54.0,77.0,layoff,layoff,,2025-06-13,2025-08-15,,2025-08-15,65.78,0
anaheim family ymca,CA,81.0,97.0,layoff permanent,layoff,2024-05-01,2024-04-22,2024-07-01,,2024-07-01,65.97,1
advance stores company incorporated and its subsidiary golden state supply,CA,44.0,14.0,closure permanent,closure,2024-11-15,2024-11-14,2025-02-02,,2025-02-02,65.63,0
atlantic coast recycling ocean,NJ,56.0,73.0,layoff,layoff,,2023-01-31,,,2023-01-31,65.78,0
panera,CA,,55.0,closure permanent,closure,2025-02-14,2025-02-13,2025-04-14,,2025-04-14,65.67,0
williamston clinic,NC,62.0,4.0,closure,closure,2023-08-04,2023-08-03,2023-10-05,,2023-10-05,65.61,0
mike s cafe pizzeria,MN,,2.0,closure,closure,,,2024-03-04,,2024-03-04,65.65,0
bridge street tavern,MN,72.0,1.0,closure,closure,,,2024-09-13,,2024-09-13,65.65,0
van law food products,CA,31.0,89.0,layoff permanent,layoff,2025-06-26,2025-06-26,2025-08-29,,2025-08-29,65.93,1
linkedin,CA,51.0,102.0,layoff permanent,layoff,2023-07-24,2023-06-21,2023-06-09,,2023-06-09,66.0,1
ohsu,OR,,142.0,layoff,layoff,,2024-06-07,,,2024-06-07,66.23,1
rem optical company inc dba de rigo rem,CA,42.0,15.0,closure permanent,closure,2025-03-20,2025-03-19,2025-05-30,,2025-05-30,65.63,0
kaiser foundation hospitals,CA,62.0,11.0,layoff permanent,layoff,2025-01-22,2025-01-21,2025-03-22,,2025-03-22,65.63,0
new punch bowl sacramento,CA,72.0,83.0,closure permanent,closure,2025-10-24,2025-10-22,2025-12-24,,2025-12-24,65.89,0
iac wauseon,OH,33.0,53.0,layoff,layoff,2024-09-16,,2024-08-09,2024-12-31,2024-08-09,65.62,0
sentinel transportation,CA,,5.0,layoff permanent,layoff,2026-03-30,2026-03-30,2026-05-31,,2026-05-31,65.63,0
wellspace health,CA,62.0,36.0,layoff permanent,layoff,2024-05-15,2024-04-25,2024-06-30,,2024-06-30,65.63,0
tekni plex,WI,32.0,39.0,closure,closure,,2026-01-26,2026-03-27,,2026-03-27,65.64,0
sunrun,CA,,1.0,layoff permanent,layoff,2023-10-18,2023-09-12,2023-11-13,,2023-11-13,65.63,0
autism home support services greeley,CO,62.0,70.0,mass layoff,mass_layoff,,2023-06-20,2023-08-21,2023-09-19,2023-08-21,65.79,0
herbalife international of america,CA,31.0,26.0,layoff permanent,layoff,2023-09-06,2023-07-28,2023-09-29,,2023-09-29,65.63,0
sdi stores llc d b a bobs stores,CT,,48.0,layoff,layoff,,2024-06-28,2024-07-05,,2024-07-05,66.83,1
dole fresh vegetables,AZ,31.0,64.0,layoff,layoff,,2023-08-30,,,2023-08-30,65.77,0
abbvie,CA,32.0,48.0,closure permanent,closure,2025-11-13,2025-11-10,2026-01-09,,2026-01-09,65.63,0
manpower group us,IL,56.0,46.0,layoff,layoff,2025-01-28,2025-01-28,2025-03-28,,2025-03-28,65.66,0
john deere waterloo works,IA,33.0,89.0,mass layoff,mass_layoff,,2024-07-11,2024-09-20,,2024-09-20,66.0,1
safeway,CA,,111.0,closure permanent,closure,2024-01-30,2024-01-04,2025-01-01,,2025-01-01,66.04,1
morrison healthcare,FL,62.0,31.0,layoff,layoff,,2024-12-27,2024-12-15,2024-12-31,2024-12-15,65.62,0
connecticut custom car,CT,81.0,5.0,closure,closure,2025-12-08,2025-11-26,2025-11-26,,2025-11-26,65.63,0
vegan east cafe lyndale site,MN,72.0,1.0,closure,closure,,,2024-03-15,,2024-03-15,65.65,0
cretex medical component and device technologies inc dba junopacific,CA,33.0,96.0,closure permanent,closure,2024-05-07,2024-04-23,2024-07-26,,2024-07-26,65.96,1
mizkan america,FL,31.0,57.0,layoff,layoff,,2025-07-17,2025-09-19,2025-09-19,2025-09-19,65.69,0
national aerospace solutions llc nas,TN,,1.0,unknown,other,2024-05-01,,2024-06-30,,2024-06-30,65.61,0
ramen shoten,MN,,1.0,closure,closure,,,2024-04-01,,2024-04-01,65.65,0
william barnet son,GA,32.0,68.0,closure,closure,,,2024-02-29,,2024-02-29,65.87,0
triple canopy,MD,32.0,55.0,layoff,layoff,,2023-05-04,2023-05-31,,2023-05-31,65.73,0
honeywell intelligrated,OH,33.0,98.0,layoff,layoff,2024-11-26,,2024-10-31,2025-05-29,2024-10-31,65.94,1
vimo inc dba getinsured,NC,54.0,23.0,layoff,layoff,2024-12-20,2024-12-20,2025-02-19,,2025-02-19,65.61,0
wells fargo,CA,52.0,8.0,layoff permanent,layoff,2023-04-28,2023-04-18,2023-04-18,,2023-04-18,65.63,0
union of pan asian communities neighborhood enterprise center,CA,62.0,16.0,closure permanent,closure,2026-03-12,2026-03-11,2026-05-10,,2026-05-10,65.63,0
corteva agriscience,IA,11.0,44.0,mass layoff,mass_layoff,,2025-04-02,2025-05-09,,2025-05-09,65.7,0
christianacare lab and x ray,MD,62.0,7.0,plant closure update: relocation; no job loss anticipated,closure,,2025-11-03,2025-12-22,,2025-12-22,65.68,0
amtrak santa fe depot,CA,48.0,5.0,layoff not known at this time,layoff,2025-06-06,2025-05-28,2025-06-27,,2025-06-27,65.63,0
ncfi polyurethane sleepmade,MS,32.0,6.0,layoff,layoff,,2023-03-01,2023-03-14,,2023-03-14,65.58,0
unitypoint health,WI,51.0,25.0,layoff,layoff,,2026-04-20,2026-07-24,,2026-07-24,65.64,0
downtown streets,CA,81.0,16.0,closure not known at this time,closure,2025-08-29,2025-08-29,2025-10-31,,2025-10-31,65.63,0
carbon health,CA,62.0,18.0,layoff permanent,layoff,2023-10-18,2023-08-10,2023-10-09,,2023-10-09,65.63,0
notice of trivium plant closure,WV,33.0,66.0,closure,closure,,2023-04-24,2023-05-31,,2023-05-31,65.63,0
advance stores company incorporated and its subsidiary golden state supply,CA,44.0,9.0,closure permanent,closure,2024-11-15,2024-11-14,2025-03-05,,2025-03-05,65.63,0
akorn operating,IL,32.0,169.0,closing,closure,2023-02-22,2023-02-22,2023-02-23,2023-02-23,2023-02-23,66.3,1
moveret,KY,48.0,90.0,layoff,layoff,2025-12-19,,2025-12-31,,2025-12-31,65.92,1
dunkin donuts rochester,MN,72.0,1.0,closure,closure,,,2024-10-31,,2024-10-31,65.65,0
supernal llc 117 waterworks way,CA,,58.0,layoff permanent,layoff,2026-03-02,2026-02-27,2026-04-28,,2026-04-28,65.7,0
soundview vermont holdings,VT,,127.0,layoff,layoff,,2024-01-15,,,2024-01-15,66.01,1
spartannash,IA,,23.0,closing,closure,,2025-01-15,2025-02-14,,2025-02-14,65.7,0
meta platforms,CA,51.0,25.0,layoff permanent,layoff,2023-05-08,2023-04-24,2023-06-23,,2023-06-23,65.63,0
intel,CA,33.0,58.0,layoff permanent,layoff,2025-01-30,2025-01-30,2025-03-31,,2025-03-31,65.7,0
perfected logistics,MD,49.0,65.0,layoff,layoff,,2023-09-07,2023-11-07,,2023-11-07,65.82,0
ferrara candy company one jelly belly,CA,31.0,2.0,layoff permanent,layoff,2026-02-23,2026-02-21,2026-06-01,,2026-06-01,65.63,0
divvy homes,NC,53.0,1.0,layoff,layoff,2023-09-07,2023-09-07,2023-11-07,,2023-11-07,65.61,0
coral graphic services,KY,32.0,57.0,closure,closure,2023-03-21,,2023-05-20,,2023-05-20,65.68,0
creative associates international,MD,54.0,79.0,layoff,layoff,,2025-03-05,2025-05-03,,2025-05-03,65.92,1
adventist health sonora,CA,62.0,1.0,layoff permanent,layoff,2025-10-03,2025-08-08,2025-10-10,,2025-10-10,65.63,0
right at school,CA,61.0,9.0,layoff permanent,layoff,2025-04-10,2025-04-09,2025-06-09,,2025-06-09,65.63,0
carbon health,CA,62.0,2.0,layoff permanent,layoff,2023-10-18,2023-08-10,2023-10-09,,2023-10-09,65.63,0
cygnus home services llc d b a yelloh,TN,45.0,23.0,unknown,other,2023-10-26,,2023-12-15,,2023-12-15,65.61,0
twilio,GA,51.0,54.0,permanent layoff / reduction in force,layoff,,,2023-02-22,,2023-02-22,65.75,0
georgia pacific,IL,32.0,134.0,closing,closure,2025-10-30,2025-10-30,2025-12-30,,2025-12-30,66.18,1
tesla,CA,33.0,17.0,layoff permanent,layoff,2024-04-25,2024-04-22,2024-06-14,,2024-06-14,65.63,0
transdev fleet services first vehicle services,SC,,13.0,closure,closure,,2023-05-22,2023-07-01,,2023-07-01,65.61,0
corteva agriscience,CA,11.0,3.0,layoff permanent,layoff,2024-12-11,2024-12-10,2025-03-28,,2025-03-28,65.63,0
1180 san diego lgbt community center,CA,81.0,3.0,layoff permanent,layoff,2025-07-10,2025-07-03,2025-09-06,,2025-09-06,65.63,0
abm industries inc flowers baking,TX,56.0,176.0,layoff,layoff,,,2024-03-02,,2024-03-02,66.3,1
amazon,CA,45.0,89.0,layoff permanent,layoff,2026-01-30,2026-01-29,2026-04-28,,2026-04-28,65.93,1
qb intermediate holdings llc quality built llc foresite technology solutions llc f k a qb technology co llc smc systems llc d b a skyetec skyetec engineering services llc and ducttesters,FL,33.0,20.0,layoff,layoff,,2025-07-07,2025-07-03,2025-07-03,2025-07-03,65.62,0
natera,CA,,59.0,layoff permanent,layoff,2023-03-20,2023-03-17,2023-05-16,,2023-05-16,65.71,0
resolute forest products,AL,32.0,20.0,closure,closure,,2026-03-31,2026-05-24,,2026-05-24,65.59,0
gdi services,IN,56.0,67.0,closure,closure,,2024-01-05,2024-03-05,,2024-03-05,65.75,0
microsoft,CA,,2.0,layoff permanent,layoff,2023-02-13,2023-02-09,2023-04-10,,2023-04-10,65.63,0
equus workforce solutions denton arbor e t,TX,56.0,27.0,layoff,layoff,,,2025-09-30,,2025-09-30,65.64,0
stalk spade wayzata,MN,72.0,1.0,closure,closure,,,2023-11-01,,2023-11-01,65.65,0
berger logistics,AZ,48.0,121.0,layoff,layoff,,2025-04-01,,,2025-04-01,66.11,1
oberg freight,IA,,85.0,closing,closure,,2023-12-27,2024-01-31,,2024-01-31,65.97,1
capital one financial,CA,52.0,49.0,closure permanent,closure,2023-11-17,2023-10-30,2024-01-05,,2024-01-05,65.63,0
communify los adobes center,CA,62.0,1.0,layoff permanent,layoff,2025-11-03,2025-11-03,2026-01-02,,2026-01-02,65.63,0
lake crystal pharmacy,MN,44.0,1.0,closure,closure,,,2025-05-28,,2025-05-28,65.65,0
t mobile usa,TN,51.0,200.0,unknown,other,2026-04-16,,2026-06-08,,2026-06-08,66.33,1
maxar space,CA,33.0,21.0,layoff permanent,layoff,2024-10-15,2024-10-15,2024-10-18,,2024-10-18,65.63,0
hunt sons,CA,,3.0,layoff permanent,layoff,2024-10-31,2024-10-29,2025-01-01,,2025-01-01,65.63,0
99 cents only stores,CA,45.0,41.0,closure permanent,closure,2024-04-16,2024-04-04,2024-06-03,,2024-06-03,65.63,0
dhl supply chain,CA,49.0,43.0,closure permanent,closure,2023-06-20,2023-05-31,2023-08-01,,2023-08-01,65.63,0
planned parenthood mar monte,CA,62.0,2.0,layoff permanent,layoff,2025-07-30,2025-07-24,2025-09-24,,2025-09-24,65.63,0
lockheed martin space,CA,33.0,68.0,layoff permanent,layoff,2024-06-27,2024-06-27,2024-08-29,,2024-08-29,65.79,0
raven transport holding,GA,,3.0,permanent layoff / reduction in force,layoff,,,2024-06-30,,2024-06-30,65.71,0
bay area sports catering,CA,72.0,176.0,closure permanent,closure,2024-07-24,2024-07-23,2024-10-02,,2024-10-02,66.28,1
international paper company n closner blvd,TX,32.0,66.0,layoff,layoff,,,2025-09-01,,2025-09-01,65.79,0
battelle memorial institute e3,KY,54.0,48.0,closure,closure,2025-02-21,,2025-04-24,,2025-04-24,66.81,1
caraustar industrial consumer products group,SC,32.0,71.0,closure,closure,,2023-07-05,2023-09-03,2023-10-30,2023-09-03,65.8,0
iron door pub mpls,MN,72.0,1.0,closure,closure,,,2025-03-23,,2025-03-23,65.65,0
l3harris technologies,CA,33.0,32.0,closure permanent,closure,2025-10-21,2025-10-20,2025-12-18,,2025-12-18,65.63,0
cygnus home services llc d b a yelloh,IA,45.0,12.0,closing,closure,,2024-09-23,2024-11-22,,2024-11-22,65.7,0
nsi lynn electronics,CA,33.0,52.0,closure permanent,closure,2026-03-20,2026-03-20,2026-05-22,,2026-05-22,65.65,0
general atomics aeronautical systems,CA,33.0,23.0,layoff permanent,layoff,2023-04-21,2023-04-04,2023-06-05,,2023-06-05,65.63,0
vifor pharma,PA,32.0,55.0,layoff,layoff,,,2025-12-01,,2025-12-01,65.7,0
ymca sanchez elementary school,CA,71.0,8.0,layoff permanent,layoff,2026-04-20,2026-04-17,2026-06-09,,2026-06-09,65.63,0
starbucks eagan outlet,MN,72.0,1.0,closure,closure,,,2024-07-15,,2024-07-15,65.65,0
ajinomoto foods north america,CA,31.0,116.0,layoff permanent,layoff,2025-02-18,2025-02-18,2025-04-12,,2025-04-12,66.06,1
sheyenne dakota,ND,,25.0,layoff,layoff,,2023-10-02,,,2023-10-02,65.73,0
performance plastics,CA,32.0,77.0,closure permanent,closure,2023-11-06,2023-10-04,2023-12-04,,2023-12-04,65.85,0
the treasury,MN,92.0,35.0,closure,closure,,,2023-08-16,,2023-08-16,65.65,0
davalor mold,MI,72.0,45.0,layoff,layoff,,,2025-10-03,,2025-10-03,65.55,0
southern glazers,MO,42.0,94.0,layoff,layoff,,2024-08-05,2024-11-01,,2024-11-01,65.92,1
cruise,CA,33.0,4.0,layoff permanent,layoff,2025-03-03,2025-02-28,2025-04-29,,2025-04-29,65.63,0
san bruno citynet services,CA,51.0,13.0,closure permanent,closure,2026-02-04,2025-09-15,2025-11-15,,2025-11-15,65.63,0
t marzetti,CA,31.0,77.0,closure permanent,closure,2025-07-08,2025-07-08,2025-06-30,,2025-06-30,65.85,0
akorn operating,IL,32.0,40.0,closing,closure,2023-02-22,2023-02-22,2023-02-23,2023-02-23,2023-02-23,65.66,0
huntington bank,MN,33.0,1.0,closure,closure,,,2023-10-23,,2023-10-23,65.65,0
carefusion resources llc a subsidiary of becton dickinson and,CA,33.0,116.0,layoff permanent,layoff,2024-10-09,2024-09-17,2024-09-10,,2024-09-10,66.06,1
juul labs,CA,31.0,5.0,layoff permanent,layoff,2023-09-28,2023-08-24,2023-09-08,,2023-09-08,65.63,0
ssb manufacturing,GA,33.0,180.0,closure,closure,,,2023-06-20,,2023-06-20,66.37,1
us foods,AZ,42.0,146.0,layoff,layoff,,2024-03-25,,,2024-03-25,66.2,1
rategenius loan services,TX,,139.0,layoff,layoff,,,2023-01-11,,2023-01-11,66.18,1
natural fiber welding,IL,,6.0,layoff,layoff,2024-12-10,2024-12-10,2025-02-08,,2025-02-08,65.66,0
los angeles times communications,CA,51.0,77.0,layoff permanent,layoff,2024-02-02,2024-01-23,2024-03-25,,2024-03-25,65.85,0
urban alchemy,CA,,33.0,closure permanent,closure,2024-12-04,2024-12-03,2025-01-31,,2025-01-31,65.63,0
blst operating,PA,,23.0,layoff,layoff,,,2023-06-02,,2023-06-02,65.65,0
aura management,CA,55.0,16.0,closure permanent,closure,2024-04-18,2024-04-18,2024-06-12,,2024-06-12,65.63,0
hyatt corporation dba waterfront hotel,CA,31.0,57.0,layoff permanent,layoff,2025-03-25,2025-01-17,2025-03-18,,2025-03-18,65.69,0
ericsson,CA,51.0,94.0,layoff permanent,layoff,2023-09-15,2023-07-28,2023-09-29,,2023-09-29,65.95,1
georg fischer signet,CA,32.0,118.0,closure temporary,closure,2024-10-22,2024-10-18,2024-12-23,,2024-12-23,66.07,1
fraenkische usa lp,SC,32.0,164.0,closure,closure,,2023-02-16,2023-04-01,2023-12-31,2023-04-01,66.23,1
kinze manufacturing,IA,33.0,192.0,mass layoff,mass_layoff,,2024-07-31,2024-08-01,,2024-08-01,66.4,1
bioreference health,NJ,62.0,118.0,layoff,layoff,,2025-09-18,,,2025-09-18,66.03,1
manna beverages mbv ca llc 3685,CA,31.0,18.0,closure permanent,closure,2025-10-03,2025-10-03,2025-10-07,,2025-10-07,65.63,0
leggett platt incorporated,NC,33.0,158.0,closure,closure,2024-06-10,2024-05-20,2024-07-25,,2024-07-25,66.21,1
cygnus home services llc lewisville yelloh,TX,45.0,25.0,layoff,layoff,,,2024-11-22,,2024-11-22,65.64,0
david s bridal,NC,44.0,1.0,layoff,layoff,2023-04-17,2023-04-14,2023-07-31,,2023-07-31,65.61,0
kaiser foundation hospitals oakland,CA,62.0,11.0,layoff permanent,layoff,2025-04-15,2025-04-14,2025-04-14,,2025-04-14,65.63,0
rousselot,MA,31.0,84.0,layoff,layoff,2023-02-27,,2023-06-30,2023-12-31,2023-06-30,65.9,1
monitronics international inc dba brinks home,SC,56.0,1.0,layoff,layoff,,2023-01-04,2023-03-05,,2023-03-05,65.61,0
penumbra,CA,33.0,71.0,layoff permanent one penumbra place,layoff,2024-08-20,2024-08-20,2024-11-01,,2024-11-01,65.81,0
brookfield properties usa ii,CA,53.0,7.0,layoff permanent,layoff,2024-02-08,2024-01-25,2024-04-01,,2024-04-01,65.63,0
claire s blaine,MN,44.0,2.0,closure,closure,,,2025-09-07,,2025-09-07,65.65,0
american electronics inc amelex 1225 south clark st suite 500 arlington va 22202,VA,33.0,78.0,layoff,layoff,,2023-01-05,2023-03-10,,2023-03-10,65.79,0
coherent,CA,33.0,70.0,layoff permanent,layoff,2024-05-10,2024-05-01,2024-07-02,,2024-07-02,65.8,0
qualcomm incorporated,CA,33.0,25.0,layoff permanent,layoff,2023-06-14,2023-05-17,2023-07-18,,2023-07-18,65.63,0
american institutes of research air 1400 crystal dr arlington va 22202,VA,54.0,149.0,layoff,layoff,,2025-03-11,2025-05-09,,2025-05-09,66.13,1
adaptive phage therapeutics,MD,54.0,22.0,layoff,layoff,,2023-03-10,2023-05-09,,2023-05-09,65.68,0
volta charging industries,MD,,2.0,layoff,layoff,,2024-04-01,2024-05-31,,2024-05-31,65.68,0
blue harvest fisheries,MA,31.0,57.0,layoff,layoff,2023-03-27,,2023-05-26,,2023-05-26,65.7,0
transaxle,MD,,10.0,closure,closure,,2025-05-16,2025-07-15,,2025-07-15,65.68,0
nsi industries,IL,33.0,42.0,closing,closure,2025-11-07,2025-11-07,2026-01-09,2026-05-30,2026-01-09,65.66,0
acme markets,NJ,44.0,61.0,layoff,layoff,,2024-09-01,,,2024-09-01,65.69,0
certified aviation services,NV,,48.0,layoff,layoff,2024-02-28,2024-02-28,2024-04-29,,2024-04-29,66.88,1
westrock,MO,32.0,52.0,closure,closure,,2023-07-14,2023-09-15,,2023-09-15,65.61,0
beautifully seen boutique,MN,45.0,1.0,closure,closure,,,2024-06-04,,2024-06-04,65.65,0
communify los padres center,CA,62.0,4.0,layoff permanent,layoff,2025-11-03,2025-11-03,2026-01-02,,2026-01-02,65.63,0
siemens healthcare diagnostics,NJ,33.0,67.0,layoff,layoff,,2023-09-07,,,2023-09-07,65.74,0
hrl laboratories lost hills campus,CA,54.0,4.0,layoff permanent,layoff,2025-11-17,2025-11-17,2026-01-16,,2026-01-16,65.63,0
bmo bank n a successor in interest to bank of the west,CA,52.0,200.0,layoff permanent,layoff,2023-10-25,2023-09-19,2023-12-08,,2023-12-08,66.35,1
google,CA,51.0,62.0,layoff permanent,layoff,2023-01-23,2023-01-20,2023-03-31,,2023-03-31,65.74,0
boardriders wholesale,CA,42.0,1.0,layoff permanent,layoff,2023-10-03,2023-09-01,2023-09-01,,2023-09-01,65.63,0
il fornaio america llc dba il fornaio pasadena ristorante,CA,72.0,54.0,closure permanent,closure,2024-01-23,2023-12-15,2024-01-14,,2024-01-14,65.67,0
dish network llc supplement,CO,51.0,33.0,reduction in force,layoff,,2023-11-09,2024-01-08,2023-07-22,2024-01-08,65.62,0
jenny craig roseville,MN,62.0,1.0,closure,closure,,,2023-04-17,,2023-04-17,65.65,0
apl logistics,TN,48.0,52.0,unknown,other,2024-02-07,,2024-04-30,,2024-04-30,65.63,0
mapc maritime applied physics,MD,54.0,64.0,layoff,layoff,,2025-11-10,2026-01-10,,2026-01-10,65.81,0
elliott sawmilling co llc dba canfor southern pine,SC,32.0,170.0,closure,closure,,2025-06-26,2025-08-25,,2025-08-25,66.25,1
accelore group amazon logistics dda9 fort worth,TX,48.0,107.0,layoff,layoff,,,2025-11-01,,2025-11-01,66.04,1
synopsys,CA,51.0,63.0,layoff permanent,layoff,2023-02-06,2023-01-24,2023-03-31,,2023-03-31,65.75,0
robert kaufman,CA,31.0,13.0,closure permanent,closure,2025-03-20,2025-03-20,2025-05-19,,2025-05-19,65.63,0
manchester tank equipment,TN,33.0,59.0,unknown,other,2023-07-11,,2023-09-08,,2023-09-08,65.7,0
scripps news,GA,51.0,118.0,permanent layoff / reduction in force,layoff,,,2024-11-15,,2024-11-15,66.15,1
kaiser foundation hospitals arrow,CA,62.0,1.0,layoff permanent,layoff,2023-12-13,2023-11-06,2024-01-04,,2024-01-04,65.63,0
phillips medisize,WI,32.0,83.0,closure,closure,,2023-06-06,2023-08-07,,2023-08-07,65.9,1
meta platforms,CA,51.0,219.0,layoff permanent,layoff,2026-01-21,2026-01-16,2026-03-20,,2026-03-20,66.39,1
tree island wire,CA,33.0,12.0,closure permanent,closure,2023-01-11,2023-01-09,2023-03-13,,2023-03-13,65.63,0
hood packaging,PA,32.0,58.0,closure,closure,,,2024-01-14,,2024-01-14,65.73,0
allen distribution,PA,49.0,70.0,closure,closure,,,2025-12-26,,2025-12-26,65.83,0
arbor e t llc equus workforce solutions bastrop office,TX,56.0,8.0,layoff,layoff,,,2024-09-30,,2024-09-30,65.64,0
spirit airlines,NV,48.0,32.0,layoff,layoff,2025-10-31,2025-10-31,2026-01-01,,2026-01-01,65.68,0
cottonwood creek healthcare community,TX,62.0,70.0,layoff,layoff,,,2025-12-01,,2025-12-01,65.82,0
aultman hospital,OH,62.0,97.0,layoff,layoff,2023-02-01,,2023-04-02,2023-04-02,2023-04-02,65.93,1
bristol myers squibb,IL,32.0,133.0,layoff,layoff,2025-05-02,2025-05-02,2025-07-01,2026-02-01,2025-07-01,66.17,1
primo brands,CA,,13.0,closure permanent,closure,2025-04-18,2025-04-18,2025-06-17,,2025-06-17,65.63,0
seviroli foods,NJ,,77.0,layoff,layoff,,2025-08-13,,,2025-08-13,65.81,0
modern hr inc dba the kooples bloom,CA,56.0,2.0,closure permanent,closure,2024-11-26,2024-11-21,2025-02-28,,2025-02-28,65.63,0
treadle yard goods st paul,MN,45.0,1.0,closure,closure,,,2025-05-31,,2025-05-31,65.65,0
mathy machine,CA,33.0,13.0,closure permanent,closure,2024-06-03,2024-06-03,2024-08-03,,2024-08-03,65.63,0
post consumer brands,NV,31.0,119.0,closure,closure,2025-10-09,2025-10-09,2025-12-12,,2025-12-12,66.14,1
summit public schools,CA,,2.0,layoff permanent,layoff,2023-05-31,2023-04-28,2023-06-30,,2023-06-30,65.63,0
promedica,OH,62.0,189.0,layoff,layoff,2023-05-31,,2023-07-31,2023-08-14,2023-07-31,66.28,1
luxor scientific,AL,54.0,166.0,closure,closure,,2023-04-11,2023-06-06,,2023-06-06,66.21,1
abc technologies,TN,54.0,85.0,unknown,other,2025-11-17,,2025-11-24,,2025-11-24,65.89,0
massbiologics of the umass chan medical school,MA,54.0,36.0,layoff,layoff,2023-12-05,,2024-02-03,,2024-02-03,65.63,0
centerra group,CA,62.0,2.0,layoff permanent,layoff,2023-11-15,2023-08-10,2023-09-30,,2023-09-30,65.63,0
kohl s,CA,45.0,59.0,closure permanent,closure,2025-01-08,2025-01-08,2025-03-31,,2025-03-31,65.71,0
for samsung electronics america,NJ,33.0,125.0,layoff,layoff,,2024-12-26,,,2024-12-26,66.06,1
monitronics international inc dba brinks home,NC,56.0,4.0,layoff,layoff,2023-01-05,2023-01-04,2023-03-05,,2023-03-05,65.61,0
savage infrastructure,MD,23.0,72.0,closure,closure,,2026-02-09,2026-04-07,2026-04-21,2026-04-07,65.87,0
advance stores company incorporated and its subsidiary golden state supply,CA,44.0,9.0,closure permanent,closure,2024-11-15,2024-11-14,2025-03-07,,2025-03-07,65.63,0
security industry specialists,OR,,150.0,closure,closure,,2023-03-17,,,2023-03-17,66.26,1
united states cellular,IA,51.0,9.0,amendment - change in date,amendment,,2025-06-11,2025-07-01,,2025-07-01,65.7,0
entekra,CA,23.0,111.0,closure permanent,closure,2023-05-08,2023-04-18,2023-06-16,,2023-06-16,66.04,1
couchbase,TX,51.0,11.0,layoff,layoff,,,2026-01-12,,2026-01-12,65.64,0
galleher,CA,42.0,2.0,closure permanent,closure,2025-07-30,2025-07-29,2025-09-29,,2025-09-29,65.63,0
fm restaurants hq,CA,72.0,49.0,closure permanent,closure,2026-04-17,2026-04-17,2026-04-19,,2026-04-19,65.63,0
target,SD,45.0,59.0,layoff,layoff,,2024-05-15,,,2024-05-15,65.52,0
wells vehicle electronics,WI,33.0,100.0,closure,closure,,2026-03-30,2026-06-02,,2026-06-02,66.0,1
premier healthcare solutions dba contigo health,OH,54.0,175.0,closure,closure,2025-10-27,,2025-12-31,2026-01-16,2025-12-31,66.24,1
delicato vineyards llc dba delicato family wines,CA,31.0,15.0,closure not known at this time,closure,2025-05-14,2025-05-14,2025-05-15,,2025-05-15,65.63,0
barko hydraulics,WI,33.0,57.0,closure,closure,,2024-11-18,2024-12-01,,2024-12-01,65.7,0
cnc logistics,NC,48.0,75.0,closure,closure,2025-09-30,2025-09-17,2025-09-26,,2025-09-26,65.83,0
golden gate university,CA,61.0,4.0,layoff permanent,layoff,2024-07-31,2024-07-31,2024-09-30,,2024-09-30,65.63,0
planned parenthood mar monte,CA,62.0,2.0,layoff permanent,layoff,2025-07-30,2025-07-24,2025-09-24,,2025-09-24,65.63,0
amazon san 21,CA,45.0,2.0,layoff permanent,layoff,2026-01-30,2026-01-29,2026-04-28,,2026-04-28,65.63,0
fortrex 0127 lexington,NE,,139.0,layoff,layoff,,2025-11-26,,,2025-11-26,66.13,1
casey s pond,CO,62.0,63.0,sale of business,other,,2024-08-19,2024-10-18,2024-11-30,2024-10-18,65.74,0
vsp optical group,FL,,12.0,layoff,layoff,,2023-08-24,2023-10-26,2023-10-26,2023-10-26,65.62,0
pineview nursing home closure,MN,62.0,16.0,closure,closure,,,2023-02-03,,2023-02-03,65.65,0
volta,MT,,1.0,layoff,layoff,,2024-03-29,2024-05-31,,2024-05-31,65.52,0
moxion power,CA,,101.0,layoff permanent,layoff,2024-06-24,2024-06-21,2024-08-20,,2024-08-20,65.99,1
ets,NJ,61.0,62.0,layoff,layoff,,2024-07-11,,,2024-07-11,65.7,0
los angeles times communications,CA,51.0,19.0,layoff permanent,layoff,2024-02-02,2024-01-23,2024-03-25,,2024-03-25,65.63,0
thiveworks administrative services,SC,56.0,5.0,layoff,layoff,,2023-09-15,2023-11-30,,2023-11-30,65.61,0
gymshark,CO,45.0,67.0,ceasing operations in some areas of the company,closure,,2023-01-09,2023-03-10,2023-03-24,2023-03-10,65.77,0
careathome medical practice ky p s c,KY,62.0,163.0,closure,closure,2025-10-22,,2025-10-15,,2025-10-15,66.23,1
pathlight property management opvhhjv,TX,53.0,192.0,layoff,layoff,,,2025-03-31,,2025-03-31,66.35,1
t mobile,CO,51.0,51.0,business sales care no longer operating at the facility. not a closure.,closure,,2026-04-10,2026-06-08,2026-06-08,2026-06-08,65.63,0
krise transportation,PA,48.0,70.0,layoff,layoff,,,2025-06-30,,2025-06-30,65.0,0
delta apparel,SC,31.0,5.0,closure,closure,,2024-07-01,2024-08-29,,2024-08-29,65.61,0
bechtel infrastructure power,CA,23.0,11.0,closure permanent,closure,2024-01-31,2024-01-16,2024-03-18,,2024-03-18,65.63,0
american institute of research,IL,54.0,75.0,layoff,layoff,2025-03-11,2025-03-11,2025-05-09,,2025-05-09,65.87,0
10 roads express,IL,48.0,55.0,closing,closure,2025-12-01,2025-12-01,2026-01-30,2026-02-28,2026-01-30,65.71,0
advance stores company incorporated and its subsidiary golden state supply,CA,44.0,8.0,closure permanent,closure,2024-11-15,2024-11-14,2025-03-05,,2025-03-05,65.63,0
berry global inc jean,NV,32.0,87.0,closure,closure,2023-09-26,2023-09-26,2023-09-27,,2023-09-27,65.97,1
highgate hotels l p,FL,72.0,114.0,layoff,layoff,,2026-04-01,2026-05-31,2026-06-14,2026-05-31,66.05,1
jones lang lasalle americas,CA,53.0,64.0,layoff permanent,layoff,2025-04-15,2025-04-14,2025-06-14,,2025-06-14,65.75,0
blue shield of california,CA,52.0,7.0,layoff permanent,layoff,2025-04-22,2025-04-21,2025-05-01,,2025-05-01,65.63,0
parsons,KY,,55.0,closure,closure,2025-01-22,,2025-03-27,,2025-03-27,65.66,0
cardone industries arlington,TX,33.0,87.0,layoff,layoff,,,2026-01-26,,2026-01-26,65.93,1
primo brands,CA,,3.0,layoff permanent,layoff,2025-07-18,2025-07-18,2025-09-16,,2025-09-16,65.63,0
g2 secure staff llc supplemental,MA,56.0,70.0,layoff,layoff,2025-03-10,,2025-05-09,,2025-05-09,65.8,0
staffing solutions organization,NJ,56.0,58.0,layoff,layoff,,2023-05-05,,,2023-05-05,65.66,0
meta platforms,CA,51.0,70.0,layoff permanent,layoff,2023-05-08,2023-04-24,2023-06-23,,2023-06-23,65.8,0
cygnus home service llc dba yelloh,ND,45.0,5.0,layoff,layoff,,2024-05-28,2024-07-27,,2024-07-27,65.73,0
alard engineering,CA,33.0,86.0,closure permanent,closure,2024-11-13,2024-11-12,2024-10-29,,2024-10-29,65.91,1
first student,OH,48.0,49.0,layoff,layoff,2023-07-13,,2023-06-30,,2023-06-30,65.59,0
tiktok,CA,51.0,58.0,layoff permanent,layoff,2024-05-24,2024-05-24,2024-07-26,,2024-07-26,65.7,0
right at school llc oakbrook academy,CA,61.0,4.0,closure permanent,closure,2025-04-10,2025-04-09,2025-06-09,,2025-06-09,65.63,0
haas cabinet,IN,33.0,119.0,closure,closure,,2024-04-30,2024-07-11,,2024-07-11,66.05,1
de la rue authentication solutions,UT,33.0,50.0,layoff,layoff,,2025-12-05,,,2025-12-05,65.66,0
ig design group americas,SC,32.0,1.0,closure,closure,,2025-08-21,2025-10-10,2025-10-24,2025-10-10,65.61,0
kaiser foundation hospitals,CA,62.0,1.0,layoff permanent,layoff,2024-09-23,2024-09-23,2024-11-22,,2024-11-22,65.63,0
acdi voca,DC,81.0,5.0,layoff,layoff,,2025-08-28,2025-11-03,,2025-11-03,65.56,0
eaglebank,MD,52.0,36.0,mass layoff,mass_layoff,,2023-02-15,2023-04-07,,2023-04-07,65.68,0
wells fargo,IA,52.0,1.0,amendment,amendment,,2023-08-22,2023-08-22,,2023-08-22,65.7,0
chick fil a,PA,72.0,49.0,closure,closure,,,2025-12-30,,2025-12-30,65.65,0
c2 technologies,FL,54.0,1.0,layoff,layoff,,2026-03-05,2026-03-06,2026-03-06,2026-03-06,65.62,0
factory motor parts fmp,MA,42.0,67.0,layoff,layoff,2025-05-20,,2025-05-23,,2025-05-23,65.78,0
comptia,UT,54.0,42.0,layoff,layoff,,2025-01-09,,,2025-01-09,65.66,0
kaiser foundation hospitals pleasanton,CA,62.0,14.0,layoff permanent,layoff,2025-09-10,2025-09-08,2025-09-08,,2025-09-08,65.63,0
paragon water systems,FL,,127.0,layoff,layoff,,2023-08-14,2023-10-13,2024-01-31,2023-10-13,66.11,1
bon appetit,CA,72.0,45.0,layoff permanent,layoff,2023-01-23,2022-12-28,2023-02-28,,2023-02-28,65.63,0
chemours,GA,32.0,10.0,permanent layoff / reduction in force,layoff,,,2026-03-06,,2026-03-06,65.71,0
pitney bowes,CA,33.0,2.0,layoff permanent,layoff,2024-07-18,2024-07-17,2024-09-17,,2024-09-17,65.63,0
prime mso,CA,,6.0,closure permanent,closure,2025-01-28,2025-01-24,2025-03-25,,2025-03-25,65.63,0
bambu systems,FL,54.0,141.0,layoff,layoff,,2025-11-04,2025-11-03,2025-12-31,2025-11-03,66.16,1
medical device business services,CA,33.0,5.0,layoff permanent,layoff,2023-03-02,2023-03-01,2023-04-30,,2023-04-30,65.63,0
danfoss power solutions,IA,31.0,3.0,amendment - additional employees,amendment,,2025-09-25,2024-09-25,,2024-09-25,65.7,0
she said butcher shop,MN,,1.0,closure,closure,,,2024-07-08,,2024-07-08,65.65,0
99 cents only store llc humble 2,TX,45.0,20.0,layoff,layoff,,,2024-06-03,,2024-06-03,65.64,0
nan mckay associates,FL,,4.0,layoff,layoff,,2026-03-11,2026-05-11,2026-06-30,2026-05-11,65.62,0
the boeing,PA,33.0,69.0,layoff,layoff,,,2024-08-16,,2024-08-16,65.82,0
crittenton 201 w amerige ave,CA,62.0,37.0,closure permanent,closure,2026-04-02,2026-03-27,2026-03-31,,2026-03-31,65.63,0
west coast industries,CA,33.0,4.0,closure permanent,closure,2023-10-05,2023-09-05,2023-11-30,,2023-11-30,65.63,0
advance stores company incorporated and its subsidiary golden state supply,CA,44.0,9.0,closure permanent,closure,2024-11-15,2024-11-14,2025-03-07,,2025-03-07,65.63,0
pioneer custom electrical products,CA,33.0,47.0,closure permanent,closure,2026-01-21,2026-01-21,2026-03-31,,2026-03-31,65.63,0
group 1001 resources,FL,55.0,51.0,layoff,layoff,,2024-12-20,2025-03-10,2025-03-10,2025-03-10,65.63,0
tesla,CA,33.0,9.0,layoff permanent,layoff,2024-04-25,2024-04-22,2024-06-14,,2024-06-14,65.63,0
the boeing,SC,33.0,220.0,layoff,layoff,,2024-11-15,2025-01-17,,2025-01-17,66.38,1
zenimax media,WI,51.0,39.0,layoff,layoff,,2025-08-15,2025-09-01,,2025-09-01,65.64,0
burgess norton mfg,MS,33.0,79.0,closure,closure,,2025-11-06,2026-04-15,,2026-04-15,65.82,0
kaiser foundation hospitals,CA,62.0,2.0,layoff permanent,layoff,2025-08-19,2025-08-18,2025-08-04,,2025-08-04,65.63,0
gilead sciences,CA,72.0,149.0,layoff permanent,layoff,2025-03-27,2025-03-27,2025-05-27,,2025-05-27,66.19,1
google us sfo spear121,CA,51.0,6.0,layoff permanent,layoff,2024-05-08,2024-04-29,2024-06-09,,2024-06-09,65.63,0
phenix engineered textiles,SC,31.0,30.0,layoff,layoff,,2023-02-10,2023-02-10,,2023-02-10,65.61,0
dji services,CA,56.0,37.0,layoff permanent,layoff,2025-11-03,2025-11-03,2025-11-07,,2025-11-07,65.63,0
cvs health,AZ,44.0,134.0,layoff,layoff,,2023-08-18,,,2023-08-18,66.16,1
owens brockway glass container,TX,32.0,90.0,layoff,layoff,,,2023-01-31,,2023-01-31,65.95,1
hydro extrusion usa,CA,31.0,128.0,closure temporary,closure,2025-10-23,2025-10-23,2025-12-23,,2025-12-23,66.11,1
tesla,CA,33.0,25.0,layoff permanent,layoff,2024-04-25,2024-04-22,2024-06-14,,2024-06-14,65.63,0
steward health care system northside regional medical center,OH,62.0,9.0,layoff,layoff,2024-08-21,,2024-10-20,,2024-10-20,65.59,0
activision blizzard,CA,51.0,143.0,layoff permanent,layoff,2024-09-13,2024-09-12,2024-11-15,,2024-11-15,66.17,1
the delfield,TN,33.0,197.0,unknown,other,2023-04-08,,2023-04-06,,2023-04-06,66.32,1
kaiser foundation hospitals,CA,62.0,7.0,layoff permanent,layoff,2024-10-09,2024-10-07,2024-12-06,,2024-12-06,65.63,0
southwest key programs inc houston hq,TX,,11.0,layoff,layoff,,,2025-10-05,,2025-10-05,65.64,0
amentum,CO,56.0,27.0,reduction in force (end project),layoff,,2023-07-03,2023-08-31,2023-08-31,2023-08-31,65.62,0
avante health,CA,62.0,159.0,closure permanent,closure,2024-10-08,2024-10-08,2024-11-25,,2024-11-25,66.23,1
america s finest charter school high school program,CA,61.0,10.0,closure permanent,closure,2026-04-07,2026-03-12,2026-06-30,,2026-06-30,65.63,0
aktiv phama,CO,32.0,70.0,layoff,layoff,,2023-08-29,2023-08-25,2023-08-25,2023-08-25,65.79,0
syntegon,MN,33.0,15.0,closure,closure,,,2024-07-24,,2024-07-24,65.65,0
stealth monitoring,TX,56.0,29.0,layoff,layoff,,,2025-02-11,,2025-02-11,65.64,0
immaculate conception catholic school,TN,61.0,36.0,unknown,other,2024-04-11,,2024-06-15,,2024-06-15,65.61,0
leeann chin,MN,72.0,1.0,closure,closure,,,2025-08-25,,2025-08-25,65.65,0
peer street,CA,52.0,30.0,layoff permanent,layoff,2023-02-23,2023-02-15,2023-04-16,,2023-04-16,65.63,0
meta platforms,CA,51.0,73.0,layoff permanent,layoff,2023-06-21,2023-05-29,2023-07-28,,2023-07-28,65.82,0
jeld wen,GA,33.0,82.0,closure,closure,,,2023-03-27,,2023-03-27,65.96,1
hollister,MO,44.0,5.0,closure,closure,,2025-10-03,2025-11-28,2025-12-12,2025-11-28,65.59,0
oak point university,IL,61.0,88.0,closing,closure,2024-04-04,2024-04-04,2024-04-19,,2024-04-19,65.96,1
parsons,KY,,18.0,closure,closure,2025-04-21,,2025-06-30,,2025-06-30,65.61,0
east coast migrant head start,AL,61.0,10.0,layoff,layoff,,2025-10-24,2025-11-01,,2025-11-01,65.59,0
u s bank,CA,,8.0,layoff permanent,layoff,2023-09-26,2023-08-22,2023-10-06,,2023-10-06,65.63,0
first savings bank,FL,52.0,1.0,layoff,layoff,,2023-10-02,2023-11-30,2023-11-30,2023-11-30,65.62,0
sky auto mall,IA,44.0,46.0,mass layoff,mass_layoff,,2026-03-09,2026-03-06,,2026-03-06,65.7,0
fresno economic opportunities commission 2063 s cedar ave,CA,62.0,8.0,layoff temporary,layoff,2025-11-03,2025-10-31,2026-01-01,,2026-01-01,65.63,0
jcpenney eden prairie 2024,MN,45.0,1.0,closure,closure,,,2024-04-17,,2024-04-17,65.65,0
mv transportation 3990,CA,,37.0,layoff permanent,layoff,2025-04-29,2025-04-28,2025-06-30,,2025-06-30,65.63,0
all of us research program aourp,AZ,54.0,45.0,layoff,layoff,,2024-05-28,,,2024-05-28,65.65,0
emanate health system,CA,62.0,2.0,layoff permanent,layoff,2024-10-10,2024-10-10,2024-12-09,,2024-12-09,65.63,0
reach media,DC,51.0,73.0,layoff,layoff,,2024-03-12,2024-05-17,,2024-05-17,65.76,0
get fresh produce,TX,33.0,44.0,layoff,layoff,,,2025-01-19,,2025-01-19,65.64,0
us display group,CA,33.0,50.0,closure permanent,closure,2024-04-02,2024-03-22,2024-05-22,,2024-05-22,65.63,0
ups,RI,,130.0,layoff,layoff,2024-02-06,2024-02-01,2024-04-02,,2024-04-02,66.03,1
lost boys interactive,WI,51.0,12.0,layoff,layoff,,2024-01-12,2024-03-15,,2024-03-15,65.64,0
nestle usa update,OH,31.0,13.0,layoff,layoff,2024-03-11,,2024-03-29,2024-12-31,2024-03-29,65.59,0
boston scientific,TX,33.0,120.0,layoff,layoff,,,2023-04-23,,2023-04-23,66.1,1
management training corporation hutchins state jail,TX,92.0,8.0,layoff,layoff,,,2025-08-31,,2025-08-31,65.64,0
adventist health,CA,62.0,22.0,layoff permanent,layoff,2024-03-25,2024-03-13,2024-06-06,,2024-06-06,65.63,0
farmers group inc 6301,CA,52.0,1.0,layoff permanent,layoff,2023-09-28,2023-08-28,2023-11-28,,2023-11-28,65.63,0
warner bros discovery inc 100,CA,51.0,11.0,layoff permanent,layoff,2025-07-30,2025-07-30,2025-10-04,,2025-10-04,65.63,0
skf,UT,33.0,108.0,layoff,layoff,,2023-12-04,,,2023-12-04,66.06,1
crothall healthcare,OH,56.0,88.0,layoff,layoff,2023-04-21,,2023-06-18,2023-06-18,2023-06-18,65.88,0
panera llc fresh dough facility,MI,,66.0,closure,closure,,,2025-07-23,,2025-07-23,65.7,0
collins pine,CA,11.0,51.0,layoff temporary,layoff,2023-02-27,2023-02-23,2023-02-24,,2023-02-24,65.64,0
autism home support services,IL,32.0,76.0,closing,closure,2023-06-20,2023-06-20,2023-08-21,2023-09-18,2023-08-21,65.88,0
abm texas general services smu,TX,56.0,211.0,layoff,layoff,,,2025-03-12,,2025-03-12,66.4,1
east coast migrant head start project ecmhsp,NC,61.0,7.0,closure,closure,2025-10-22,2025-10-17,2025-11-01,,2025-11-01,65.61,0
excalibur pizza llc dba round table pizza,CA,72.0,3.0,layoff permanent,layoff,2024-02-20,2024-02-15,2024-04-19,,2024-04-19,65.63,0
id logistics us,PA,49.0,108.0,layoff,layoff,,,2024-12-31,,2024-12-31,66.05,1
packers sanitation services,GA,56.0,47.0,permanent layoff / reduction in force,layoff,,,2023-10-15,,2023-10-15,65.71,0
southern pacpizza dba pizza hut 029203,CA,72.0,7.0,layoff permanent,layoff,2024-01-24,2023-12-14,2024-02-18,,2024-02-18,65.63,0
morrison healthcare lakewood regional medical center,CA,62.0,40.0,layoff permanent,layoff,2025-06-17,2025-06-10,2025-07-28,,2025-07-28,65.63,0
astra space operations,CA,33.0,58.0,layoff permanent,layoff,2023-10-11,2023-08-07,2023-10-03,,2023-10-03,65.7,0
management training corporation kyle correctional center,TX,92.0,98.0,layoff,layoff,,,2025-08-31,,2025-08-31,66.0,1
10 roads express,NC,48.0,74.0,closure,closure,2025-12-02,2025-12-01,2026-02-28,,2026-02-28,65.82,0
juul labs 270,CA,31.0,1.0,layoff permanent,layoff,2023-09-28,2023-08-24,2023-12-15,,2023-12-15,65.63,0
quixote studio services 11473,CA,,37.0,layoff permanent,layoff,2025-07-11,2025-07-10,2025-07-10,,2025-07-10,65.63,0
insight,OH,52.0,82.0,layoff,layoff,2024-04-29,,2024-08-31,,2024-08-31,68.0,1
janus international group,TX,33.0,113.0,layoff,layoff,,,2026-04-03,,2026-04-03,66.07,1
shake shack enterprises,CA,,24.0,closure permanent,closure,2024-08-27,2024-08-26,2024-08-27,,2024-08-27,65.63,0
wells fargo,CA,52.0,8.0,layoff permanent,layoff,2023-07-24,2023-07-11,2023-07-11,,2023-07-11,65.63,0
amazon sjc25,CA,45.0,8.0,layoff permanent,layoff,2025-10-29,2025-10-28,2026-01-26,,2026-01-26,65.63,0
herbalife international of america,CA,31.0,7.0,layoff permanent,layoff,2023-03-06,2023-02-27,2023-04-28,,2023-04-28,65.63,0
kaleo,RI,,1.0,layoff,layoff,2024-10-02,2024-10-02,2024-11-30,,2024-11-30,65.53,0
covenant living communities services covenant living west dba brandel manor and cypress assisted,CA,62.0,168.0,closure permanent,closure,2024-02-01,2024-01-15,2024-03-15,,2024-03-15,66.26,1
fresno economic opportunities commission 2117 w mckinley ave,CA,62.0,8.0,layoff temporary,layoff,2025-11-03,2025-10-31,2026-01-01,,2026-01-01,65.63,0
west pines behavioral health,CO,62.0,132.0,closure / acadia,closure,,2025-01-08,2025-03-31,2025-03-31,2025-03-31,66.12,1
navient solutions,IN,52.0,128.0,layoff,layoff,,2025-08-04,2025-10-03,,2025-10-03,66.08,1
cygnus home service,IL,81.0,119.0,layoff,layoff,2024-09-30,2024-09-30,2024-11-22,,2024-11-22,66.11,1
amazon,CA,45.0,63.0,layoff permanent,layoff,2023-01-20,2023-01-18,2023-03-19,,2023-03-19,65.75,0
pitney bowes,OH,33.0,1.0,layoff,layoff,2024-07-17,,2024-09-17,,2024-09-17,65.59,0
bitwise industries,CO,54.0,13.0,mass layoff,mass_layoff,,2023-06-14,2023-08-14,2023-08-14,2023-08-14,65.62,0
amazon mab4,CA,45.0,131.0,closure permanent,closure,2026-01-28,2026-01-28,2026-04-28,,2026-04-28,66.13,1
novartis pharmaceuticals,CA,32.0,34.0,closure permanent,closure,2025-03-13,2025-03-12,2025-06-27,,2025-06-27,65.63,0
saddle creek logistics services,GA,,128.0,permanent layoff / reduction in force,layoff,,,2026-01-10,,2026-01-10,66.2,1
good sports plus ltd dba arc barbara worth junior high school,CA,61.0,5.0,layoff permanent,layoff,2026-04-03,2026-04-02,2026-06-04,,2026-06-04,65.63,0
windy city supply chain,IL,49.0,105.0,closing,closure,2026-03-19,2026-03-19,2026-05-24,2026-05-24,2026-05-24,66.05,1
the newark group,MA,,71.0,layoff,layoff,2025-01-28,,2025-06-30,2025-07-15,2025-06-30,65.81,0
u s auto sales,GA,,3.0,permanent layoff / reduction in force,layoff,,,2023-05-12,,2023-05-12,65.71,0
penn parking inc university of maryland baltimore,MD,48.0,8.0,closure,closure,,2024-03-25,2024-05-31,,2024-05-31,65.68,0
becton dickinson and,NE,33.0,107.0,layoff,layoff,,2023-08-15,,,2023-08-15,65.99,1
alta finance group,MD,52.0,25.0,layoff,layoff,,2024-08-23,2024-10-22,,2024-10-22,65.68,0
southeast service,IL,56.0,25.0,closing,closure,2024-11-27,2024-11-27,2025-01-31,,2025-01-31,65.66,0
applied materials inc 3333 scott blvd,CA,33.0,73.0,layoff permanent,layoff,2025-10-24,2025-10-23,2025-12-23,,2025-12-23,65.82,0
replimune,MA,54.0,63.0,layoff,layoff,2026-04-13,,2026-04-13,2026-04-24,2026-04-13,65.75,0
cvs health,MA,44.0,183.0,layoff,layoff,2025-02-28,,2025-05-03,,2025-05-03,66.3,1
prudential financial,NJ,52.0,108.0,layoff,layoff,,2024-12-27,,,2024-12-27,65.99,1
hunt sons,CA,,3.0,layoff permanent,layoff,2024-10-31,2024-10-29,2025-01-01,,2025-01-01,65.63,0
matheson flight extenders,CA,48.0,57.0,closure permanent,closure,2024-01-12,2023-12-01,2024-01-31,,2024-01-31,65.69,0
newrez,AZ,52.0,78.0,layoff,layoff,,2024-06-28,,,2024-06-28,65.88,0
stratasys direct,CA,33.0,95.0,closure permanent,closure,2023-06-05,2023-05-19,2023-08-01,,2023-08-01,65.96,1
peraton s environmental test integration services iii etis iii,MD,54.0,123.0,layoff,layoff,,2025-02-10,2025-03-31,,2025-03-31,66.15,1
wellmore energy company llc 3461 belchers fork road grundy va 24614,VA,21.0,2.0,layoff,layoff,,2025-10-06,2025-12-06,,2025-12-06,65.56,0
farmers insurance exchange 6303,CA,52.0,2.0,layoff permanent,layoff,2023-09-28,2023-08-28,2023-10-30,,2023-10-30,65.63,0
plug power,NY,33.0,2.0,economic,other,,2025-03-25,2025-06-23,2025-06-23,2025-06-23,65.76,0
arbor e t llc equus workforce solutions round rock,TX,56.0,26.0,layoff,layoff,,,2024-09-30,,2024-09-30,65.64,0
tesla,CA,33.0,65.0,layoff permanent,layoff,2024-05-13,2024-05-13,2024-06-20,,2024-06-20,65.76,0
multi color,OH,,86.0,layoff,layoff,2023-06-23,,2024-04-01,,2024-04-01,65.87,0
united states cellular,IA,51.0,10.0,amendment - change in date,amendment,,2025-06-11,2025-07-01,,2025-07-01,65.7,0
zeco systems,MN,33.0,2.0,layoff,layoff,2025-08-21,2025-08-21,2025-10-04,,2025-10-04,65.65,0
analog devices,CA,33.0,109.0,layoff permanent,layoff,2023-12-11,2023-11-03,2024-01-12,,2024-01-12,66.03,1
our next energy,MI,33.0,29.0,layoff,layoff,,,2026-01-06,,2026-01-06,65.55,0
ardagh metal packaging,OH,33.0,110.0,layoff,layoff,2023-11-28,,2024-01-31,,2024-01-31,66.0,1
u s bank 1289,CA,,18.0,layoff permanent,layoff,2023-09-21,2023-07-05,2023-09-08,,2023-09-08,65.63,0
matheson flight extenders,OR,48.0,62.0,closure,closure,,2023-12-01,,,2023-12-01,65.8,0
national express transit 5401 barnes avenue roanoke va 24019,VA,,194.0,closure,closure,,2024-06-21,2024-07-31,,2024-07-31,66.26,1
university of vermont health network,VT,71.0,60.0,layoff,layoff,,2025-07-29,,,2025-07-29,65.61,0
kenvue,NJ,32.0,51.0,layoff,layoff,,2024-03-15,,,2024-03-15,65.59,0
discoverfresh foods,SC,42.0,53.0,layoff,layoff,,2024-08-01,2024-08-01,,2024-08-01,65.64,0
accelerate360 distribution,MI,42.0,2.0,layoff,layoff,,,2025-06-28,,2025-06-28,65.55,0
advance stores company incorporated and its subsidiary golden state supply,CA,44.0,15.0,closure permanent,closure,2024-11-15,2024-11-14,2025-03-10,,2025-03-10,65.63,0
marshfield clinic health system,WI,62.0,28.0,layoff,layoff,,2023-01-30,2023-03-31,,2023-03-31,65.64,0
kuubix global,CA,49.0,46.0,closure permanent,closure,2023-11-01,2023-09-27,2023-09-29,,2023-09-29,65.63,0
healthhelp a wns,CO,54.0,1.0,reduction in force,layoff,,2024-04-03,2024-06-02,2024-08-02,2024-06-02,65.62,0
animal supply,TX,42.0,145.0,layoff,layoff,,,2025-02-21,,2025-02-21,66.2,1
olive ai,OH,51.0,33.0,layoff,layoff,2023-10-31,,2023-11-01,2023-11-03,2023-11-01,65.59,0
kaiser foundation hospitals harrison,CA,62.0,4.0,layoff permanent,layoff,2023-10-03,2023-09-12,2023-11-10,,2023-11-10,65.63,0
wells fargo,MT,52.0,77.0,layoff,layoff,,2026-03-30,2026-05-30,,2026-05-30,65.74,0
safeway albertsons portland division,OR,,87.0,layoff,layoff,,2025-05-07,,,2025-05-07,65.97,1
planned parenthood orange and san bernardino counties inc 303,CA,62.0,4.0,layoff permanent,layoff,2025-10-13,2025-10-13,2025-12-13,,2025-12-13,65.63,0
appliance plus,IA,44.0,5.0,closing,closure,,2026-04-14,2026-07-31,,2026-07-31,65.7,0
ssp america,CA,72.0,105.0,layoff permanent,layoff,2025-04-18,2025-04-18,2025-06-17,,2025-06-17,66.01,1
1401 unitek learning education group,CA,61.0,4.0,layoff permanent,layoff,2025-05-01,2025-04-30,2025-07-03,,2025-07-03,65.63,0
marshfield clinic health system,WI,62.0,1.0,layoff,layoff,,2023-03-01,2023-05-19,,2023-05-19,65.64,0
cedars sinai medical center,CA,23.0,2.0,layoff permanent,layoff,2023-05-02,2023-04-20,2023-06-30,,2023-06-30,65.63,0
intel,CA,33.0,25.0,layoff permanent,layoff,2023-01-24,2023-01-13,2023-03-15,,2023-03-15,65.63,0
d a consulting services dba getinsured,NC,54.0,17.0,layoff,layoff,2024-12-31,2024-12-30,2025-02-19,,2025-02-19,65.61,0
cisco systems,CA,33.0,176.0,layoff permanent,layoff,2024-02-22,2024-02-15,2024-04-15,,2024-04-15,66.28,1
meta platforms,CA,51.0,53.0,layoff permanent,layoff,2026-01-21,2026-01-16,2026-03-20,,2026-03-20,65.66,0
institue of international education,DC,61.0,54.0,layoff,layoff,,2025-06-04,,,2025-06-04,65.6,0
fedex supply chain,CA,49.0,39.0,layoff permanent,layoff,2024-01-31,2024-01-19,2024-03-22,,2024-03-22,65.63,0
graphic packaging international,NC,32.0,112.0,closure,closure,2024-01-11,2024-01-09,2024-03-31,,2024-03-31,66.03,1
shift technologies,CA,54.0,40.0,closure permanent,closure,2023-11-09,2023-10-06,2023-10-06,,2023-10-06,65.63,0
kalsada in st paul,MN,,25.0,closure,closure,,,2023-08-01,,2023-08-01,65.65,0
meta platforms,CA,51.0,27.0,layoff permanent,layoff,2023-05-04,2023-04-24,2023-06-23,,2023-06-23,65.63,0
arlington contact lens service,OH,44.0,151.0,layoff,layoff,2024-04-26,,2024-06-28,2024-08-03,2024-06-28,66.16,1
trademango solutions inc dba article,CA,,14.0,layoff permanent,layoff,2024-10-31,2024-10-31,2024-12-31,,2024-12-31,65.63,0
copan diagnostics,CA,33.0,79.0,closure permanent,closure,2026-01-14,2026-01-05,2026-03-13,,2026-03-13,65.86,0
east coast migrant head start project,AL,61.0,10.0,layoff,layoff,,2025-10-24,2025-11-01,,2025-11-01,65.59,0
transitional support systems tss,MA,,18.0,layoff,layoff,,,2023-05-05,,2023-05-05,65.63,0
samaritas,MI,62.0,58.0,closure,closure,,,2026-03-31,,2026-03-31,65.63,0
triple canopy,CA,32.0,1.0,layoff permanent,layoff,2024-04-22,2024-03-27,2024-05-31,,2024-05-31,65.63,0
turf care supply,OH,32.0,46.0,closure,closure,2026-01-12,,2026-02-28,2026-05-01,2026-02-28,65.59,0
crst expedited inc dba crst the transportation solution,CA,48.0,4.0,layoff permanent,layoff,2025-12-03,2025-12-03,2026-02-02,,2026-02-02,65.63,0
clari,CA,51.0,96.0,layoff permanent,layoff,2025-11-06,2025-11-06,2026-01-05,,2026-01-05,65.96,1
science of skincare llc 3333 n san fernando blvd,CA,81.0,37.0,layoff permanent,layoff,2025-10-22,2025-10-22,2025-12-30,,2025-12-30,65.63,0
papa murphy s owatonna,MN,,1.0,closure,closure,,,2023-10-20,,2023-10-20,65.65,0
roi cps,MO,54.0,109.0,closure,closure,,2025-01-15,2025-01-15,,2025-01-15,65.99,1
lutheran services of iowa,IA,62.0,3.0,mass layoff,mass_layoff,,2023-05-04,2023-07-01,,2023-07-01,65.7,0
international business machines corporation ibm,CA,54.0,47.0,layoff permanent,layoff,2023-04-12,2023-04-04,2023-06-05,,2023-06-05,65.63,0
staffing boutique,NY,56.0,23.0,"contract termination, government ordered closing",closure,,2025-01-27,2025-02-07,2025-03-10,2025-02-07,65.76,0
ceryx management llc 7617 s figueroa,CA,53.0,5.0,layoff permanent,layoff,2025-11-07,2025-10-31,2025-10-03,,2025-10-03,65.63,0
aramark facility services,RI,56.0,211.0,closure,closure,2023-07-05,2023-08-18,2023-07-31,,2023-07-31,66.28,1
el loro waite park,MN,72.0,1.0,closure,closure,,,2025-08-20,,2025-08-20,65.65,0
dennis dillon rv,CA,44.0,67.0,closure permanent,closure,2024-05-14,2024-05-08,2024-07-12,,2024-07-12,65.78,0
rollins moving storage,MS,49.0,21.0,layoff,layoff,,2023-10-17,2023-10-26,,2023-10-26,65.58,0
cygnus home services llc san antonio yelloh,TX,45.0,11.0,layoff,layoff,,,2024-11-22,,2024-11-22,65.64,0
cherokee nation federal consulting,MO,54.0,187.0,layoff,layoff,,2024-06-18,2024-06-30,,2024-06-30,66.28,1
club wyndham resort at fairfield glade,TN,72.0,88.0,unknown,other,2025-10-13,,2025-12-31,,2025-12-31,65.9,1
myers industries,IA,,60.0,closing,closure,,2024-07-31,2024-12-15,,2024-12-15,65.79,0
at t alabama,AL,51.0,73.0,layoff,layoff,,2025-06-20,2025-09-20,,2025-09-20,65.78,0
young s market company llc dba republic national distributing,CA,42.0,80.0,closure permanent,closure,2025-07-02,2025-07-01,2025-09-02,,2025-09-02,65.87,0
aimbridge employee service corp aka valley river inn,OR,72.0,62.0,layoff,layoff,,2023-06-06,,,2023-06-06,65.8,0
knox attorney service,CA,56.0,2.0,closure permanent,closure,2024-05-13,2024-05-13,2024-08-31,,2024-08-31,65.63,0
alpek polyester usa,PA,32.0,100.0,closure,closure,,,2026-03-15,,2026-03-15,66.01,1
ipic theaters,FL,71.0,51.0,layoff,layoff,,2026-02-26,2026-04-28,2026-04-28,2026-04-28,65.63,0
albertson s safeway,DC,44.0,87.0,closure,closure,,2026-03-13,,,2026-03-13,65.85,0
veritas technologies,CA,51.0,50.0,layoff permanent,layoff,2024-11-20,2024-11-20,2024-12-02,,2024-12-02,65.63,0
planned parenthood mar monte,CA,62.0,4.0,layoff permanent,layoff,2025-07-30,2025-07-24,2025-09-24,,2025-09-24,65.63,0
kroger fulfillment network,WI,49.0,211.0,closure,closure,,2025-11-18,2026-02-01,,2026-02-01,66.39,1
continental manufacturing chemist,IA,32.0,18.0,closing,closure,,2025-12-12,2025-12-15,,2025-12-15,65.7,0
wells fargo,IA,52.0,34.0,amendment - additional employees,amendment,,2025-03-18,2025-05-18,,2025-05-18,65.7,0
herbalife international of america,CA,31.0,57.0,layoff permanent,layoff,2024-06-03,2024-06-03,2024-05-31,,2024-05-31,65.69,0
pwlc i,CA,71.0,60.0,layoff permanent,layoff,2023-12-05,2023-10-30,2023-12-29,,2023-12-29,65.72,0
sutro biopharma,CA,54.0,1.0,layoff permanent,layoff,2025-09-30,2025-09-29,2025-09-30,,2025-09-30,65.63,0
mcga hotels sf,CA,72.0,86.0,layoff temporary,layoff,2024-10-10,2024-10-10,2024-12-10,,2024-12-10,65.91,1
milliken,NC,31.0,103.0,closure,closure,2023-01-31,2023-01-31,2023-05-31,,2023-05-31,65.99,1
safeway store 3257,MD,,85.0,closure,closure,,2025-01-31,2025-04-05,,2025-04-05,65.96,1
radial,CA,,13.0,closure permanent,closure,2023-01-18,2022-12-28,2023-03-31,,2023-03-31,65.63,0
penn parking inc university of maryland baltimore,MD,48.0,7.0,closure,closure,,2024-03-25,2024-05-31,,2024-05-31,65.68,0
alamo drafthouse cinema,MN,71.0,15.0,closure,closure,,,2024-06-01,,2024-06-01,65.65,0
u s bank 1296,CA,,3.0,layoff permanent,layoff,2023-09-21,2023-07-05,2023-06-30,,2023-06-30,65.63,0
communify maple center,CA,62.0,3.0,layoff permanent,layoff,2025-11-03,2025-11-03,2026-01-02,,2026-01-02,65.63,0
cascades containerboard packaging newtown,CT,32.0,70.0,layoff,layoff,,2024-06-07,2024-06-21,,2024-06-21,65.8,0
aerovironment,CA,33.0,17.0,layoff permanent,layoff,2023-02-28,2023-02-23,2023-04-25,,2023-04-25,65.63,0
the capital group companies,CA,55.0,78.0,layoff permanent,layoff,2023-02-28,2023-02-24,2023-04-28,,2023-04-28,65.86,0
tegra global,NC,31.0,61.0,closure,closure,2024-11-04,2024-11-04,2025-03-31,,2025-03-31,65.72,0
waste management,CA,56.0,78.0,layoff permanent,layoff,2023-05-05,2023-04-25,2023-07-01,,2023-07-01,65.86,0
orora packaging solutions dba manufactured packaging products,CA,32.0,47.0,closure permanent,closure,2023-01-11,2023-01-09,2023-03-10,,2023-03-10,65.63,0
cygnus home servies llc d b a yelloh,WV,72.0,54.0,layoff,layoff,,2024-09-23,2024-11-22,,2024-11-22,65.52,0
oracle america,CA,51.0,101.0,layoff permanent,layoff,2025-08-14,2025-08-13,2025-10-13,,2025-10-13,65.99,1
fujifilm irvine scientific,CA,32.0,2.0,layoff permanent,layoff,2023-10-02,2023-08-02,2023-10-06,,2023-10-06,65.63,0
cognizant technology solutions u s,AZ,54.0,88.0,layoff,layoff,,2023-11-09,,,2023-11-09,65.94,1
rtx,IA,33.0,3.0,mass layoff,mass_layoff,,2025-11-04,2025-12-31,,2025-12-31,65.7,0
pt solutions,CA,62.0,14.0,closure permanent,closure,2025-03-04,2025-03-04,2025-05-03,,2025-05-03,65.63,0
boardriders wholesale,CA,42.0,84.0,layoff permanent,layoff,2024-02-06,2024-02-01,2024-03-29,,2024-03-29,65.9,1
waco familly medicine mcc,TX,,52.0,layoff,layoff,,,2025-03-21,,2025-03-21,65.67,0
communify jc washington center,CA,62.0,3.0,layoff permanent,layoff,2025-11-03,2025-11-03,2026-01-02,,2026-01-02,65.63,0
atrium hospitality lp denver crowne plaza,CO,72.0,56.0,closure,closure,,2024-03-27,2024-05-31,2024-05-31,2024-05-31,65.67,0
optum,CA,62.0,9.0,closure permanent,closure,2024-07-18,2024-07-18,2024-09-16,,2024-09-16,65.63,0
simply ioa,FL,52.0,66.0,layoff,layoff,,2025-10-07,2025-12-02,2025-12-02,2025-12-02,65.77,0
heartland recreational vehicles,MI,33.0,121.0,closure,closure,,,2025-06-20,,2025-06-20,66.01,1
rwe offshore wind services,MA,22.0,73.0,layoff,layoff,2025-03-07,,2025-05-06,,2025-05-06,65.82,0
sleep number,UT,44.0,92.0,layoff,layoff,,2023-12-29,,,2023-12-29,65.97,1
cue health inc moda north,CA,33.0,2.0,layoff permanent,layoff,2024-05-10,2024-05-01,2024-07-01,,2024-07-01,65.63,0
bedding acquisition,TX,31.0,74.0,layoff,layoff,,,2023-03-31,,2023-03-31,65.85,0
planned parenthood orange and san bernardino counties inc 26137,CA,62.0,7.0,layoff permanent,layoff,2025-10-13,2025-10-13,2025-12-13,,2025-12-13,65.63,0
sunpower,CA,,19.0,layoff permanent,layoff,2024-07-29,2024-07-26,2024-09-24,,2024-09-24,65.63,0
ymca bonita elementary school,CA,71.0,6.0,layoff permanent,layoff,2026-04-20,2026-04-17,2026-06-09,,2026-06-09,65.63,0
treats cereal bar boba st paul,MN,72.0,1.0,layoff,layoff,,,2026-01-16,,2026-01-16,65.65,0
wss foot locker,TX,44.0,57.0,layoff,layoff,,,2025-07-07,,2025-07-07,65.71,0
community healthlink,MA,,48.0,layoff,layoff,2023-04-24,,,,2023-04-24,66.83,1
guide to insure,FL,52.0,76.0,layoff,layoff,,2025-08-29,2025-08-29,2025-08-29,2025-08-29,65.84,0
lereta,WI,52.0,28.0,layoff,layoff,,2023-09-07,2023-11-04,,2023-11-04,64.0,0
abm texas tcc southeast,TX,56.0,23.0,layoff,layoff,,,2024-08-31,,2024-08-31,65.64,0
advance stores company incorporated and its subsidiary golden state supply,CA,44.0,7.0,closure permanent,closure,2024-11-15,2024-11-14,2025-03-07,,2025-03-07,65.63,0
joyson safety systems,TX,33.0,108.0,layoff,layoff,,,2024-06-01,,2024-06-01,66.05,1
newmont update phase 3,CO,21.0,65.0,reduction in force,layoff,,2025-10-15,2025-12-14,2025-12-14,2025-12-14,65.75,0
founders insurance,IL,52.0,43.0,layoff,layoff,2026-01-05,2026-01-05,2026-03-06,2026-03-06,2026-03-06,65.66,0
vimo inc dba,FL,54.0,1.0,layoff,layoff,,2024-12-20,2025-02-19,2025-02-19,2025-02-19,65.62,0
fresno economic opportunities commission 5244 e pine ave,CA,62.0,5.0,layoff temporary,layoff,2025-11-03,2025-10-31,2026-01-01,,2026-01-01,65.63,0
golden svcs llc 1936 oak ridge turnpike oak ridge tn 37830,VA,56.0,26.0,closure,closure,,2023-01-11,2023-02-28,,2023-02-28,65.56,0
communify little village center,CA,62.0,8.0,layoff permanent,layoff,2025-11-03,2025-11-03,2026-01-02,,2026-01-02,65.63,0
plenty unlimited,CA,11.0,86.0,layoff permanent,layoff,2024-01-31,2024-01-19,2024-01-18,,2024-01-18,65.91,1
tata consultancy services,TX,54.0,85.0,layoff,layoff,,,2023-10-02,,2023-10-02,65.92,1
devine holdings,CA,,6.0,layoff not known at this time,layoff,2024-05-09,2024-04-30,2024-07-01,,2024-07-01,65.63,0
matheson postal services,CA,49.0,18.0,layoff permanent,layoff,2024-01-30,2023-12-01,2024-01-31,,2024-01-31,65.63,0
jobandtalent hirings llc d b a lgs staffing,MD,56.0,125.0,layoff,layoff,,2024-03-08,2024-05-10,,2024-05-10,66.16,1
fish market restaurants,CA,72.0,4.0,closure permanent one tuna lane  san,closure,2023-12-20,2023-11-13,2024-01-12,,2024-01-12,65.63,0
harvest meat,CA,42.0,62.0,closure permanent,closure,2025-02-18,2025-02-18,2025-04-21,,2025-04-21,65.74,0
dhl supply chain missouri city,TX,49.0,50.0,layoff,layoff,,,2023-12-04,,2023-12-04,65.64,0
surefox north america,CA,56.0,57.0,layoff permanent,layoff,2023-11-20,2023-10-16,2023-12-18,,2023-12-18,65.69,0
david s bridal,NC,44.0,1.0,layoff,layoff,2023-04-17,2023-04-14,2023-07-31,,2023-07-31,65.61,0
trove recommerce,CA,45.0,2.0,closure permanent,closure,2024-01-25,2023-12-21,2024-05-01,,2024-05-01,65.63,0
jp morgan chase bank,NJ,52.0,91.0,layoff,layoff,,2024-06-24,,,2024-06-24,65.9,1
connexus credit union,WI,52.0,16.0,layoff,layoff,,2024-09-12,2024-11-11,,2024-11-11,65.64,0
turner industries paris texas september 2025,TX,23.0,211.0,layoff,layoff,,,2025-09-30,,2025-09-30,66.4,1
charter communications,NC,51.0,67.0,layoff,layoff,2024-03-28,2024-03-27,2024-05-28,,2024-05-28,65.77,0
uscc management services,MD,,11.0,layoff,layoff,,2025-04-07,2025-06-02,,2025-06-02,65.68,0
st james infirmary,CA,62.0,71.0,closure permanent,closure,2023-12-11,2023-11-02,2024-01-01,,2024-01-01,65.81,0
durham school services,TN,48.0,79.0,unknown,other,2026-04-10,,2026-06-06,,2026-06-06,65.85,0
organic milling allen facility,CA,31.0,7.0,layoff permanent,layoff,2023-12-07,2023-11-01,2023-11-01,,2023-11-01,65.63,0
boardwalk property services,CA,53.0,66.0,layoff temporary,layoff,2025-09-30,2025-09-23,2025-11-23,,2025-11-23,65.77,0
edison job corps on hold,NJ,61.0,176.0,layoff,layoff,,2025-06-06,,,2025-06-06,66.24,1
rail crew xpress,KY,,90.0,closure,closure,2023-01-11,,2023-02-20,,2023-02-20,65.92,1
exxon mobil midland 1,TX,21.0,9.0,layoff,layoff,,,2024-12-31,,2024-12-31,65.64,0
david s bridal,CA,44.0,35.0,layoff permanent,layoff,2023-07-03,2023-04-25,2023-09-02,,2023-09-02,65.63,0
primeflight aviation services,WI,,27.0,closure,closure,,2025-11-09,2026-01-09,,2026-01-09,65.64,0
primecare medical,PA,,50.0,layoff,layoff,,,2025-09-30,,2025-09-30,65.65,0
boeing,FL,33.0,7.0,layoff,layoff,,2024-11-18,2025-01-17,2025-01-17,2025-01-17,65.62,0
lutheran services of iowa,IA,62.0,3.0,mass layoff,mass_layoff,,2025-03-03,2025-03-28,,2025-03-28,65.7,0
ingram micro,MO,42.0,60.0,closure,closure,,2024-02-21,2024-02-23,2024-06-28,2024-02-23,65.68,0
aspiration partners,TN,52.0,5.0,unknown,other,2023-05-31,,2023-06-30,2023-09-30,2023-06-30,65.61,0
movate inc the genesis project,TX,54.0,26.0,layoff,layoff,,,2025-08-08,,2025-08-08,65.64,0
gd energy products,IL,33.0,61.0,closing,closure,2024-06-04,2024-06-04,2024-08-03,2024-10-02,2024-08-03,65.77,0
promedica,OH,62.0,7.0,layoff,layoff,2023-01-09,,2023-03-10,2023-04-01,2023-03-10,65.59,0
dolls kill,CA,45.0,156.0,closure permanent,closure,2023-02-02,2023-01-31,2023-04-03,,2023-04-03,66.22,1
total storage solutions riverside self storage,CA,,4.0,layoff permanent,layoff,2026-03-19,2026-03-12,2026-05-18,,2026-05-18,65.63,0
beech mountain railroad,WV,48.0,4.0,closure,closure,,2023-05-12,2023-07-12,,2023-07-12,65.48,0
caring people alliance,PA,62.0,123.0,closure,closure,,,2024-06-30,,2024-06-30,66.12,1
hallcon commuter services,CA,48.0,63.0,layoff permanent,layoff,2023-06-01,2023-05-09,2023-07-07,,2023-07-07,65.75,0
united states cellular,IA,51.0,6.0,amendment - change in date,amendment,,2025-06-11,2025-07-01,,2025-07-01,65.7,0
decra roofing systems,CA,32.0,4.0,closure permanent,closure,2025-07-29,2025-07-28,2025-09-30,,2025-09-30,65.63,0
westrock,IL,32.0,9.0,layoff,layoff,2023-09-28,2024-06-13,2023-11-30,,2023-11-30,65.66,0
hn precision,IL,33.0,104.0,closing,closure,2024-06-19,2024-06-19,2024-08-30,2024-11-01,2024-08-30,66.04,1
tessera therapeutics,CT,54.0,1.0,layoff,layoff,2026-01-06,2026-01-07,2026-03-08,,2026-03-08,65.63,0
medallia,CA,51.0,59.0,layoff permanent,layoff,2023-02-21,2023-02-09,2023-02-07,,2023-02-07,65.71,0
elijah house foundation,CA,81.0,38.0,layoff permanent,layoff,2024-05-08,2024-04-29,2024-06-30,,2024-06-30,65.63,0
gmri inc dba bahama breeze,MI,72.0,70.0,closure,closure,,,2025-05-15,,2025-05-15,65.73,0
brown toland physician services organization,CA,62.0,7.0,layoff permanent,layoff,2023-01-27,2022-12-22,2023-01-01,,2023-01-01,65.63,0
amazon maf3,CA,45.0,201.0,closure permanent,closure,2026-01-28,2026-01-28,2026-04-28,,2026-04-28,66.35,1
relco a wabtec,IA,33.0,34.0,closing,closure,,2025-11-11,2025-12-31,,2025-12-31,65.7,0
immunitybio,MA,54.0,1.0,layoff,layoff,2025-12-08,,2026-01-30,,2026-01-30,65.63,0
madera community hospital,CA,62.0,70.0,layoff permanent,layoff,2023-01-20,2023-01-04,2023-01-03,,2023-01-03,65.8,0
downtown streets,CA,81.0,2.0,closure permanent,closure,2025-08-29,2025-08-29,2025-10-31,,2025-10-31,65.63,0
ppc event services inc dba peak event services peak,MA,56.0,89.0,layoff,layoff,2024-12-19,,2025-02-28,,2025-02-28,65.93,1
webhelp americas,OH,56.0,176.0,layoff,layoff,2023-08-08,,2023-10-08,,2023-10-08,66.24,1
planned parenthood gulf coast prevention park facility,TX,62.0,114.0,layoff,layoff,,,2025-09-30,,2025-09-30,66.07,1
mechanical servants,IL,54.0,54.0,closing,closure,2023-01-19,2023-01-19,2023-03-31,2023-05-31,2023-03-31,65.7,0
at t,CA,51.0,10.0,layoff permanent,layoff,2024-08-26,2024-08-26,2024-10-25,,2024-10-25,65.63,0
legacy supply chain,CA,49.0,8.0,layoff permanent,layoff,2026-02-02,2026-01-31,2026-04-01,,2026-04-01,65.63,0
meta platforms inc 305 constitution,CA,51.0,39.0,layoff permanent,layoff,2026-02-03,2026-02-02,2026-03-20,,2026-03-20,65.63,0
radial,GA,,95.0,permanent layoff / reduction in force,layoff,,,2024-06-28,,2024-06-28,66.04,1
personalis,CA,54.0,62.0,layoff permanent,layoff,2024-01-11,2023-12-01,2024-01-30,,2024-01-30,65.74,0
stachs,CA,54.0,35.0,layoff permanent,layoff,2024-10-22,2024-10-16,2024-12-31,,2024-12-31,65.63,0
john deere des moines works,IA,33.0,40.0,mass layoff,mass_layoff,,2025-09-17,2025-11-03,,2025-11-03,65.7,0
straight smile,UT,62.0,166.0,layoff,layoff,,2025-01-06,,,2025-01-06,66.28,1
rich products,MN,31.0,170.0,closure,closure,2024-07-17,2024-07-17,2024-09-13,,2024-09-13,66.29,1
ingram entertainment,TN,42.0,63.0,unknown,other,2023-10-10,,2023-11-13,,2023-11-13,65.73,0
atlassian us,WA,51.0,63.0,layoff,layoff,,,2026-03-13,,2026-03-13,65.75,0
parsons,KY,,14.0,closure,closure,2025-10-13,,2025-12-18,,2025-12-18,65.61,0
yellow freight sherman,TX,48.0,25.0,layoff,layoff,,,2023-07-28,,2023-07-28,65.64,0
whimzy albert lea,MN,71.0,1.0,closure,closure,,,2024-11-16,,2024-11-16,65.65,0
clarion management,CA,56.0,8.0,closure permanent,closure,2025-02-19,2025-02-18,2025-04-20,,2025-04-20,65.63,0
total storage solutions aware self storage,CA,,2.0,layoff permanent,layoff,2026-03-19,2026-03-12,2026-05-18,,2026-05-18,65.63,0
lost boys interactive,UT,51.0,1.0,layoff,layoff,,2024-03-15,,,2024-03-15,65.66,0
proyouth,CA,61.0,81.0,layoff permanent,layoff,2026-04-03,2026-04-03,2026-06-05,,2026-06-05,65.88,0
abzena san diego,CA,54.0,66.0,layoff permanent,layoff,2023-01-23,2023-01-11,2023-01-11,,2023-01-11,65.77,0
adare pharmaceuticals,PA,32.0,137.0,closure,closure,,,2026-03-01,2026-06-30,2026-03-01,66.18,1
grail,CA,54.0,179.0,layoff permanent,layoff,2024-08-14,2024-08-13,2024-10-14,,2024-10-14,66.29,1
volta charging industries,DC,,159.0,closure,closure,,2024-03-29,2024-05-31,,2024-05-31,66.16,1
optum,CA,62.0,37.0,closure permanent,closure,2024-07-18,2024-07-18,2024-09-16,,2024-09-16,65.63,0
general dynamics information technology,MD,54.0,60.0,layoff,layoff,,2023-05-22,2023-07-21,,2023-07-21,65.78,0
hshs st joseph s hospital chippewa falls,WI,62.0,1.0,closure,closure,,2024-01-23,2024-03-22,,2024-03-22,65.64,0
kohler,SC,33.0,71.0,closure,closure,,2024-01-08,2024-04-06,2024-04-19,2024-04-06,65.8,0
kaiser foundation hospitals,CA,62.0,1.0,layoff permanent,layoff,2025-02-25,2025-02-24,2025-04-25,,2025-04-25,65.63,0
sacramento self help housing,CA,,168.0,closure permanent,closure,2023-05-03,2023-04-14,2023-06-30,,2023-06-30,66.26,1
zendesk,CA,51.0,84.0,layoff permanent,layoff,2023-02-16,2022-11-07,2023-01-06,,2023-01-06,65.9,1
rume health,UT,62.0,14.0,layoff,layoff,,2023-02-06,,,2023-02-06,65.66,0
lost boys interactive,CO,51.0,4.0,not stated,other,,2024-01-11,2024-03-15,2024-03-15,2024-03-15,65.62,0
juni learning,CA,61.0,121.0,closure permanent,closure,2025-09-02,2025-09-02,2025-11-01,,2025-11-01,66.09,1
the claflin,RI,42.0,30.0,layoff,layoff,2024-05-20,2024-05-15,2024-07-15,,2024-07-15,65.53,0
kira aerospace llc and kira government services,MD,54.0,21.0,layoff,layoff,,2025-09-19,2025-09-30,,2025-09-30,65.68,0
hogan personnel,CA,56.0,5.0,layoff permanent,layoff,2024-10-30,2024-10-30,2024-12-30,,2024-12-30,65.63,0
abercrombie and fitch,OH,44.0,11.0,layoff,layoff,2023-01-12,,2023-01-15,2023-01-15,2023-01-15,65.59,0
hallcon,CA,48.0,65.0,layoff permanent,layoff,2023-11-01,2023-09-28,2023-12-31,,2023-12-31,65.76,0
edaron llc holyoke facility,MA,31.0,53.0,layoff,layoff,2025-01-14,,2025-06-30,,2025-06-30,65.66,0
cnh industrial america,IA,33.0,1.0,amendement - change in number,other,,2026-02-27,2026-05-22,,2026-05-22,65.7,0
ups,NC,,82.0,closure,closure,2024-03-25,2024-03-22,2024-05-24,,2024-05-24,65.87,0
chedraui usa,CA,44.0,115.0,layoff permanent,layoff,2025-01-03,2025-01-03,2025-03-07,,2025-03-07,66.06,1
consolidated hospitality supplies,CA,42.0,22.0,closure permanent,closure,2025-11-05,2025-11-05,2026-01-04,,2026-01-04,65.63,0
jimco lamp and manufacturing,MS,33.0,53.0,closure,closure,,2023-05-10,,,2023-05-10,65.61,0
microplastics,IL,,86.0,layoff,layoff,2025-12-19,2025-12-19,2025-12-19,2025-12-19,2025-12-19,65.95,1
pac 12 conference,CA,71.0,46.0,layoff permanent,layoff,2023-12-27,2023-11-16,2024-03-15,,2024-03-15,65.63,0
at t 5005,CA,51.0,37.0,layoff permanent,layoff,2024-06-25,2024-06-25,2024-08-24,,2024-08-24,65.63,0
pirch,CA,44.0,29.0,layoff permanent,layoff,2024-04-30,2024-04-04,2024-04-04,,2024-04-04,65.63,0
hunt sons,CA,,8.0,layoff permanent,layoff,2024-10-31,2024-10-29,2025-01-01,,2025-01-01,65.63,0
gdi integrated facility services,KY,56.0,48.0,layoff,layoff,2024-01-04,,2024-03-05,,2024-03-05,65.61,0
intel corporation robert noyce,CA,33.0,57.0,layoff permanent,layoff,2025-06-30,2025-06-25,2025-07-15,,2025-07-15,65.69,0
nana gogo toybrary,MN,,1.0,closure,closure,,,2023-11-01,,2023-11-01,65.65,0
gap,CA,44.0,79.0,layoff permanent,layoff,2023-05-24,2023-04-27,2023-04-27,,2023-04-27,65.86,0
yellow freight abilene,TX,48.0,4.0,layoff,layoff,,,2023-07-28,,2023-07-28,65.64,0
phillips tool die inc dba busy bee tooling,CA,33.0,7.0,closure permanent,closure,2023-10-20,2023-09-14,2023-12-12,,2023-12-12,65.63,0
apct,CT,33.0,50.0,layoff,layoff,,2023-08-16,2023-10-15,,2023-10-15,65.63,0
ingram entertainment,MD,42.0,14.0,closure,closure,,2023-06-06,2023-08-18,,2023-08-18,65.68,0
university of southern california hc2,CA,62.0,1.0,layoff permanent,layoff,2025-09-15,2025-09-14,2025-10-03,,2025-10-03,65.63,0
farmers group,CA,52.0,62.0,layoff permanent,layoff,2025-08-21,2025-08-19,2025-10-20,,2025-10-20,65.74,0
henry mayo newhall hospital,CA,62.0,107.0,layoff permanent,layoff,2023-07-10,2023-06-12,2023-08-12,,2023-08-12,66.02,1
hgs usa,FL,54.0,1.0,layoff,layoff,,2026-02-04,2026-03-31,2026-03-31,2026-03-31,65.62,0
fresno economic opportunities commission 1189 martin st,CA,62.0,33.0,layoff temporary,layoff,2025-11-03,2025-10-31,2026-01-01,,2026-01-01,65.63,0
biolyst scientific,PA,32.0,76.0,closure,closure,,,2026-01-12,2026-01-26,2026-01-12,65.87,0
flagship facility services inc at meta platforms,CA,56.0,34.0,layoff permanent,layoff,2023-01-10,2023-01-03,2023-03-06,,2023-03-06,65.63,0
everest insurance,IL,52.0,37.0,layoff,layoff,2025-12-22,2025-12-22,2026-03-31,,2026-03-31,65.66,0
brookfield properties usa ii,CA,53.0,9.0,layoff permanent,layoff,2024-02-08,2024-01-25,2024-04-01,,2024-04-01,65.63,0
boston scientific,CA,33.0,23.0,layoff permanent,layoff,2025-06-10,2025-06-10,2025-08-02,,2025-08-02,65.63,0
centerra group,CA,62.0,67.0,layoff permanent,layoff,2023-11-08,2023-08-10,2023-09-30,,2023-09-30,65.78,0
hollister multispecialty center,CA,62.0,8.0,closure permanent,closure,2023-01-23,2022-12-19,2023-02-18,,2023-02-18,65.63,0
nob hill foods,CA,44.0,50.0,closure permanent,closure,2026-03-25,2026-03-23,2026-05-29,,2026-05-29,65.63,0
briggs stratton billy goat facilities,MO,33.0,90.0,closure,closure,,2025-04-30,2025-07-02,,2025-07-02,65.89,0
wells fargo,IA,52.0,41.0,amendment - additional employees,amendment,,2025-04-29,2025-06-29,,2025-06-29,65.7,0
charter communications,SC,51.0,132.0,layoff,layoff,,2024-06-28,2024-08-27,,2024-08-27,66.12,1
cygnus home service llc dba yelloh,NC,45.0,9.0,closure,closure,2023-10-25,2023-10-25,2024-01-27,,2024-01-27,65.61,0
spotify usa,CA,51.0,44.0,layoff permanent,layoff,2024-01-17,2023-12-05,2024-03-04,,2024-03-04,65.63,0
cornerstone building brands,NJ,33.0,86.0,layoff,layoff,,2024-09-13,,,2024-09-13,65.87,0
gxo logistics supply chain,CA,49.0,61.0,closure permanent,closure,2023-08-07,2023-07-03,2023-09-03,,2023-09-03,65.73,0
amazon lax78,CA,45.0,65.0,layoff permanent,layoff,2025-10-29,2025-10-28,2026-01-26,,2026-01-26,65.76,0
illumina,CA,54.0,1.0,layoff permanent,layoff,2023-02-01,2023-01-23,2023-03-24,,2023-03-24,65.63,0
johns hopkins university historic east baltimore community action coalition hebcac,MD,62.0,20.0,mass layoff update: university advised that most employees will be reemployed by hebcac at the same facility,mass_layoff,,2025-09-02,2025-11-03,,2025-11-03,65.68,0
itc federal,VT,54.0,60.0,layoff,layoff,,2025-09-30,,,2025-09-30,65.61,0
university of southern california,CA,62.0,14.0,layoff permanent,layoff,2024-07-31,2024-07-26,2024-10-01,,2024-10-01,65.63,0
logistics insight,AL,48.0,122.0,layoff,layoff,,2023-03-29,2023-05-26,,2023-05-26,66.05,1
fedex ground package system,CA,49.0,149.0,closure permanent,closure,2023-02-15,2023-02-02,2023-04-03,,2023-04-03,66.19,1
ag mart produce,FL,11.0,4.0,layoff,layoff,,2023-07-18,2023-05-03,2024-02-29,2023-05-03,65.62,0
inoac exterior systems,OH,32.0,1.0,closure,closure,2025-05-14,,2025-07-13,,2025-07-13,65.59,0
yellow,NC,52.0,13.0,closure,closure,2023-08-01,2023-07-30,2023-07-30,,2023-07-30,69.0,1
amentum,MD,56.0,27.0,layoff,layoff,,2026-03-09,2026-05-03,,2026-05-03,65.68,0
depuy spine lp johnson johnson,CO,33.0,67.0,closure,closure,,2023-10-30,2023-12-29,2023-01-11,2023-12-29,65.77,0
unilever,NJ,31.0,149.0,layoff,layoff,,2024-12-31,,,2024-12-31,66.15,1
planned parenthood orange and san bernardino counties inc 1421,CA,62.0,8.0,layoff permanent,layoff,2025-10-13,2025-10-13,2025-12-13,,2025-12-13,65.63,0
cabinet door service,OR,33.0,60.0,layoff,layoff,,2024-11-22,,,2024-11-22,65.78,0
simplyioa,GA,52.0,65.0,permanent layoff / reduction in force,layoff,,,2025-12-02,,2025-12-02,65.84,0
at t,NJ,51.0,29.0,layoff,layoff,,2023-11-23,,,2023-11-23,65.58,0
ratp dev and midtown group,DC,,52.0,closure,closure,,2025-10-29,2026-01-03,,2026-01-03,65.58,0
splash cafe inc dba splash cafe artisan bakery,CA,72.0,29.0,closure permanent,closure,2023-09-29,2023-08-29,2023-10-31,,2023-10-31,65.63,0
tesla,CA,33.0,6.0,layoff permanent,layoff,2024-04-25,2024-04-22,2024-06-14,,2024-06-14,65.63,0
showa best glove,AL,31.0,128.0,layoff,layoff,,2023-05-24,2023-07-28,,2023-07-28,66.08,1
epic games,CA,51.0,34.0,layoff permanent,layoff,2024-03-07,2023-09-28,2023-10-02,,2023-10-02,65.63,0
good sports plus ltd dba arc,CA,61.0,4.0,layoff permanent,layoff,2026-04-03,2026-04-02,2026-06-04,,2026-06-04,65.63,0
equus workforce solutions alpha rd arbor e t,TX,56.0,17.0,layoff,layoff,,,2025-09-30,,2025-09-30,65.64,0
marvell semiconductor,CA,33.0,4.0,layoff permanent,layoff,2023-04-03,2023-03-22,2023-05-22,,2023-05-22,65.63,0
apple,CA,33.0,52.0,layoff permanent,layoff,2024-04-02,2024-03-28,2024-05-27,,2024-05-27,65.65,0
western power sports,CA,42.0,2.0,layoff permanent,layoff,2024-06-14,2024-06-14,2024-08-16,,2024-08-16,65.63,0
wayforth,MD,56.0,76.0,layoff,layoff,,2023-08-16,2023-08-18,,2023-08-18,65.9,1
takeda pharmaceuticals usa,MA,32.0,45.0,layoff,layoff,2024-10-15,,,,2024-10-15,65.63,0
burger king willmar,MN,72.0,1.0,closure,closure,,,2023-04-12,,2023-04-12,65.65,0
clarion management,CA,56.0,1.0,closure permanent,closure,2025-02-19,2025-02-18,2025-04-20,,2025-04-20,65.63,0
actavis laboratories,UT,32.0,109.0,layoff,layoff,,2023-10-02,,,2023-10-02,66.06,1
cyngus home services llc dba yelloh,KY,51.0,3.0,closure,closure,2023-12-01,,2024-01-27,,2024-01-27,65.61,0
hawthorne hydroponics llc an affiliate of the scotts,CA,42.0,76.0,closure permanent,closure,2023-04-17,2023-04-04,2023-06-04,,2023-06-04,65.84,0
newark group,CA,32.0,74.0,closure permanent,closure,2023-10-11,2023-09-06,2023-11-15,,2023-11-15,65.83,0
condair operations,TX,33.0,51.0,layoff,layoff,,,2025-11-03,,2025-11-03,65.66,0
southstate bank,TX,52.0,141.0,layoff,layoff,,,2025-05-31,,2025-05-31,66.19,1
hcl,FL,,98.0,layoff,layoff,,2026-02-17,2026-04-20,2026-11-15,2026-04-20,65.97,1
summit technical solutions,ND,,53.0,layoff,layoff,,2023-02-15,2023-03-01,2023-04-30,2023-03-01,65.76,0
block,MN,51.0,4.0,layoff,layoff,2024-01-30,2024-01-30,2024-03-30,,2024-03-30,65.65,0
zeco systems inc dba shell recharge solutions,MD,33.0,3.0,layoff,layoff,,2025-08-19,2025-10-31,,2025-10-31,65.68,0
advance stores company incorporated and its subsidiary golden state supply,CA,44.0,13.0,closure permanent,closure,2024-11-15,2024-11-14,2025-03-08,,2025-03-08,65.63,0
google 1160,CA,51.0,4.0,layoff permanent,layoff,2025-09-30,2025-09-29,2025-11-09,,2025-11-09,65.63,0
omega motion,MS,33.0,130.0,closure,closure,,2024-01-25,2024-03-19,,2024-03-19,66.08,1
smbc manubank,UT,52.0,1.0,layoff,layoff,,2026-01-08,,,2026-01-08,65.66,0
sun nuclear,WI,,39.0,closure,closure,,2024-06-25,2024-08-30,,2024-08-30,65.64,0
chan zuckerberg initiative,CA,54.0,38.0,layoff permanent,layoff,2026-01-30,2026-01-29,2026-03-30,,2026-03-30,65.63,0
mcmichael mills,NC,31.0,81.0,closure,closure,2024-02-13,2024-02-13,2024-04-27,,2024-04-27,65.87,0
yelloh,MO,,1.0,closure,closure,,2023-11-09,2023-12-05,,2023-12-05,65.59,0
thermo fisher scientific,CA,33.0,74.0,layoff permanent,layoff,2023-12-22,2023-11-15,2024-02-01,,2024-02-01,65.83,0
kaiser foundation hospitals 91101,CA,62.0,3.0,layoff permanent,layoff,2025-04-23,2025-04-21,2025-04-21,,2025-04-21,65.63,0
legacy toys moa,MN,45.0,1.0,closure,closure,,,2024-07-31,,2024-07-31,65.65,0
washington prime group,OH,53.0,139.0,layoff,layoff,2025-04-02,,2025-06-02,2026-03-31,2025-06-02,66.12,1
first student,MO,48.0,105.0,layoff,layoff,,2024-04-30,2024-06-30,,2024-06-30,65.97,1
bloom energy,CA,33.0,34.0,layoff permanent,layoff,2023-10-23,2023-09-16,2023-09-16,,2023-09-16,65.63,0
saks,CA,45.0,58.0,closure permanent,closure,2026-03-06,2026-03-06,2026-05-06,,2026-05-06,65.7,0
pixelogic media partners,CA,51.0,91.0,layoff permanent,layoff,2024-06-18,2024-06-11,2024-06-12,,2024-06-12,65.94,1
webster post acute,IA,62.0,51.0,closing,closure,,2023-02-07,2023-03-15,,2023-03-15,65.71,0
macy s,PA,45.0,128.0,closure,closure,,,2025-03-18,2025-03-31,2025-03-18,66.14,1
gallo sales,CA,42.0,23.0,closure permanent,closure,2023-01-19,2023-01-10,2023-03-12,,2023-03-12,65.63,0
crown cork seal usa,IL,33.0,40.0,closing,closure,2024-01-19,2024-01-19,2024-03-08,,2024-03-08,65.66,0
lost boys interactive,MN,51.0,3.0,layoff,layoff,2024-01-16,2024-01-16,2024-03-15,,2024-03-15,65.65,0
mountain sports llc d b a eastern mountain sports,CT,45.0,48.0,layoff,layoff,,2024-06-28,2024-07-05,,2024-07-05,66.83,1
bluecross blueshield of tennessee,TN,52.0,150.0,unknown,other,2025-07-02,,2025-09-01,,2025-09-01,66.18,1
fibrogen,CA,32.0,104.0,layoff permanent,layoff,2023-08-23,2023-07-17,2023-09-15,,2023-09-15,66.01,1
aura management,CA,55.0,11.0,closure permanent,closure,2024-04-18,2024-04-18,2024-07-31,,2024-07-31,65.63,0
utiliquest,OH,54.0,24.0,layoff,layoff,2025-01-06,,2025-01-04,2025-01-18,2025-01-04,65.59,0
npr of america,MI,51.0,64.0,closure,closure,,,2025-10-12,,2025-10-12,65.68,0
chevron,CO,21.0,125.0,reduction in force,layoff,,2025-05-02,2025-07-01,2025-07-01,2025-07-01,66.09,1
the hotel del coronado,CA,,82.0,layoff temporary,layoff,2023-11-28,2023-11-01,2024-01-05,,2024-01-05,65.88,0
td bank n a,NJ,52.0,74.0,layoff,layoff,,2026-01-02,,,2026-01-02,65.79,0
panera,GA,,86.0,permanent layoff / reduction in force,layoff,,,2024-11-15,,2024-11-15,65.99,1
cygnus home services llc d b a yelloh,IA,45.0,8.0,closing,closure,,2024-09-23,2024-11-22,,2024-11-22,65.7,0
bamboo group operations llc dba bamboo sushi,CA,72.0,40.0,closure permanent,closure,2023-10-19,2023-09-14,2023-11-14,,2023-11-14,65.63,0
concordia university,MI,61.0,41.0,layoff,layoff,,,2025-05-31,,2025-05-31,65.55,0
wellpath healthcare,TN,62.0,64.0,unknown,other,2025-03-31,,2025-04-30,,2025-04-30,65.74,0
hyperloop technologies inc dba hyperloop one,CA,48.0,5.0,layoff permanent,layoff,2023-02-28,2023-02-28,2023-04-25,,2023-04-25,65.63,0
midmark,IL,,53.0,closing,closure,2024-01-24,2024-01-24,2024-03-29,2024-12-31,2024-03-29,65.69,0
at home,NJ,44.0,77.0,layoff,layoff,,2025-09-30,,,2025-09-30,65.81,0
nitto,OH,32.0,147.0,closure,closure,2025-01-08,,2025-03-01,2025-09-30,2025-03-01,66.15,1
cygnus home services llc d b a yelloh,FL,45.0,7.0,layoff,layoff,,2023-10-25,2023-12-15,2023-12-15,2023-12-15,65.62,0
eym chicken of indiana,IN,72.0,193.0,closure,closure,,2024-08-21,2024-08-28,,2024-08-28,66.3,1
us foods,CA,42.0,48.0,closure permanent,closure,2025-07-22,2025-07-22,2025-09-30,,2025-09-30,65.63,0
akebono brake,MI,33.0,48.0,layoff,layoff,,,2025-10-01,,2025-10-01,65.55,0
united piston ring,WI,53.0,60.0,closure,closure,,2026-01-05,2026-03-06,,2026-03-06,65.73,0
hearthside food solutions,CA,31.0,175.0,closure permanent,closure,2025-03-11,2025-02-26,2025-04-27,,2025-04-27,66.28,1
chargepoint,CA,33.0,79.0,layoff permanent,layoff,2023-10-11,2023-09-06,2023-11-06,,2023-11-06,65.86,0
peraton,MD,54.0,35.0,layoff,layoff,,2026-01-14,2026-02-28,,2026-02-28,65.68,0
asv yanmar,MN,33.0,1.0,layoff,layoff,,,2025-08-12,,2025-08-12,65.65,0
prince,WI,,80.0,closure,closure,,2025-12-19,2026-02-19,,2026-02-19,65.88,0
trilink biotechnologies llc 10247,CA,54.0,11.0,layoff permanent,layoff,2025-08-08,2025-08-08,2025-10-06,,2025-10-06,65.63,0
emergent biosolutions,MA,32.0,86.0,layoff,layoff,2023-08-08,,2023-10-07,2023-12-07,2023-10-07,65.91,1
exo s,IN,32.0,56.0,layoff,layoff,,2023-10-12,2023-10-15,,2023-10-15,65.65,0
rooster teeth productions llc ii,TX,51.0,6.0,layoff,layoff,,,2024-06-08,,2024-06-08,65.64,0
a dubs,MN,72.0,7.0,closure,closure,,,2024-04-11,,2024-04-11,65.65,0
cvs health,CA,44.0,6.0,closure permanent,closure,2025-06-11,2025-05-24,2025-07-08,,2025-07-08,65.63,0
lignetics,OR,32.0,8.0,layoff,layoff,,2024-05-10,,,2024-05-10,65.69,0
kaiser foundation hospitals,CA,62.0,21.0,layoff permanent,layoff,2023-10-03,2023-09-12,2023-11-10,,2023-11-10,65.63,0
value village thrift stores,MD,45.0,42.0,"plant closure update: there are 5 maryland locations. new owner is expected to hire all workers, with the exception of 46 workers, due to transportation issues",closure,,2025-12-19,2026-02-21,,2026-02-21,65.68,0
google us sfo ferry,CA,51.0,3.0,layoff permanent one ferry building  san,layoff,2024-05-08,2024-04-29,2024-06-09,,2024-06-09,65.63,0
southwest key programs inc casa rio grande,TX,,3.0,layoff,layoff,,,2025-10-05,,2025-10-05,65.64,0
el loro mexican restaurant savage,MN,72.0,50.0,closure,closure,,,2024-05-01,,2024-05-01,65.65,0
health alliance medical plans,NC,52.0,50.0,layoff,layoff,2025-06-02,2025-05-08,2025-07-08,,2025-07-08,65.61,0
right at school llc green valley middle,CA,61.0,5.0,closure permanent,closure,2025-04-10,2025-04-09,2025-06-09,,2025-06-09,65.63,0
amsted rail,IL,33.0,74.0,layoff,layoff,2025-04-30,2025-04-30,2025-07-04,2025-07-04,2025-07-04,65.87,0
unfi,RI,42.0,121.0,layoff,layoff,2024-11-21,2024-11-21,2025-01-24,,2025-01-24,65.99,1
danimer scientific extrusion,KY,32.0,11.0,closure,closure,2025-03-18,,2025-03-21,,2025-03-21,65.61,0
wellspace health,CA,62.0,9.0,layoff permanent,layoff,2024-05-15,2024-04-25,2024-06-30,,2024-06-30,65.63,0
801 fish mpls,MN,72.0,37.0,closure,closure,,,2025-05-12,,2025-05-12,65.65,0
cj logistics america,GA,49.0,25.0,closure,closure,,,2025-01-06,,2025-01-06,65.71,0
dwyer instruments,IN,33.0,55.0,closure,closure,,2023-10-29,2024-03-24,,2024-03-24,65.64,0
cruise llc 333,CA,33.0,14.0,layoff permanent,layoff,2025-04-17,2025-04-16,2025-04-16,,2025-04-16,65.63,0
keplr vision,IL,62.0,100.0,layoff,layoff,2024-07-09,2024-07-09,2024-09-07,,2024-09-07,66.02,1
salesforce,CA,51.0,49.0,layoff permanent,layoff,2023-01-06,2023-01-04,2023-03-24,,2023-03-24,65.63,0
c e gp specialists,CA,32.0,16.0,closure permanent,closure,2024-01-12,2023-12-11,2024-01-05,,2024-01-05,65.63,0
kunzler,PA,31.0,193.0,closure,closure,,,2024-12-07,,2024-12-07,66.36,1
church world service,TX,81.0,63.0,layoff,layoff,,,2025-02-03,,2025-02-03,65.77,0
anderton machining,MI,33.0,41.0,closure,closure,,,2025-12-31,,2025-12-31,65.55,0
fig leasing co inc a subsidiary of farmers group,CA,53.0,130.0,layoff permanent,layoff,2024-10-31,2024-10-31,2024-12-31,,2024-12-31,66.12,1
intel,CA,33.0,75.0,layoff permanent,layoff,2024-05-01,2024-04-18,2024-05-31,,2024-05-31,65.84,0
advance stores company incorporated and its subsidiary golden state supply,CA,44.0,9.0,closure permanent,closure,2024-11-15,2024-11-14,2025-02-26,,2025-02-26,65.63,0
fresenius usa mfg,WI,33.0,41.0,layoff,layoff,,2026-01-28,2026-04-10,,2026-04-10,65.64,0
dhl distribution,WI,49.0,32.0,closure,closure,,2024-08-30,2025-02-28,,2025-02-28,65.64,0
becton dickinson and,CA,33.0,26.0,layoff permanent,layoff,2023-11-30,2023-10-04,2023-10-30,,2023-10-30,65.63,0
saks company llc saks fifth avenue store,VA,45.0,70.0,closure,closure,,2026-03-06,2026-05-06,,2026-05-06,65.73,0
rooster teeth production,TX,51.0,133.0,layoff,layoff,,,2024-05-11,,2024-05-11,66.15,1
elevance health,CA,52.0,59.0,layoff permanent,layoff,2024-10-15,2024-10-14,2024-10-18,,2024-10-18,65.71,0
ge united technologies,CA,,188.0,closure permanent,closure,2024-01-03,2023-11-21,2023-11-21,,2023-11-21,66.32,1
artisans,WI,33.0,46.0,closure,closure,,2026-03-18,2026-03-31,,2026-03-31,65.64,0
healthhelp nurse triage 24,SC,62.0,1.0,closure,closure,,2023-01-23,2023-03-24,,2023-03-24,65.61,0
maxar space,CA,33.0,31.0,layoff permanent,layoff,2024-10-15,2024-10-15,2024-10-18,,2024-10-18,65.63,0
the joseph a bank mfg,MD,,51.0,closure,closure,,2023-01-31,2023-04-04,,2023-04-04,65.69,0
cygnus home service llc dba yelloh,CA,45.0,9.0,closure permanent,closure,2023-12-01,2023-10-09,2023-10-20,,2023-10-20,65.63,0
lost boys interactive,SC,51.0,1.0,layoff,layoff,,2024-09-09,2024-09-09,,2024-09-09,65.61,0
daimler truck north america,NC,31.0,33.0,layoff,layoff,2025-07-11,2025-07-11,2025-09-09,,2025-09-09,65.61,0
burger king fergus falls,MN,72.0,1.0,closure,closure,,,2023-04-12,,2023-04-12,65.65,0
visa,CA,52.0,26.0,layoff permanent,layoff,2024-11-01,2024-11-01,2025-01-03,,2025-01-03,65.63,0
point quest,CA,61.0,66.0,layoff permanent,layoff,2025-09-24,2025-09-23,2025-09-22,,2025-09-22,65.77,0
google,CA,51.0,18.0,layoff permanent,layoff,2023-01-23,2023-01-20,2023-03-31,,2023-03-31,65.63,0
s s activewear,GA,42.0,114.0,closure,closure,,,2025-12-04,,2025-12-04,66.14,1
si group,SC,32.0,74.0,layoff,layoff,,2024-06-26,2024-09-01,2025-03-01,2024-09-01,65.82,0
simmons animal nutrition,MO,31.0,151.0,closure,closure,,2025-12-04,2026-01-31,,2026-01-31,66.16,1
agile physical therapy sutter health sunnyvale center 301 physical therapy,CA,62.0,4.0,layoff permanent,layoff,2025-09-26,2025-09-12,2025-11-14,,2025-11-14,65.63,0
southern pacpizza dba pizza hut 029228,CA,72.0,8.0,layoff permanent,layoff,2024-01-24,2023-12-14,2024-02-17,,2024-02-17,65.63,0
cygnus home service llc schwans home services yelloh louisville,KY,45.0,11.0,layoff,layoff,2024-09-23,,2024-11-22,,2024-11-22,65.61,0
dan kelly s pub mpls,MN,33.0,1.0,closure,closure,,,2025-05-31,,2025-05-31,65.65,0
trulieve,MA,31.0,90.0,layoff,layoff,2023-06-01,,2023-07-31,2023-12-31,2023-07-31,65.93,1
salon centric,AL,42.0,79.0,closure,closure,,2026-01-13,2026-06-30,,2026-06-30,65.82,0
biomerieux,CA,32.0,121.0,closure permanent,closure,2025-12-11,2025-12-09,2026-04-03,,2026-04-03,66.09,1
smile direct club,MN,62.0,1.0,closure,closure,,,2023-12-01,,2023-12-01,65.65,0
solgen power llc dba purelight power,OR,23.0,109.0,layoff,layoff,,2025-12-23,,,2025-12-23,66.09,1
david s bridal,CA,44.0,38.0,layoff permanent,layoff,2023-07-05,2023-04-25,2023-09-02,,2023-09-02,65.63,0
international vitamin,PA,31.0,203.0,closure,closure,,,2023-06-02,,2023-06-02,66.38,1
walmart,IL,,83.0,closing,closure,2023-04-14,2023-04-14,2023-04-11,2023-08-11,2023-04-11,65.93,1
pave it forward logistics,TN,48.0,100.0,unknown,other,2026-04-15,,2026-03-31,,2026-03-31,65.97,1
pioneer memorial,MN,62.0,60.0,closure,closure,,,2023-05-05,,2023-05-05,65.75,0
sportsbook,PA,71.0,31.0,closure,closure,,,2024-10-12,,2024-10-12,65.65,0
catholic charities archdiocese of galveston houston cabrini cfla collins road,TX,62.0,2.0,layoff,layoff,,,2025-03-31,,2025-03-31,65.64,0
fm restaurants hq,CA,72.0,62.0,closure permanent,closure,2024-02-22,2024-02-22,2024-04-16,,2024-04-16,65.74,0
mcdonald plastic molding,WI,32.0,28.0,closure,closure,,2025-05-28,2025-06-27,,2025-06-27,65.64,0
land o lakes,CA,31.0,5.0,closure permanent,closure,2023-01-10,2023-01-06,2023-03-07,,2023-03-07,65.63,0
tgh employees llc dba the highlight room,CA,72.0,134.0,closure permanent,closure,2024-11-12,2024-11-12,2025-01-15,,2025-01-15,66.14,1
east coast migrant head start project ecmhsp,NC,61.0,55.0,closure,closure,2025-10-22,2025-10-17,2025-11-01,,2025-11-01,65.66,0
kaiser foundation hospitals,CA,62.0,1.0,layoff permanent,layoff,2025-02-25,2025-02-24,2025-04-25,,2025-04-25,65.63,0
linkedin,CA,51.0,5.0,layoff permanent,layoff,2024-01-19,2023-12-15,2023-12-15,,2023-12-15,65.63,0
luke holdings inc eagle pass,TX,,129.0,layoff,layoff,,,2025-02-28,,2025-02-28,66.14,1
td synnex,AZ,42.0,71.0,layoff,layoff,,2023-09-18,,,2023-09-18,65.83,0
jcpenney coon rapids 2024,MN,45.0,1.0,closure,closure,,,2024-08-01,,2024-08-01,65.65,0
warner music inc 777,CA,51.0,32.0,layoff permanent,layoff,2025-10-14,2025-10-14,2025-12-24,,2025-12-24,65.63,0
meta platforms,CA,51.0,26.0,layoff permanent,layoff,2023-05-08,2023-04-24,2023-06-23,,2023-06-23,65.63,0
cygnus home service,WI,81.0,8.0,closure,closure,,2024-09-23,2024-11-22,,2024-11-22,65.64,0
ceryx management llc figueroa,CA,53.0,8.0,layoff permanent,layoff,2025-11-07,2025-10-31,2025-10-03,,2025-10-03,65.63,0
southwest key programs casa montezuma,TX,62.0,1.0,layoff,layoff,,,2025-11-05,,2025-11-05,65.64,0
unitypoint health,IA,51.0,1.0,mass layoff,mass_layoff,,2026-04-14,2026-07-24,,2026-07-24,65.7,0
fish market restaurants,CA,72.0,49.0,closure permanent,closure,2023-08-23,2023-07-14,2023-09-14,,2023-09-14,65.63,0
ig design group americas,IL,32.0,150.0,closing,closure,2025-06-27,2025-06-27,2025-08-26,2025-08-26,2025-08-26,66.24,1
cnc logistics,MI,48.0,75.0,closure,closure,,,2025-08-27,,2025-08-27,65.76,0
illumina inc worldwide headquarters,CA,54.0,4.0,layoff permanent,layoff,2026-01-23,2026-01-14,2026-03-16,,2026-03-16,65.63,0
zones,CA,42.0,3.0,layoff permanent,layoff,2024-06-12,2024-06-12,2024-08-11,,2024-08-11,65.63,0
decatur rehab and health care center,IL,62.0,57.0,closing,closure,2024-11-01,2024-11-01,2024-11-30,2025-02-01,2024-11-30,65.73,0
heritage on the marina,CA,62.0,17.0,layoff permanent,layoff,2023-01-10,2023-01-04,2023-03-10,,2023-03-10,65.63,0
security industry specialists,CA,,87.0,layoff permanent,layoff,2023-03-17,2023-02-24,2023-04-28,,2023-04-28,65.91,1
tough turtle turf,NV,,55.0,closure,closure,2024-12-18,2024-12-18,2024-12-17,,2024-12-17,65.73,0
barrette outdoor living,NY,33.0,93.0,economic,other,,2025-02-03,2025-05-05,2025-12-31,2025-05-05,66.08,1
first savings bank,MO,52.0,1.0,layoff,layoff,,2023-10-03,2023-11-30,,2023-11-30,65.59,0
el rodeo,MN,72.0,1.0,layoff,layoff,,,2026-01-16,,2026-01-16,65.65,0
hrl laboratories,CA,54.0,35.0,layoff permanent,layoff,2026-02-04,2026-02-03,2026-04-03,,2026-04-03,65.63,0
progressus therapy,GA,61.0,79.0,closure,closure,,,2023-08-18,,2023-08-18,65.95,1
durham school services brenham,TX,48.0,81.0,layoff,layoff,,,2023-07-31,,2023-07-31,65.9,1
updated alerislife,MA,33.0,179.0,layoff,layoff,2025-09-30,,2025-11-03,2026-03-31,2025-11-03,66.29,1
levy premium foodservice limited partnership,CA,72.0,124.0,closure permanent,closure,2024-04-09,2024-04-09,2024-06-30,,2024-06-30,66.1,1
brasscraft manufacturing,CA,33.0,137.0,closure permanent,closure,2023-06-05,2023-05-09,2023-12-31,,2023-12-31,66.15,1
wells fargo chief operating office global operations business unit,ID,52.0,56.0,layoff,layoff,,2024-09-24,2024-12-10,2025-02-04,2024-12-10,65.72,0
immunity bio,CO,54.0,48.0,streamline operations,other,,2023-08-18,2023-10-17,2023-10-17,2023-10-17,66.82,1
nordstrom credit bank,CO,52.0,14.0,reduction in force,layoff,,2025-11-20,2026-02-01,2026-04-01,2026-02-01,65.62,0
pgt industries llc s,FL,33.0,60.0,layoff,layoff,,2025-09-02,2025-11-01,2026-07-30,2025-11-01,65.72,0
st anne s home,CA,62.0,64.0,closure permanent,closure,2025-02-04,2025-02-03,2025-04-08,,2025-04-08,65.75,0
design group americas and red lion,MD,31.0,70.0,closure,closure,,2025-06-30,2025-08-26,,2025-08-26,65.86,0
amazon fresh,IL,44.0,132.0,closing,closure,2026-01-28,2026-01-28,2026-04-28,,2026-04-28,66.17,1
meta platforms,CA,51.0,15.0,layoff permanent,layoff,2023-05-08,2023-04-24,2023-06-23,,2023-06-23,65.63,0
communications test design,CA,54.0,83.0,layoff permanent,layoff,2024-10-01,2024-10-01,2024-12-02,,2024-12-02,65.89,0
noble house home furnishings llc gdf outlet,CA,44.0,7.0,closure permanent,closure,2023-10-18,2023-09-11,2023-10-31,,2023-10-31,65.63,0
international business machines corporation ibm,NC,54.0,72.0,layoff,layoff,2025-03-25,2025-03-25,2025-05-30,,2025-05-30,65.8,0
walmart,CA,,125.0,closure permanent,closure,2024-01-29,2024-01-12,2024-04-19,,2024-04-19,66.1,1
steward health care system hillside rehabilitation hospital,OH,62.0,2.0,layoff,layoff,2024-08-21,,2024-10-20,,2024-10-20,65.59,0
flagstar bank n a,MI,52.0,40.0,layoff,layoff,,,2025-06-08,,2025-06-08,65.55,0
cepheid,CA,32.0,2.0,layoff permanent,layoff,2024-07-31,2024-07-24,2024-09-27,,2024-09-27,65.63,0
science systems and applications inc ssai,MD,54.0,79.0,layoff,layoff,,2025-07-07,2025-08-31,,2025-08-31,65.92,1
management training corporation sanders estes unit,TX,92.0,120.0,layoff,layoff,,,2023-08-31,,2023-08-31,66.1,1
bering global solutions bgs,VA,54.0,108.0,layoff,layoff,,2026-03-18,2026-06-30,,2026-06-30,65.96,1
herbalife international of america,CA,31.0,40.0,layoff permanent,layoff,2023-03-15,2023-03-13,2023-04-28,,2023-04-28,65.63,0
prisma health,SC,62.0,61.0,layoff,layoff,,2023-07-13,2023-08-31,,2023-08-31,65.72,0
hunterdon brewing,NJ,33.0,143.0,layoff,layoff,,2023-12-01,,,2023-12-01,66.13,1
flexport,CA,48.0,121.0,layoff permanent,layoff,2023-01-11,2023-01-11,2023-03-13,,2023-03-13,66.09,1
walmart,IL,,111.0,closing,closure,2026-03-27,2026-03-27,2026-05-29,2026-05-29,2026-05-29,66.08,1
pacpizza dba pizza hut 011728,CA,,4.0,layoff permanent,layoff,2024-01-24,2023-12-14,2024-02-23,,2024-02-23,65.63,0
neovia logistics distribution lp,CA,49.0,145.0,closure permanent,closure,2025-02-20,2025-02-20,2025-04-20,,2025-04-20,66.18,1
shadow holdings llc dba bright innovation labs,CA,,7.0,closure permanent,closure,2024-05-24,2024-05-24,2024-07-26,,2024-07-26,65.63,0
amazon sna17,CA,45.0,12.0,layoff permanent,layoff,2025-10-29,2025-10-28,2026-01-26,,2026-01-26,65.63,0
bristol myers squibb,NJ,32.0,108.0,layoff,layoff,,2023-11-02,,,2023-11-02,65.99,1
edwards lifesciences,CA,33.0,1.0,layoff permanent east alton pkwy  santa,layoff,2024-09-04,2024-09-03,2024-11-08,,2024-11-08,65.63,0
materia group,FL,,77.0,layoff,layoff,,2025-07-28,2025-08-01,2025-10-01,2025-08-01,65.85,0
crc ed treatment llc montecatini inc 2524,CA,62.0,79.0,closure permanent,closure,2025-09-16,2025-09-09,2025-11-08,,2025-11-08,65.86,0
quality custom distribution,TX,,57.0,layoff,layoff,,,2024-09-27,,2024-09-27,65.71,0
sodexo shenandoah university winchester va 22601,VA,72.0,119.0,closure,closure,,2024-04-30,2024-05-31,,2024-05-31,66.01,1
agc biologics,OR,32.0,1.0,layoff,layoff,,2025-09-16,,,2025-09-16,65.69,0
wells fargo,CA,52.0,21.0,layoff permanent,layoff,2026-02-20,2026-02-20,2026-04-21,,2026-04-21,65.63,0
altony s italian cafe and wine bar,MN,72.0,1.0,closure,closure,,,2024-07-12,,2024-07-12,65.65,0
true value,MO,44.0,50.0,closure,closure,,2025-02-10,2025-04-08,,2025-04-08,65.59,0
boardwalk bar grill,MN,72.0,11.0,closure,closure,,,2023-01-01,,2023-01-01,65.65,0
kaiser foundation hospitals,CA,62.0,1.0,layoff permanent,layoff,2025-08-19,2025-08-18,2025-08-04,,2025-08-04,65.63,0
republic national distributing,CA,42.0,60.0,layoff permanent,layoff,2025-01-09,2025-01-07,2025-03-08,,2025-03-08,65.72,0
kings garden,CA,11.0,3.0,layoff permanent,layoff,2023-10-02,2023-08-09,2023-10-06,,2023-10-06,65.63,0
stachs,CA,54.0,29.0,layoff permanent,layoff,2024-10-22,2024-10-16,2024-12-31,,2024-12-31,65.63,0
paramount global,CA,32.0,193.0,layoff permanent,layoff,2024-08-16,2024-08-16,2024-10-12,,2024-10-12,64.0,0
association member benefits advisor,IA,52.0,46.0,mass layoff,mass_layoff,,2023-04-06,2023-05-12,,2023-05-12,65.7,0
management training corporation lindsey state jail,TX,92.0,117.0,layoff,layoff,,,2025-08-31,,2025-08-31,66.09,1
center point inc 300 prison,CA,62.0,20.0,layoff permanent,layoff,2025-05-02,2025-04-28,2025-06-30,,2025-06-30,65.63,0
mccray laboratory,CA,54.0,2.0,closure permanent,closure,2023-01-23,2022-12-19,2023-02-18,,2023-02-18,65.63,0
ican b,CA,62.0,7.0,closure permanent,closure,2023-01-31,2023-01-24,2023-04-28,,2023-04-28,65.63,0
vimo inc dba getinsured,WV,54.0,1.0,layoff,layoff,,2024-12-20,2024-12-06,,2024-12-06,65.48,0
spectra labs,NJ,,96.0,layoff,layoff,,2025-12-17,,,2025-12-17,65.92,1
aramark christus spohn shoreline,TX,72.0,116.0,layoff,layoff,,,2023-10-31,,2023-10-31,66.08,1
greenbrier manufacturing,MO,33.0,94.0,layoff,layoff,,2026-01-22,2026-03-24,,2026-03-24,65.92,1
lamps plus,CA,44.0,3.0,closure permanent,closure,2025-05-09,2025-05-07,2025-07-06,,2025-07-06,65.63,0
tattooed chef 6304,CA,31.0,1.0,closure permanent,closure,2023-08-03,2023-06-29,2023-08-28,,2023-08-28,65.63,0
sunrun mesa,AZ,,80.0,layoff,layoff,,2023-06-30,,,2023-06-30,65.89,0
national fire safety,TX,,99.0,layoff,layoff,,,2024-12-16,,2024-12-16,66.0,1
ilc dover,DE,33.0,41.0,layoff,layoff,,2023-04-26,,,2023-04-26,65.56,0
amazon fresh,IL,44.0,132.0,closing,closure,2026-01-28,2026-01-28,2026-04-28,,2026-04-28,66.17,1
blue shield of california,CA,52.0,1.0,layoff permanent,layoff,2024-10-03,2024-10-02,2024-12-11,,2024-12-11,65.63,0
sunpower,CA,,11.0,layoff permanent,layoff,2024-07-29,2024-07-26,2024-09-24,,2024-09-24,65.63,0
99 cents only stores,CA,45.0,50.0,closure permanent,closure,2024-04-16,2024-04-04,2024-06-03,,2024-06-03,65.63,0
pacpizza dba pizza hut 032516,CA,,5.0,layoff permanent,layoff,2024-01-24,2023-12-14,2024-02-17,,2024-02-17,65.63,0
99 cents only stores,CA,45.0,52.0,closure permanent,closure,2024-04-16,2024-04-04,2024-06-03,,2024-06-03,65.65,0
aspiration partners,OR,52.0,3.0,other,other,,2023-05-24,,,2023-05-24,65.69,0
frontpoint llc primary home health care,TX,62.0,53.0,layoff,layoff,,,2024-03-11,,2024-03-11,65.68,0
walmart,AL,,80.0,closure,closure,,2024-12-05,2024-12-20,,2024-12-20,65.83,0
applovin,CA,51.0,61.0,layoff permanent,layoff,2024-08-14,2024-08-14,2024-08-15,,2024-08-15,65.73,0
wescom financial,CA,52.0,1.0,layoff permanent,layoff,2026-02-19,2026-02-19,2026-04-21,,2026-04-21,65.63,0
takeda pharmaceuticals usa,MA,32.0,31.0,layoff,layoff,2024-06-27,,,,2024-06-27,65.63,0
advance stores company incorporated and its subsidiary golden state supply,CA,44.0,13.0,closure permanent,closure,2024-11-15,2024-11-14,2025-03-07,,2025-03-07,65.63,0
cruise,CA,33.0,157.0,layoff permanent,layoff,2025-02-04,2025-02-04,2025-04-05,,2025-04-05,66.22,1
google,CA,51.0,50.0,layoff permanent,layoff,2023-01-23,2023-01-20,2023-03-31,,2023-03-31,65.63,0
yellow,CA,52.0,4.0,closure permanent,closure,2023-08-18,2023-08-01,2023-07-30,,2023-07-30,69.0,1
ericsson,TX,51.0,64.0,layoff,layoff,,,2023-09-29,,2023-09-29,65.77,0
the service companies,NC,56.0,88.0,closure,closure,2024-01-04,2024-01-04,2024-03-04,,2024-03-04,65.91,1
methode electronics,IL,33.0,28.0,layoff,layoff,2023-07-17,2023-07-17,2023-09-11,2024-07-11,2023-09-11,65.66,0
stitch fix,CA,45.0,97.0,layoff permanent,layoff,2023-01-10,2023-01-05,2023-03-06,,2023-03-06,65.97,1
south coast behavioral health,CA,62.0,36.0,closure permanent,closure,2026-04-07,2026-03-30,2026-05-29,,2026-05-29,65.63,0
right at school,CA,61.0,11.0,layoff permanent,layoff,2025-04-09,2025-04-09,2025-06-18,,2025-06-18,65.63,0
vann restaurant on lake minnetonka,MN,72.0,1.0,closure,closure,,,2023-09-01,,2023-09-01,65.65,0
araymond tinnerman manufacturing,KY,56.0,112.0,closure,closure,2025-10-23,,2026-12-31,,2026-12-31,66.03,1
compass group,IL,52.0,21.0,layoff,layoff,2025-07-14,2025-07-14,2025-08-28,2025-08-28,2025-08-28,69.0,1
carbon health medical group,CA,62.0,1.0,layoff permanent,layoff,2024-02-21,2024-01-12,2024-03-12,,2024-03-12,65.63,0
carbon health,CA,62.0,3.0,layoff permanent,layoff,2023-10-18,2023-08-10,2023-10-09,,2023-10-09,65.63,0
total storage solutions beaumont self storage,CA,,3.0,layoff permanent,layoff,2026-03-19,2026-03-12,2026-05-18,,2026-05-18,65.63,0
flex,CA,33.0,31.0,layoff permanent,layoff,2023-12-07,2023-11-07,2024-01-06,,2024-01-06,65.63,0
meta platforms,CA,51.0,74.0,layoff permanent,layoff,2026-04-01,2026-03-30,2026-05-29,,2026-05-29,65.83,0
management training corporation gregory s coleman unit,TX,92.0,135.0,layoff,layoff,,,2025-08-31,,2025-08-31,66.16,1
fellers,IA,42.0,1.0,closing,closure,,2023-06-28,2023-08-31,,2023-08-31,65.7,0
natural fiber welding,IL,,38.0,layoff,layoff,2024-12-10,2024-12-10,2025-02-08,,2025-02-08,65.66,0
national aviation services,NV,,55.0,closure,closure,2024-01-01,2024-01-01,2024-03-01,,2024-03-01,65.73,0
davies uc,TX,,3.0,layoff,layoff,,,2024-05-26,,2024-05-26,65.64,0
microsoft 445 455,CA,,1.0,layoff permanent,layoff,2025-06-02,2025-06-02,2025-08-01,,2025-08-01,65.63,0
schuco usa lllp,CT,33.0,95.0,layoff,layoff,2023-04-03,2023-04-03,2023-06-03,2023-12-31,2023-06-03,65.96,1
divvy homes,NJ,53.0,53.0,layoff,layoff,,2023-11-07,,,2023-11-07,65.61,0
panera,AZ,,64.0,layoff,layoff,,2024-06-13,,,2024-06-13,65.77,0
newbold services,NJ,56.0,36.0,layoff,layoff,,2024-04-06,,,2024-04-06,65.58,0
ascent classical academies of corporate office,CO,61.0,7.0,unforseen - contracts ending,other,,2023-12-28,2023-12-31,2023-12-31,2023-12-31,65.62,0
momento restaurant bar,MN,72.0,19.0,closure,closure,,,2024-03-01,,2024-03-01,65.65,0
tkmomentum inc 251 auburn,CA,54.0,16.0,layoff permanent,layoff,2025-05-05,2025-05-01,2025-06-30,,2025-06-30,65.63,0
united states cellular,IA,51.0,7.0,amendment - change in date,amendment,,2025-06-11,2025-07-01,,2025-07-01,65.7,0
zin technologies,OH,54.0,122.0,layoff,layoff,2024-01-30,,2024-03-31,2024-09-30,2024-03-31,66.05,1
macy s burnsville,MN,45.0,40.0,closure,closure,,,2025-03-18,,2025-03-18,65.65,0
herbalife international of america,CA,31.0,25.0,layoff permanent,layoff,2024-05-14,2024-05-06,2024-05-31,,2024-05-31,65.63,0
saks company llc beachwood,OH,45.0,70.0,closure,closure,2026-03-06,,2026-05-06,2026-05-31,2026-05-06,65.76,0
rplanet earth los angeles,CA,32.0,178.0,closure permanent,closure,2025-10-06,2025-09-05,2025-09-05,,2025-09-05,66.29,1
ferrara candy company 2500,CA,31.0,33.0,layoff permanent,layoff,2026-02-23,2026-02-21,2026-06-01,,2026-06-01,65.63,0
electronic arts,CA,51.0,65.0,layoff permanent,layoff,2023-04-28,2023-04-19,2023-05-19,,2023-05-19,65.76,0
vsp optical group,CA,,57.0,layoff permanent,layoff,2024-05-28,2024-05-28,2024-08-02,,2024-08-02,65.69,0
trilogy plastics,OH,49.0,153.0,closure,closure,2025-07-31,,2025-09-30,2025-10-14,2025-09-30,66.17,1
united states cellular,IA,51.0,7.0,amendment - change in date,amendment,,2025-06-11,2025-07-01,,2025-07-01,65.7,0
genentech,CA,32.0,141.0,layoff permanent,layoff,2026-02-04,2025-06-26,2025-08-18,,2025-08-18,66.17,1
child care associates reagan,TX,62.0,14.0,layoff,layoff,,,2025-06-30,,2025-06-30,65.64,0
sunrun,CA,,10.0,layoff permanent,layoff,2024-01-08,2023-11-14,2024-01-13,,2024-01-13,65.63,0
meta platforms,CA,51.0,122.0,layoff permanent,layoff,2023-06-21,2023-05-29,2023-07-28,,2023-07-28,66.09,1
cor restaurant services llc little blue menu,MD,72.0,91.0,layoff,layoff,,2025-03-14,2025-05-14,,2025-05-14,65.99,1
cargill meat solutions,CA,31.0,141.0,layoff permanent,layoff,2024-06-05,2024-06-05,2024-08-04,,2024-08-04,66.17,1
cruise,CA,33.0,2.0,layoff permanent,layoff,2025-04-01,2025-04-01,2025-04-01,,2025-04-01,65.63,0
equus workforce solutions arlington arbor e t,TX,56.0,4.0,layoff,layoff,,,2025-09-30,,2025-09-30,65.64,0
worthington samuel coil processing,OH,33.0,55.0,closure,closure,2025-02-27,,2025-03-02,2025-03-31,2025-03-02,65.64,0
corsicana mattress,TN,33.0,47.0,unknown,other,2025-04-16,,2025-06-13,,2025-06-13,65.61,0
brown forman cooperage,KY,31.0,210.0,closure,closure,2025-01-22,,2025-04-25,,2025-04-25,66.36,1
red bull north america,CA,31.0,8.0,layoff permanent,layoff,2024-11-14,2024-11-14,2025-02-14,,2025-02-14,65.63,0
project fusion,CA,54.0,22.0,closure permanent,closure,2024-04-16,2024-04-11,2024-06-11,,2024-06-11,65.63,0
peloton interactive,CA,33.0,5.0,closure permanent,closure,2023-06-06,2023-05-22,2023-07-21,,2023-07-21,65.63,0
aura management,CA,55.0,20.0,closure permanent,closure,2024-04-18,2024-04-18,2024-07-11,,2024-07-11,65.63,0
smart final logistics,CA,49.0,194.0,layoff permanent,layoff,2025-02-18,2025-02-18,2025-04-21,,2025-04-21,66.33,1
west liberty foods,IA,31.0,24.0,mass layoff,mass_layoff,,2024-03-28,2024-05-06,,2024-05-06,65.7,0
imcmv lv llc margaritaville,NV,72.0,188.0,closure,closure,2024-03-25,2024-03-25,2024-05-15,,2024-05-15,66.37,1
ironhorse funding,TX,52.0,9.0,layoff,layoff,,,2024-03-08,,2024-03-08,65.64,0
d a consulting services,GA,54.0,22.0,permanent layoff / reduction in force,layoff,,,2025-02-19,,2025-02-19,65.71,0
david s bridal llc houston north the woodlands,TX,44.0,41.0,layoff,layoff,,,2023-07-17,,2023-07-17,65.64,0
tj hale,WI,,64.0,closure,closure,,2026-02-25,2026-02-05,,2026-02-05,65.76,0
stratasys direct,CA,33.0,85.0,closure permanent,closure,2023-01-24,2023-01-20,2023-03-29,,2023-03-29,65.9,1
robert kaufman,CA,31.0,9.0,closure permanent,closure,2025-03-13,2025-03-12,2025-05-24,,2025-05-24,65.63,0
frito lay,MD,31.0,56.0,closure,closure,,2025-05-14,2025-07-12,,2025-07-12,65.74,0
maxar space llc meadow,CA,33.0,8.0,layoff permanent,layoff,2024-02-02,2024-02-01,2024-02-02,,2024-02-02,65.63,0
boeing,CA,33.0,4.0,layoff permanent,layoff,2024-11-15,2024-11-15,2025-01-17,,2025-01-17,65.63,0
polaris,WI,33.0,189.0,closure,closure,,2026-04-21,2026-07-27,,2026-07-27,66.33,1
monroe operations llc dba newport academy,CA,62.0,27.0,closure permanent,closure,2025-10-02,2025-09-30,2025-12-01,,2025-12-01,65.63,0
lost boys interactive,AZ,51.0,1.0,layoff,layoff,,2024-09-09,,,2024-09-09,65.65,0
crafts direct,MN,45.0,50.0,closure,closure,,,2024-04-01,,2024-04-01,65.65,0
lutheran services of iowa,IA,62.0,7.0,mass layoff,mass_layoff,,2023-05-04,2023-07-01,,2023-07-01,65.7,0
david s bridal,CA,44.0,31.0,layoff permanent,layoff,2023-07-03,2023-04-25,2023-09-02,,2023-09-02,65.63,0
lunds byerly s st paul,MN,44.0,17.0,closure,closure,2025-03-28,2025-03-28,2025-03-26,,2025-03-26,65.65,0
kaiser foundation hospitals,CA,62.0,6.0,layoff permanent,layoff,2025-07-29,2025-07-28,2025-07-28,,2025-07-28,65.63,0
aspiration partners,NM,52.0,1.0,layoff,layoff,2023-03-24,2023-03-24,2023-05-23,,2023-05-23,65.78,0
kraton,OH,32.0,91.0,closure,closure,2025-05-07,,2025-07-07,2025-07-21,2025-07-07,65.9,1
cepheid,CA,32.0,1.0,layoff permanent,layoff,2024-01-25,2023-12-14,2024-02-12,,2024-02-12,65.63,0
pulau,TX,54.0,64.0,layoff,layoff,,,2025-06-30,,2025-06-30,65.77,0
mountain valley express,CA,48.0,7.0,layoff permanent,layoff,2024-12-05,2024-11-25,2025-01-23,,2025-01-23,66.0,1
super a foods,CA,,20.0,closure permanent,closure,2026-02-06,2026-01-23,2026-03-24,,2026-03-24,65.63,0
leidos,MD,54.0,20.0,layoff,layoff,,2025-03-04,2025-05-02,,2025-05-02,65.68,0
exxon mobil midland 3,TX,21.0,9.0,layoff,layoff,,,2024-12-31,,2024-12-31,65.64,0
vitacare prescription services,FL,,53.0,layoff,layoff,,2023-12-05,2023-12-05,2023-12-05,2023-12-05,65.65,0
lakeshore learning materials 2915,CA,44.0,10.0,layoff permanent,layoff,2025-05-14,2025-05-14,2025-07-13,,2025-07-13,65.63,0
kindred hospital lakeshore,IL,62.0,74.0,closing,closure,2025-02-10,2025-02-10,2025-03-19,2025-04-30,2025-03-19,65.87,0
at t,NJ,51.0,74.0,layoff,layoff,,2023-09-20,,,2023-09-20,65.79,0
transdev services valley metro phoenix paratransit 549,AZ,,135.0,layoff,layoff,,2023-07-25,,,2023-07-25,66.16,1
adventist health simi valley,CA,62.0,1.0,layoff permanent,layoff,2025-08-15,2025-08-15,2025-08-15,,2025-08-15,65.63,0
intel,CA,33.0,58.0,layoff permanent,layoff,2023-09-28,2023-08-25,2023-10-15,,2023-10-15,65.7,0
loons landing brewery,MN,31.0,4.0,closure,closure,,,2024-02-01,,2024-02-01,65.65,0
garlock flexibles,MA,32.0,91.0,layoff,layoff,2026-02-09,,2026-04-30,2026-09-30,2026-04-30,65.94,1
rivian automotive,CA,33.0,77.0,layoff permanent,layoff,2024-02-26,2024-02-22,2024-04-23,,2024-04-23,65.85,0
imasen bucyrus technology,TN,33.0,140.0,unknown,other,2024-06-18,,2024-08-31,,2024-08-31,66.15,1
cygnus home services llc san angelo,TX,45.0,5.0,layoff,layoff,,,2023-12-15,,2023-12-15,65.64,0
ceryx management llc vermont,CA,53.0,8.0,layoff permanent,layoff,2025-11-07,2025-10-31,2025-10-03,,2025-10-03,65.63,0
bp corporation north america,CA,21.0,5.0,closure permanent,closure,2024-11-12,2024-11-11,2025-01-09,,2025-01-09,65.63,0
kira services llc and kira training services,FL,54.0,14.0,layoff,layoff,,2025-07-16,2025-08-11,2025-08-11,2025-08-11,65.62,0
tata consultancy services,FL,54.0,58.0,layoff,layoff,,2025-08-19,2025-10-18,2025-10-18,2025-10-18,65.7,0
plastech corp anoka,MN,32.0,71.0,closure,closure,2023-02-14,2023-02-14,2023-04-14,,2023-04-14,65.84,0
advance stores company incorporated and its subsidiary golden state supply,CA,44.0,12.0,closure permanent,closure,2024-11-15,2024-11-14,2025-03-05,,2025-03-05,65.63,0
pacific supermarket,CA,44.0,59.0,closure permanent,closure,2023-01-10,2023-01-09,2023-03-10,,2023-03-10,65.71,0
yellow,FL,52.0,97.0,layoff,layoff,,2023-08-11,2023-07-30,2023-07-30,2023-07-30,69.0,1
lendlease us services,CA,23.0,67.0,layoff permanent,layoff,2023-03-07,2023-02-24,2023-04-28,,2023-04-28,65.78,0
google mp4,CA,51.0,24.0,layoff permanent,layoff,2026-01-27,2026-01-26,2026-03-15,,2026-03-15,65.63,0
walmart 860,CA,,98.0,layoff permanent,layoff,2025-06-18,2025-05-23,2025-08-22,,2025-08-22,65.98,1
mobis north america,OH,33.0,210.0,layoff,layoff,2024-11-08,,2025-01-05,,2025-01-05,66.33,1
fd treats,IA,31.0,36.0,closing,closure,,2024-06-20,2024-07-19,,2024-07-19,65.7,0
cygnus home service llc d b a yelloh,MO,45.0,44.0,layoff,layoff,,2024-05-30,2024-07-27,,2024-07-27,65.59,0
c2 technologies,SC,54.0,1.0,layoff,layoff,,2026-03-02,2026-03-06,,2026-03-06,65.61,0
primo brands,CA,,3.0,closure permanent,closure,2025-04-18,2025-04-18,2025-06-17,,2025-06-17,65.63,0
f10 oceanside,CA,,58.0,closure permanent,closure,2026-03-30,2026-03-30,2026-05-14,,2026-05-14,65.7,0
smith foundry,MN,33.0,48.0,closure,closure,,,2024-08-15,,2024-08-15,65.65,0
avmac,CA,72.0,153.0,layoff permanent marine corps air station miramar  san,layoff,2024-02-16,2024-02-15,2024-04-30,,2024-04-30,66.21,1
mersana therapeutics,MA,32.0,124.0,layoff,layoff,2023-07-27,,2023-08-15,,2023-08-15,66.1,1
immunity bio,MA,54.0,11.0,layoff,layoff,2025-01-29,,2025-03-25,,2025-03-25,65.63,0
qualcomm incorporated 4243 campus point ct,CA,33.0,1.0,layoff permanent,layoff,2026-04-02,2026-04-02,2026-05-26,,2026-05-26,65.63,0
northeast transportation services,RI,48.0,75.0,closure,closure,2023-01-24,2023-06-30,2023-03-25,,2023-03-25,65.74,0
bering global solutions llc bgs carderock,MD,54.0,6.0,layoff,layoff,,2026-03-13,2026-03-31,,2026-03-31,65.68,0
robinhood markets,CA,52.0,1.0,layoff permanent,layoff,2023-09-27,2023-09-20,2023-11-20,,2023-11-20,65.63,0
kdc one,CA,,13.0,layoff permanent,layoff,2023-02-23,2023-02-16,2023-04-18,,2023-04-18,65.63,0
oceanfirst bank,NJ,,114.0,layoff,layoff,,2025-12-18,,,2025-12-18,66.01,1
cruise,CA,33.0,18.0,layoff permanent,layoff,2024-01-19,2023-12-14,2023-12-14,,2023-12-14,65.63,0
american eagle flights santa maria airport,CA,48.0,20.0,closure permanent,closure,2026-03-13,2026-03-06,2026-05-06,,2026-05-06,65.63,0
apple,CA,33.0,35.0,layoff permanent,layoff,2024-04-02,2024-03-28,2024-05-27,,2024-05-27,65.63,0
midwest transport,KY,,5.0,closure,closure,2024-10-01,,2024-09-09,,2024-09-09,65.61,0
ryder integrated logistics,CA,48.0,130.0,layoff permanent,layoff,2023-02-08,2023-01-24,2023-03-31,,2023-03-31,66.12,1
randstad inhouse services,CA,,180.0,layoff temporary,layoff,2024-09-26,2024-09-26,2024-11-25,,2024-11-25,66.29,1
carclo technical plastics,AZ,32.0,68.0,layoff,layoff,,2024-03-22,,,2024-03-22,65.81,0
creditrepair com,UT,52.0,15.0,layoff,layoff,,2023-05-11,,,2023-05-11,65.66,0
kowalski s eagan,MN,44.0,130.0,closure,closure,,,2024-02-24,,2024-02-24,66.15,1
heritage bank of commerce morgan hill,CA,52.0,1.0,layoff permanent,layoff,2026-03-17,2026-02-27,2026-04-17,,2026-04-17,65.63,0
hunt sons,CA,,3.0,layoff permanent,layoff,2024-10-31,2024-10-29,2025-01-01,,2025-01-01,65.63,0
intel,CA,33.0,67.0,layoff permanent,layoff,2023-08-16,2023-06-29,2023-08-31,,2023-08-31,65.78,0
gxo warehouse,PA,49.0,85.0,closure,closure,,,2025-03-12,,2025-03-12,65.93,1
right at school,CA,61.0,15.0,layoff permanent,layoff,2025-04-10,2025-04-09,2025-06-10,,2025-06-10,65.63,0
elg utica alloys harford,CT,33.0,51.0,layoff,layoff,2025-10-31,2025-10-31,2025-12-31,,2025-12-31,65.64,0
crst expedited inc d b a crst the transportation solution,TX,48.0,1.0,layoff,layoff,,,2026-02-26,,2026-02-26,65.64,0
southern pacpizza dba pizza hut 029213,CA,72.0,4.0,layoff permanent,layoff,2024-01-24,2023-12-14,2024-02-20,,2024-02-20,65.63,0
outdoor research,CA,31.0,50.0,closure permanent,closure,2026-02-13,2026-02-13,2026-04-14,,2026-04-14,65.63,0
activision blizzard,CA,51.0,85.0,layoff permanent,layoff,2024-02-02,2024-01-25,2024-03-30,,2024-03-30,65.9,1
dmsi,CA,49.0,28.0,layoff permanent,layoff,2024-12-10,2024-11-20,2025-01-26,,2025-01-26,65.63,0
marshfield clinic health system,WI,62.0,56.0,layoff,layoff,,2023-01-30,2023-03-31,,2023-03-31,65.69,0
saint mary s regional center,NV,62.0,23.0,layoff,layoff,2023-08-31,2023-08-31,2023-11-29,,2023-11-29,65.68,0
pactiv,CA,,127.0,closure permanent,closure,2025-08-15,2025-08-14,2025-10-14,,2025-10-14,66.11,1
petco animal supplies stores,CA,44.0,9.0,layoff permanent,layoff,2023-08-29,2023-07-24,2023-10-27,,2023-10-27,65.63,0
warner music inc 11261,CA,51.0,3.0,layoff permanent,layoff,2025-10-14,2025-10-14,2025-12-24,,2025-12-24,65.63,0
jensen enterprises inc dba jensen precast,CA,32.0,40.0,closure permanent,closure,2023-10-04,2023-09-01,2023-12-31,,2023-12-31,65.63,0
schneider electric,CA,33.0,43.0,closure permanent,closure,2023-05-17,2023-05-01,2023-06-30,,2023-06-30,65.63,0
kaiser foundation hospitals,CA,62.0,1.0,layoff permanent,layoff,2025-02-25,2025-02-24,2025-04-25,,2025-04-25,65.63,0
cruise,CA,33.0,22.0,layoff permanent,layoff,2025-05-21,2025-05-20,2025-05-20,,2025-05-20,65.63,0
nsi services,CA,56.0,56.0,closure permanent,closure,2024-03-27,2024-03-17,2024-05-18,,2024-05-18,65.68,0
walmart,CA,,106.0,layoff permanent,layoff,2025-05-30,2025-05-23,2025-08-22,,2025-08-22,66.02,1
centerra,OR,56.0,52.0,closure,closure,,2023-08-11,,,2023-08-11,65.71,0
blue shield of california,CA,52.0,4.0,layoff permanent,layoff,2024-10-03,2024-10-02,2024-12-11,,2024-12-11,65.63,0
southern veneer specialty products,NC,32.0,130.0,closure,closure,2025-10-06,2025-10-06,2025-12-05,,2025-12-05,66.11,1
morning glory s bakery cafe,MN,72.0,1.0,closure,closure,,,2024-11-30,,2024-11-30,65.65,0
nrg energy,PA,22.0,70.0,closure,closure,,,2023-05-16,,2023-05-16,65.83,0
kira training,CO,54.0,118.0,layoff,layoff,,2025-12-29,2026-02-28,2026-02-28,2026-02-28,66.06,1
cj logistics america,IL,49.0,79.0,closing,closure,2023-08-28,2023-08-28,2023-11-05,,2023-11-05,65.9,1
barrie house coffee,NY,31.0,5.0,bankruptcy,other,,2025-01-10,2025-01-10,2025-02-21,2025-01-10,65.76,0
optum,CA,62.0,35.0,closure permanent,closure,2024-07-18,2024-07-18,2024-09-16,,2024-09-16,65.63,0
keter us,NC,32.0,65.0,closure,closure,2023-04-11,2023-04-07,2023-06-30,,2023-06-30,65.75,0
at t,CA,51.0,22.0,layoff permanent,layoff,2024-11-26,2024-11-22,2025-01-21,,2025-01-21,65.63,0
american academy of dramatic arts,CA,61.0,49.0,closure permanent,closure,2025-03-26,2025-03-25,2025-05-30,,2025-05-30,65.63,0
next innovations,MN,33.0,3.0,closure,closure,,,2025-02-18,,2025-02-18,65.65,0
jelly belly candy,IL,31.0,66.0,closing,closure,2024-06-27,2024-06-27,2024-10-11,,2024-10-11,65.81,0
aramark campus,IL,72.0,75.0,closing,closure,2023-06-26,2023-06-26,2023-06-30,,2023-06-30,65.87,0
agc biologics,CO,32.0,85.0,restructure and partial closure-see warn,closure,,2024-09-18,2024-11-22,2024-11-22,2024-11-22,65.89,0
spectra laboratories,MS,,155.0,layoff,layoff,,2025-09-22,2025-11-25,,2025-11-25,66.17,1
geodis,GA,49.0,68.0,permanent layoff / reduction in force,layoff,,,2024-09-19,,2024-09-19,65.87,0
tesla,CA,33.0,28.0,layoff permanent,layoff,2024-04-25,2024-04-22,2024-06-14,,2024-06-14,65.63,0
hart cooley,ID,33.0,59.0,layoff,layoff,,2024-08-08,2025-01-31,,2025-01-31,65.74,0
google 1265,CA,51.0,9.0,layoff permanent,layoff,2025-09-30,2025-09-29,2025-11-09,,2025-11-09,65.63,0
intuitive machines,MD,54.0,35.0,layoff,layoff,,2024-10-29,2024-12-01,,2024-12-01,65.68,0
fastly,CA,51.0,52.0,layoff permanent,layoff,2024-08-12,2024-08-12,2024-10-11,,2024-10-11,65.65,0
vspone dallas,TX,,14.0,layoff,layoff,,,2024-07-18,,2024-07-18,65.64,0
kaiser foundation hospitals,CA,62.0,1.0,layoff permanent,layoff,2025-02-25,2025-02-24,2025-04-25,,2025-04-25,65.63,0
aac holding,TX,55.0,188.0,layoff,layoff,,,2023-08-16,,2023-08-16,66.33,1
burlington trailways,IA,48.0,5.0,closing,closure,,2025-09-18,2025-10-18,,2025-10-18,65.7,0
crst expedited inc dba crst the transportation solution,CA,48.0,1.0,layoff permanent,layoff,2025-12-03,2025-12-03,2026-02-02,,2026-02-02,65.63,0
commute is great logistics,CA,48.0,132.0,closure permanent,closure,2026-02-24,2026-02-13,2026-02-03,,2026-02-03,66.13,1
bon appetit management company grove city college,PA,72.0,185.0,closure,closure,,,2023-06-30,,2023-06-30,66.33,1
jpmorgan chase,CA,52.0,80.0,layoff permanent,layoff,2024-11-19,2024-11-15,2025-01-10,,2025-01-10,65.87,0
yelloh,MN,,44.0,layoff,layoff,2024-05-30,2024-05-30,2024-07-27,,2024-07-27,65.65,0
united states cellular,MI,51.0,12.0,layoff,layoff,,,2025-06-02,,2025-06-02,65.55,0
molina healthcare,CA,62.0,52.0,layoff permanent,layoff,2024-04-23,2024-04-19,2024-06-18,,2024-06-18,65.65,0
cue health,CA,33.0,95.0,layoff permanent moda,layoff,2023-05-17,2023-04-28,2023-06-27,,2023-06-27,65.96,1
kaiser foundation hospitals,CA,62.0,1.0,layoff permanent,layoff,2023-12-12,2023-11-06,2024-01-04,,2024-01-04,65.63,0
med pharmex,CA,32.0,130.0,closure permanent,closure,2026-02-25,2026-01-06,2026-03-06,,2026-03-06,66.12,1
tao group hospitality,CA,72.0,8.0,layoff permanent,layoff,2025-10-28,2025-10-28,2025-12-31,,2025-12-31,65.63,0
amethod public schools,CA,61.0,17.0,closure permanent,closure,2026-04-06,2026-04-06,2026-06-05,,2026-06-05,65.63,0
charter communications,SC,51.0,62.0,closure,closure,,2026-03-05,2026-05-07,,2026-05-07,65.72,0
cygnus home services llc d b a yelloh,FL,45.0,7.0,layoff,layoff,,2023-10-25,2023-12-15,2023-12-15,2023-12-15,65.62,0
wm waste management,MD,56.0,66.0,closure,closure,,2024-09-13,2024-11-16,,2024-11-16,65.83,0
cygnus home service,WI,81.0,5.0,closure,closure,,2024-09-23,2024-11-22,,2024-11-22,65.64,0
the hotel del coronado,CA,,43.0,layoff temporary,layoff,2023-11-28,2023-11-01,2024-01-07,,2024-01-07,65.63,0
home partners of america,IL,53.0,179.0,layoff,layoff,2025-02-07,2025-02-07,2025-03-31,,2025-03-31,66.33,1
capital fitness,IL,71.0,40.0,closing,closure,2024-07-16,2024-07-16,2024-07-10,,2024-07-10,65.66,0
smurfit westrock,IL,32.0,88.0,closing,closure,2025-01-28,2025-01-28,2025-03-28,,2025-03-28,65.96,1
walter clubhouse,CA,71.0,7.0,layoff permanent,layoff,2024-05-17,2024-05-16,2024-07-15,,2024-07-15,65.63,0
bags metropolis,FL,56.0,27.0,layoff,layoff,,2024-12-13,2025-01-20,2025-02-17,2025-01-20,65.62,0
moove cars mobility usa,GA,48.0,83.0,closure,closure,,,2026-04-10,,2026-04-10,65.97,1
carbon health,CA,62.0,3.0,layoff permanent,layoff,2023-10-16,2023-08-10,2023-10-09,,2023-10-09,65.63,0
divvy homes,CA,53.0,95.0,layoff permanent,layoff,2023-10-18,2023-09-07,2023-11-07,,2023-11-07,65.96,1
prescient,CO,56.0,60.0,closure,closure,,2023-08-31,2023-08-31,2023-08-31,2023-08-31,65.0,0
chemours,FL,32.0,19.0,layoff,layoff,,2026-01-05,2026-03-06,2026-03-06,2026-03-06,65.62,0
community development institute head start,WI,61.0,6.0,layoff,layoff,,2023-06-30,2023-08-31,,2023-08-31,65.64,0
wells fargo,CA,52.0,1.0,layoff permanent,layoff,2023-05-22,2023-05-02,2023-05-02,,2023-05-02,65.63,0
trinity management services,CA,33.0,9.0,layoff permanent,layoff,2023-06-28,2023-05-23,2023-07-24,,2023-07-24,65.63,0
ag mart produce,FL,11.0,8.0,layoff,layoff,,2023-07-18,2023-05-03,2024-02-29,2023-05-03,65.62,0
immunitybio,CA,54.0,9.0,layoff permanent,layoff,2025-01-28,2025-01-24,2025-03-25,,2025-03-25,65.63,0
arbor e t llc equus workforce solutions lockhart office,TX,56.0,3.0,layoff,layoff,,,2024-09-30,,2024-09-30,65.64,0
rivian automotive,CA,33.0,5.0,layoff permanent,layoff,2024-02-26,2024-02-22,2024-04-23,,2024-04-23,65.63,0
good sports plus ltd dba arc desert valley high school,CA,61.0,3.0,layoff permanent,layoff,2026-04-03,2026-04-02,2026-06-04,,2026-06-04,65.63,0
saddle creek logistics services,GA,,61.0,permanent layoff / reduction in force,layoff,,,2023-11-06,,2023-11-06,65.81,0
inoac exterior systems,OH,32.0,78.0,closure,closure,2025-02-14,,2025-04-15,2025-06-24,2025-04-15,65.82,0
gtm wholesale liquidators inc dba gtm discount general store,CA,45.0,13.0,closure permanent,closure,2025-06-03,2025-05-23,2025-07-31,,2025-07-31,65.63,0
rico corp dba d addario woodwinds,CA,33.0,4.0,layoff permanent,layoff,2024-03-13,2024-03-01,2024-05-05,,2024-05-05,65.63,0
parker hannifin,CA,,4.0,closure permanent,closure,2023-12-05,2023-11-02,2024-04-26,,2024-04-26,65.63,0
critical ideas inc dba chipper cash,CA,54.0,49.0,layoff permanent,layoff,2023-02-23,2023-02-16,2023-02-17,,2023-02-17,65.63,0
centerra a subsidiary of constellis,CA,56.0,55.0,layoff permanent,layoff,2025-03-07,2025-03-06,2025-05-06,,2025-05-06,65.67,0
united states cellular,IA,51.0,183.0,amendment - change in date,amendment,,2025-06-11,2025-07-01,,2025-07-01,66.37,1
victoria nursery,CA,11.0,62.0,closure permanent,closure,2026-04-02,2026-04-01,2026-06-01,,2026-06-01,65.74,0
corteva agriscience,CA,11.0,20.0,layoff permanent,layoff,2025-01-29,2025-01-29,2025-03-28,,2025-03-28,65.63,0
santa maria hostel,TX,62.0,41.0,layoff,layoff,,,2025-08-31,,2025-08-31,65.64,0
rivian automotive,CA,33.0,4.0,layoff permanent,layoff,2023-03-01,2023-02-01,2023-04-14,,2023-04-14,65.63,0
the health trust,CA,,15.0,layoff permanent,layoff,2024-04-12,2024-04-01,2024-06-28,,2024-06-28,65.63,0
angel city brewery,CA,31.0,66.0,closure permanent,closure,2026-02-25,2026-02-25,2026-04-30,,2026-04-30,65.77,0
liberty dental plan of california,CA,52.0,22.0,layoff permanent,layoff,2026-02-05,2026-02-05,2026-04-06,,2026-04-06,65.63,0
cue health,CA,33.0,11.0,layoff permanent,layoff,2024-01-26,2024-01-04,2024-03-05,,2024-03-05,65.63,0
williamston clinic,NC,62.0,3.0,closure,closure,2023-08-04,2023-08-03,2023-10-05,,2023-10-05,65.61,0
parker engine mobile,CA,,20.0,layoff permanent,layoff,2025-02-18,2025-02-18,2025-04-21,,2025-04-21,65.63,0
basf,NJ,32.0,66.0,layoff,layoff,,2025-12-31,,,2025-12-31,65.73,0
confluent medical technologies,CA,33.0,102.0,layoff permanent,layoff,2025-04-14,2025-04-14,2025-06-02,,2025-06-02,66.0,1
google la 5,CA,51.0,6.0,layoff permanent,layoff,2023-01-23,2023-01-20,2023-03-31,,2023-03-31,65.63,0
delta apparel,SC,31.0,7.0,closure,closure,,2024-07-01,2024-08-29,,2024-08-29,65.61,0
jpmorgan chase,CA,52.0,53.0,layoff permanent,layoff,2026-04-07,2026-03-23,2026-05-21,,2026-05-21,65.66,0
ttec services,GA,56.0,71.0,permanent layoff / reduction in force,layoff,,,2026-03-31,,2026-03-31,65.89,0
lucile salter packard children s hospital,CA,62.0,87.0,layoff permanent,layoff,2025-10-13,2025-10-10,2025-12-12,,2025-12-12,65.91,1
canyon ranch woodside,CA,72.0,56.0,closure permanent,closure,2025-10-09,2025-09-24,2025-11-21,,2025-11-21,65.68,0
lakes legends,MN,72.0,24.0,closure,closure,,,2023-12-01,,2023-12-01,65.65,0
c2 technologies,NV,54.0,1.0,layoff,layoff,2026-03-11,2026-03-11,2026-03-06,,2026-03-06,65.68,0
bedabox llc dba shipmonk,CA,49.0,124.0,closure permanent,closure,2026-03-25,2026-03-24,2026-06-30,,2026-06-30,66.1,1
amplify bio,OH,54.0,212.0,closure,closure,2025-04-15,,2025-04-04,,2025-04-04,66.34,1
university of southern california,CA,62.0,1.0,layoff permanent,layoff,2025-08-05,2025-08-04,2025-10-04,,2025-10-04,65.63,0
twist bioscience,CA,54.0,197.0,layoff permanent,layoff,2023-06-14,2023-05-04,2023-07-03,,2023-07-03,66.34,1
diamond baseball holdings,CA,71.0,7.0,layoff permanent,layoff,2025-08-08,2025-08-08,2025-09-30,,2025-09-30,65.63,0
marshfield clinic health system,WI,62.0,2.0,layoff,layoff,,2023-03-01,2023-05-19,,2023-05-19,65.64,0
gino giuseppe inc dba g g construction,CA,33.0,64.0,closure permanent,closure,2023-02-24,2023-02-17,2023-04-30,,2023-04-30,65.75,0
adventist health simi valley,CA,62.0,2.0,layoff permanent,layoff,2025-08-14,2025-08-14,2025-08-01,,2025-08-01,65.63,0
kaiser foundation hospitals,CA,62.0,1.0,layoff permanent,layoff,2025-01-22,2025-01-21,2025-03-22,,2025-03-22,65.63,0
volta charging industries,OR,,171.0,closure,closure,,2024-04-01,,,2024-04-01,66.33,1
east coast migrant head start project ecmhsp,NC,61.0,21.0,closure,closure,2025-10-22,2025-10-17,2025-11-01,,2025-11-01,65.61,0
514 san diego lgbt community center,CA,81.0,2.0,layoff permanent,layoff,2025-07-10,2025-07-03,2025-07-07,,2025-07-07,65.63,0
alcom,TX,33.0,83.0,layoff,layoff,,,2024-12-16,,2024-12-16,65.91,1
nordstrom,CO,45.0,30.0,reduction in force,layoff,,2025-06-26,2025-08-16,2026-02-20,2025-08-16,65.62,0
ymca fairlawn elementary school,CA,71.0,6.0,layoff permanent,layoff,2026-04-20,2026-04-17,2026-06-09,,2026-06-09,65.63,0
kaiser foundation hospitals 91367,CA,62.0,1.0,layoff permanent,layoff,2025-04-23,2025-04-21,2025-04-21,,2025-04-21,65.63,0
clarion management,CA,56.0,5.0,closure permanent,closure,2025-02-19,2025-02-18,2025-04-20,,2025-04-20,65.63,0
frederick delights,MD,31.0,63.0,closure,closure,,2024-06-24,2024-06-19,,2024-06-19,65.8,0
cygnus home services llc d b a yelloh,FL,45.0,12.0,layoff,layoff,,2023-10-25,2023-12-15,2023-12-15,2023-12-15,65.62,0
qualcomm incorporated,CA,33.0,3.0,layoff permanent,layoff,2023-06-14,2023-05-17,2023-07-18,,2023-07-18,65.63,0
lakeshore learning materials llc 2161,CA,44.0,69.0,closure permanent,closure,2025-11-14,2025-11-13,2026-01-12,,2026-01-12,65.79,0
wonder group,NJ,72.0,121.0,layoff,layoff,,2026-02-19,,,2026-02-19,66.04,1
hogan personnel,CA,56.0,98.0,closure permanent,closure,2024-09-03,2024-09-03,2024-11-02,,2024-11-02,65.98,1
directbuy home improvement inc dba z gallerie,CA,44.0,9.0,layoff permanent,layoff,2024-01-23,2023-12-12,2024-01-31,,2024-01-31,65.63,0
the vons companies,CA,44.0,70.0,closure permanent,closure,2026-01-16,2026-01-16,2026-03-19,,2026-03-19,65.8,0
spirit airlines,NV,48.0,1.0,layoff,layoff,2026-01-22,2026-01-22,2026-03-15,,2026-03-15,65.68,0
spt microtechnologies usa,CA,33.0,67.0,closure temporary,closure,2023-08-21,2023-08-01,2023-11-20,,2023-11-20,65.78,0
hulu llc 2450,CA,51.0,22.0,layoff permanent,layoff,2023-06-08,2023-05-25,2023-07-27,,2023-07-27,65.63,0
wetmore tool and engineering,CA,33.0,102.0,closure permanent,closure,2023-05-02,2023-04-24,2023-06-26,,2023-06-26,66.0,1
corporation for public broadcasting,DC,51.0,94.0,layoff,layoff,,2025-08-01,2025-09-30,,2025-09-30,65.89,0
adventist health simi valley,CA,62.0,1.0,layoff permanent,layoff,2025-02-10,2025-02-10,2025-02-10,,2025-02-10,65.63,0
newbold services,MD,56.0,37.0,layoff,layoff,,2024-01-04,2024-03-05,,2024-03-05,65.68,0
cue health vista,CA,33.0,63.0,layoff permanent,layoff,2023-01-10,2023-01-05,2023-03-07,,2023-03-07,65.75,0
coach usa kerrvile bus,TX,48.0,50.0,layoff,layoff,,,2024-09-03,,2024-09-03,65.64,0
acutus medical,CA,33.0,140.0,layoff permanent,layoff,2023-12-13,2023-11-08,2024-01-07,,2024-01-07,66.16,1
ets,NJ,61.0,7.0,layoff,layoff,,2024-08-21,,,2024-08-21,65.58,0
glen gery,IL,32.0,38.0,closing,closure,2023-04-04,2023-04-04,2023-04-28,2023-06-03,2023-04-28,65.66,0
kaiser foundation hospitals,CA,62.0,1.0,layoff permanent,layoff,2024-09-23,2024-09-23,2024-11-22,,2024-11-22,65.63,0
kappa toys moa,MN,45.0,1.0,closure,closure,,,2025-02-18,,2025-02-18,65.65,0
great dane,PA,33.0,155.0,layoff,layoff,,,2025-01-06,,2025-01-06,66.24,1
patagonia snowmass,CO,45.0,7.0,layoff,layoff,,2023-02-27,,,2023-02-27,65.62,0
cardinal health,NE,42.0,14.0,layoff,layoff,,2023-09-25,,,2023-09-25,65.6,0
united states technologies communications,NJ,44.0,114.0,layoff,layoff,,2024-01-17,,,2024-01-17,66.01,1
fxi,NC,32.0,59.0,closure,closure,2023-04-24,2023-04-21,2023-06-20,,2023-06-20,65.7,0
clarion management,CA,56.0,6.0,closure permanent,closure,2025-02-19,2025-02-18,2025-04-20,,2025-04-20,65.63,0
graphic packaging international,MA,32.0,71.0,layoff,layoff,2024-01-09,,2024-03-12,2024-03-26,2024-03-12,65.81,0
cepheid b3,CA,32.0,1.0,layoff permanent,layoff,2025-10-30,2025-10-29,2025-12-31,,2025-12-31,65.63,0
cascades tissue group scappoose converting,OR,32.0,88.0,closure,closure,,2023-04-25,,,2023-04-25,65.98,1
ginkgo bioworks inc suite 401,CA,23.0,10.0,layoff permanent,layoff,2024-06-25,2024-06-24,2024-08-23,,2024-08-23,65.63,0
marshfield clinic health system,WI,62.0,14.0,layoff,layoff,,2023-03-01,2023-05-19,,2023-05-19,65.64,0
becton dickinson and company pacific,CA,33.0,27.0,layoff permanent,layoff,2023-11-30,2023-10-04,2023-10-11,,2023-10-11,65.63,0
smbc group jeniusbank,AZ,52.0,33.0,layoff,layoff,,2026-01-08,,,2026-01-08,65.65,0
99 cents only stores,CA,45.0,52.0,layoff permanent,layoff,2023-04-06,2023-03-30,2023-03-30,,2023-03-30,65.65,0
gray duck tavern,MN,72.0,1.0,closure,closure,,,2024-07-16,,2024-07-16,65.65,0
equiniti trust,WI,52.0,4.0,layoff,layoff,,2025-08-11,2025-11-14,,2025-11-14,65.64,0
main street sports group,MI,71.0,17.0,closure,closure,,,2026-04-14,,2026-04-14,65.55,0
qualcomm incorporated,CA,33.0,4.0,layoff permanent,layoff,2023-06-14,2023-05-17,2023-07-18,,2023-07-18,65.63,0
heartland recreational vehicles,ID,33.0,71.0,layoff,layoff,,2024-08-06,2024-10-05,,2024-10-05,65.84,0
sonoco products company sonoco teq,IN,32.0,63.0,closure,closure,,2023-10-13,2024-06-30,,2024-06-30,65.71,0
parsons,KY,,22.0,closure,closure,2025-03-03,,2025-05-15,,2025-05-15,65.61,0
thai pepper west st paul,MN,72.0,1.0,closure,closure,,,2024-03-22,,2024-03-22,65.65,0
compass group usa,IL,52.0,50.0,closing,closure,2023-04-11,2023-04-11,2023-06-12,2023-06-12,2023-06-12,69.0,1
sacramento motorcars llc dba nissan of elk grove mazda of elk grove quick lube and elk grove cust,CA,,43.0,closure permanent,closure,2025-02-11,2025-02-04,2025-03-31,,2025-03-31,65.63,0
logitech,CA,33.0,15.0,layoff permanent,layoff,2023-04-04,2023-03-20,2023-03-20,,2023-03-20,65.63,0
xerxes,CA,,106.0,closure permanent,closure,2024-01-26,2024-01-03,2024-01-08,,2024-01-08,66.02,1
jand grace delivery,SC,49.0,59.0,layoff,layoff,,2023-03-31,2023-04-08,,2023-04-08,65.7,0
communify goleta center,CA,62.0,2.0,layoff permanent,layoff,2025-11-03,2025-11-03,2026-01-02,,2026-01-02,65.63,0
atek metal technologies,IA,33.0,48.0,mass layoff,mass_layoff,,2024-06-05,2024-06-27,,2024-06-27,65.7,0
saten,TX,,54.0,layoff,layoff,,,2023-05-13,,2023-05-13,65.68,0
q e p,TN,32.0,3.0,unknown,other,2023-11-07,,2023-12-31,,2023-12-31,65.61,0
melrosewakefield hospital,MA,62.0,81.0,layoff,layoff,2023-08-09,,2023-10-08,2023-10-22,2023-10-08,67.0,1
yellow,CA,52.0,102.0,closure permanent,closure,2023-08-18,2023-08-01,2023-07-30,,2023-07-30,69.0,1
wayfair llc florence outlet,KY,45.0,218.0,layoff,layoff,2024-10-10,,2024-12-31,,2024-12-31,66.38,1
kla,CA,33.0,72.0,layoff permanent one technology drive,layoff,2023-03-07,2023-03-03,2023-05-08,,2023-05-08,65.82,0
meta platforms,CA,51.0,44.0,layoff permanent,layoff,2023-06-23,2023-05-29,2023-07-28,,2023-07-28,65.63,0
xto energy inc jewett,TX,,18.0,layoff,layoff,,,2023-12-20,,2023-12-20,65.64,0
spotify usa,CA,51.0,68.0,layoff permanent,layoff,2023-07-17,2023-06-08,2023-08-04,,2023-08-04,65.79,0
amazon sfo19,CA,45.0,18.0,layoff permanent,layoff,2025-10-29,2025-10-28,2026-01-26,,2026-01-26,65.63,0
blue shield of california,CA,52.0,8.0,layoff permanent,layoff,2026-03-16,2026-03-13,2026-04-08,,2026-04-08,65.63,0
first student lewisberry,PA,48.0,81.0,layoff,layoff,,,2025-06-30,,2025-06-30,65.9,1
meta platforms,CA,51.0,124.0,layoff permanent,layoff,2026-04-01,2026-03-30,2026-05-22,,2026-05-22,66.1,1
excalibur pizza llc dba round table pizza,CA,72.0,7.0,layoff permanent,layoff,2024-02-20,2024-02-15,2024-04-19,,2024-04-19,65.63,0
nevro,CA,33.0,63.0,layoff permanent,layoff,2024-02-01,2024-01-08,2024-03-08,,2024-03-08,65.75,0
general aluminum,OH,33.0,69.0,layoff,layoff,2024-10-16,,2024-11-08,2025-01-31,2024-11-08,65.75,0
the sun valley group,CA,11.0,116.0,layoff permanent,layoff,2024-05-28,2024-05-22,2024-07-22,,2024-07-22,66.06,1
ritz carlton bal harbour,FL,33.0,108.0,layoff,layoff,,2026-02-06,2026-04-06,2026-04-06,2026-04-06,66.02,1
institue of international education,DC,61.0,46.0,layoff,layoff,,2025-08-11,,,2025-08-11,65.56,0
arbor e t llc equus workforce solutions johnson city satellite office,TX,56.0,1.0,layoff,layoff,,,2024-09-30,,2024-09-30,65.64,0
right at school,CA,61.0,13.0,layoff permanent,layoff,2025-04-09,2025-04-09,2025-06-18,,2025-06-18,65.63,0
aura management,CA,55.0,17.0,closure permanent,closure,2024-04-18,2024-04-18,2024-06-04,,2024-06-04,65.63,0
cygnus home services llc dba yelloh,SD,45.0,10.0,layoff,layoff,,2023-10-31,,,2023-10-31,65.44,0
rogar manufacturing,CA,33.0,76.0,layoff permanent,layoff,2023-02-01,2023-01-27,2023-03-31,,2023-03-31,65.84,0
advance stores company incorporated and its subsidiary golden state supply,CA,44.0,6.0,closure permanent,closure,2024-11-15,2024-11-14,2025-03-07,,2025-03-07,65.63,0
carbon health medical group,CA,62.0,6.0,layoff permanent,layoff,2024-02-21,2024-01-12,2024-03-12,,2024-03-12,65.63,0
fortitude life and annuity solutions,TN,52.0,200.0,unknown,other,2023-06-02,,2023-07-31,2023-12-31,2023-07-31,66.33,1
dlp services,AZ,56.0,218.0,layoff,layoff,,2025-03-19,,,2025-03-19,66.41,1
tendit group,CO,54.0,107.0,closure,closure,,2026-04-13,2026-04-15,2026-04-30,2026-04-15,66.01,1
intel corporation sc 9,CA,33.0,1.0,layoff permanent,layoff,2025-12-05,2025-12-03,2025-11-30,,2025-11-30,65.63,0
revvity,MA,54.0,74.0,layoff,layoff,2025-09-10,,2025-11-01,2028-08-31,2025-11-01,65.83,0
celestica precision machining,CA,33.0,27.0,layoff permanent,layoff,2023-01-27,2023-01-16,2023-03-20,,2023-03-20,65.63,0
command security service lp at google bayview,CA,56.0,33.0,layoff permanent,layoff,2023-11-30,2023-11-03,2023-12-19,,2023-12-19,65.63,0
save the children,DC,81.0,116.0,layoff,layoff,,2025-03-13,,,2025-03-13,66.0,1
cardinal glass industries,CA,32.0,29.0,closure permanent,closure,2023-08-21,2023-07-10,2023-09-10,,2023-09-10,65.63,0
usa dba charwells,NJ,,73.0,layoff,layoff,,2025-06-27,,,2025-06-27,65.78,0
customized distribution services inc layoff 3,CA,49.0,26.0,closure permanent,closure,2023-06-08,2023-05-10,2023-08-18,,2023-08-18,65.63,0
ventura coastal,CA,31.0,70.0,layoff temporary,layoff,2025-07-18,2025-07-18,2025-09-24,,2025-09-24,65.8,0
st catherine u early learning center,MN,61.0,6.0,closure,closure,,,2024-02-20,,2024-02-20,65.65,0
catholic charities of orange sullivan ulster ccosu,NY,62.0,1.0,"economic, other",other,,2025-02-19,2025-05-23,2025-08-15,2025-05-23,65.76,0
flexport,CA,48.0,43.0,layoff permanent,layoff,2023-01-11,2023-01-11,2023-03-13,,2023-03-13,65.63,0
oxendale s market bloomington,MN,44.0,16.0,closure,closure,,,2024-02-01,,2024-02-01,65.65,0
the hotel del coronado,CA,,6.0,layoff temporary,layoff,2023-11-28,2023-11-01,2024-01-11,,2024-01-11,65.63,0
publishers clearing house,NY,51.0,46.0,economic,other,,2025-01-15,2025-04-18,2025-04-18,2025-04-18,65.76,0
united states cellular,IA,51.0,11.0,amendment - change in date,amendment,,2025-06-11,2025-07-01,,2025-07-01,65.7,0
cuberg,CA,33.0,27.0,closure permanent,closure,2024-09-18,2024-09-18,2024-10-19,,2024-10-19,65.63,0
yellow trucking yrc freight teamsters local 639 10451 colonial court manassas va 20110,VA,48.0,23.0,closure,closure,,2023-07-30,2023-07-30,,2023-07-30,65.56,0
daybreak foods,WI,31.0,55.0,layoff,layoff,,2026-03-27,2026-04-01,,2026-04-01,65.68,0
warner music,CA,51.0,6.0,layoff permanent,layoff,2025-09-26,2025-09-26,2025-11-24,,2025-11-24,65.63,0
icims,NJ,51.0,54.0,layoff,layoff,,2025-02-15,,,2025-02-15,65.62,0
fpi management inc remote,CA,53.0,16.0,layoff permanent,layoff,2025-10-01,2025-09-30,2025-11-30,,2025-11-30,65.63,0
motus integrated technologies,MS,33.0,52.0,closure,closure,,2023-01-03,2023-02-23,,2023-02-23,65.6,0
the hc companies hc companies,NV,,57.0,closure,closure,2025-03-31,2025-03-31,2025-05-30,,2025-05-30,65.75,0
gannett pueblo chieftian,CO,51.0,50.0,closure of production & distribution operations,closure,,2023-06-13,2023-08-14,2023-08-14,2023-08-14,65.62,0
onsemi,CA,33.0,51.0,layoff permanent,layoff,2025-03-12,2025-03-12,2025-05-11,,2025-05-11,65.64,0
yellow,FL,52.0,19.0,layoff,layoff,,2023-08-11,2023-07-30,2023-07-30,2023-07-30,69.0,1
metropolitan animal specialty hospital 6611,CA,54.0,1.0,closure permanent,closure,2025-04-24,2025-04-23,2025-06-22,,2025-06-22,65.63,0
257 unitek learning education group,CA,61.0,1.0,layoff permanent,layoff,2025-05-01,2025-04-30,2025-07-03,,2025-07-03,65.63,0
home depot design center,MD,44.0,85.0,closure,closure,,2026-01-14,2026-03-14,,2026-03-14,65.96,1
bio rad laboratories,CA,32.0,16.0,layoff permanent,layoff,2025-02-11,2025-02-10,2025-04-11,,2025-04-11,65.63,0
international paper company w chaplin,TX,32.0,66.0,layoff,layoff,,,2025-09-01,,2025-09-01,65.79,0
nfi interactive technologies llc nfi,MD,54.0,40.0,closure,closure,,2026-02-04,2026-03-30,,2026-03-30,65.68,0
j j snack foods,CA,31.0,129.0,closure permanent,closure,2025-10-31,2025-10-31,2025-12-30,,2025-12-30,66.12,1
wellspace health,CA,62.0,4.0,layoff permanent,layoff,2024-05-15,2024-04-25,2024-06-30,,2024-06-30,65.63,0
broadcom inc together with its subsidiaries broadcom,MA,51.0,75.0,layoff,layoff,2024-02-22,,2024-04-26,,2024-04-26,65.84,0
wipro,TX,54.0,64.0,layoff,layoff,,,2023-06-30,,2023-06-30,65.77,0
comprehensive logistics,KY,49.0,57.0,closure,closure,2025-10-20,,2025-12-31,,2025-12-31,65.68,0
russ davis wholesale,CO,42.0,109.0,closure,closure,,2024-12-02,2025-01-31,2025-02-01,2025-01-31,66.02,1
sodexo inc and affiliates,RI,72.0,169.0,closure,closure,2016-06-01,2023-07-05,2023-06-09,,2023-06-09,66.17,1
prolific logistics,CA,49.0,136.0,closure permanent,closure,2023-07-20,2023-06-08,2023-08-31,,2023-08-31,66.15,1
paradies lagardere fl ee dining,FL,,87.0,layoff,layoff,,2026-01-23,2026-01-23,2026-01-23,2026-01-23,65.91,1
cepheid,CA,32.0,6.0,layoff permanent,layoff,2023-04-25,2023-04-11,2023-06-20,,2023-06-20,65.63,0
united states cellular,WI,51.0,48.0,layoff,layoff,,2025-07-02,2025-08-01,,2025-08-01,66.84,1
venture forthe,NY,62.0,133.0,contract loss,other,,2024-12-31,2025-03-31,2025-04-13,2025-03-31,66.27,1
general dynamics information technology,MD,54.0,54.0,layoff,layoff,,2025-12-16,2026-02-13,,2026-02-13,65.72,0
intel,CA,33.0,28.0,layoff permanent,layoff,2024-10-17,2024-10-15,2024-10-31,,2024-10-31,65.63,0
l3harris technologies sonoma eo,CA,33.0,49.0,closure permanent,closure,2024-10-07,2024-10-07,2024-12-12,,2024-12-12,65.63,0
united states cellular,IA,51.0,8.0,amendment - change in date,amendment,,2025-06-11,2025-07-01,,2025-07-01,65.7,0
kaiser foundation hospitals,CA,62.0,1.0,layoff permanent,layoff,2024-05-01,2024-04-22,2024-06-21,,2024-06-21,65.63,0
rume health,CA,62.0,62.0,layoff permanent,layoff,2023-02-24,2023-02-13,2023-05-05,,2023-05-05,65.74,0
weyerhaeuser,NC,11.0,73.0,closure,closure,2024-07-18,2024-07-18,2024-09-16,,2024-09-16,65.81,0
smurfit westrock,OR,32.0,72.0,closure,closure,,2025-04-09,,,2025-04-09,65.88,0
zachry industrial inc beaumont,TX,23.0,15.0,layoff,layoff,,,2024-05-21,,2024-05-21,65.64,0
omniplex world services,KY,56.0,41.0,layoff,layoff,2025-07-10,,2025-07-31,,2025-07-31,65.61,0
center point inc san quentin,CA,56.0,14.0,layoff permanent,layoff,2025-05-02,2025-04-28,2025-06-30,,2025-06-30,65.63,0
southern pacpizza dba pizza hut 029208,CA,72.0,5.0,layoff permanent,layoff,2024-01-24,2023-12-14,2024-02-18,,2024-02-18,65.63,0
amazon,CA,45.0,54.0,layoff permanent,layoff,2024-06-07,2024-06-07,2024-08-07,,2024-08-07,65.67,0
us cellular,MO,,48.0,closure,closure,,2025-04-07,2025-06-02,,2025-06-02,66.79,1
phillips 66,CA,21.0,6.0,closure permanent,closure,2026-04-10,2026-04-10,2026-06-10,,2026-06-10,65.63,0
google us mtv stln2029,CA,51.0,2.0,layoff permanent,layoff,2024-01-25,2024-01-10,2024-03-10,,2024-03-10,65.63,0
novant health,NC,62.0,81.0,layoff,layoff,2024-06-25,2024-06-25,2024-08-25,,2024-08-25,65.87,0
qualcomm incorporated,CA,33.0,26.0,layoff permanent,layoff,2023-06-14,2023-05-17,2023-07-18,,2023-07-18,65.63,0
pittsburgh job corps center,PA,61.0,180.0,closure,closure,,,2025-06-13,2025-06-30,2025-06-13,66.32,1
ipic theaters llc westwood,CA,71.0,103.0,closure permanent,closure,2026-03-02,2026-02-02,2026-04-28,,2026-04-28,66.0,1
atara biotherapeutics,CA,54.0,43.0,layoff permanent,layoff,2024-01-29,2024-01-08,2024-03-08,,2024-03-08,65.63,0
david s bridal,WI,44.0,147.0,closure,closure,,2023-06-12,2023-08-20,,2023-08-20,66.2,1
cepheid,CA,32.0,7.0,layoff permanent,layoff,2025-03-13,2025-03-12,2025-05-12,,2025-05-12,65.63,0
quality built,OH,,1.0,closure,closure,2025-07-07,,2025-07-03,,2025-07-03,65.59,0
lumileds,CA,33.0,60.0,layoff permanent,layoff,2025-11-19,2025-11-19,2026-01-30,,2026-01-30,65.72,0
birmingham southern college,AL,61.0,107.0,closure,closure,,2024-04-05,2024-05-25,,2024-05-25,65.98,1
yokohama tws north america,SC,32.0,90.0,closure,closure,,2025-02-18,2025-04-19,,2025-04-19,65.92,1
e4d technologies,TX,54.0,67.0,layoff,layoff,,,2024-05-01,,2024-05-01,65.8,0
pourlessoins llc d b a synergy health services and zomleben llc d b a synergy healthcare solutions,FL,62.0,2.0,layoff,layoff,,2025-07-02,2025-08-31,2025-08-31,2025-08-31,65.62,0
american medical response,CO,62.0,87.0,closure,closure,,2025-10-31,2025-12-31,2025-12-31,2025-12-31,65.9,1
autodesk,CA,62.0,61.0,layoff permanent,layoff,2023-02-15,2023-02-01,2023-04-03,,2023-04-03,65.73,0
primo brands,CA,,1.0,layoff permanent,layoff,2025-07-18,2025-07-18,2025-09-16,,2025-09-16,65.63,0
brookfield properties usa ii,CA,53.0,12.0,layoff permanent,layoff,2024-02-08,2024-01-25,2024-04-01,,2024-04-01,65.63,0
solo cup operating,GA,32.0,84.0,permanent layoff / reduction in force,layoff,,,2023-03-09,,2023-03-09,65.98,1
bloom energy,CA,33.0,54.0,layoff permanent,layoff,2023-11-01,2023-10-03,2023-10-03,,2023-10-03,65.67,0
walmart store 7310,TX,44.0,92.0,layoff,layoff,,,2023-05-19,,2023-05-19,65.96,1
unitypoint health,IA,51.0,1.0,mass layoff,mass_layoff,,2026-04-14,2026-07-24,,2026-07-24,65.7,0
pulau corporation 650a,CA,54.0,17.0,layoff permanent building,layoff,2025-04-25,2025-04-25,2025-06-30,,2025-06-30,65.63,0
cepheid,CA,32.0,4.0,layoff permanent,layoff,2025-03-13,2025-03-12,2025-05-12,,2025-05-12,65.63,0
mountain valley express,CA,48.0,19.0,layoff permanent,layoff,2024-12-05,2024-11-25,2025-01-23,,2025-01-23,66.0,1
flanders,IL,33.0,112.0,closing,closure,2023-04-10,2023-04-10,2023-06-03,,2023-06-03,66.08,1
maryland coalition of families,MD,62.0,35.0,layoff,layoff,,2025-06-05,2025-06-30,,2025-06-30,65.68,0
99 cents only store llc w greens rd,TX,45.0,20.0,layoff,layoff,,,2024-06-03,,2024-06-03,65.64,0
kehe distributors,OR,42.0,101.0,layoff,layoff,,2023-07-31,,,2023-07-31,66.05,1
hji supply chain solutions,KY,49.0,117.0,closure,closure,2025-10-02,,2025-12-31,,2025-12-31,66.05,1
westrock,IL,32.0,8.0,layoff,layoff,2023-09-28,2024-04-17,2024-05-31,,2024-05-31,65.66,0
the health trust,CA,,16.0,layoff permanent,layoff,2024-04-12,2024-04-01,2024-06-28,,2024-06-28,65.63,0
joann stores support center,CA,45.0,48.0,closure permanent,closure,2025-02-28,2025-02-27,2025-04-30,,2025-04-30,65.63,0
transdev services,CA,,48.0,layoff permanent,layoff,2025-04-01,2025-03-31,2025-05-31,,2025-05-31,65.63,0
arc automotive,KY,33.0,110.0,closure,closure,2024-06-20,,2024-06-21,,2024-06-21,66.02,1
advance stores company incorporated and its subsidiary golden state supply,CA,44.0,17.0,closure permanent,closure,2024-11-15,2024-11-14,2025-03-09,,2025-03-09,65.63,0
all rite leasing,CA,53.0,111.0,closure permanent,closure,2025-06-02,2025-05-29,2025-07-29,,2025-07-29,66.04,1
orbis,WI,32.0,109.0,closure,closure,,2025-01-15,2025-03-16,,2025-03-16,66.04,1
innodata services,FL,51.0,1.0,layoff,layoff,,2026-02-03,2026-02-06,2026-03-13,2026-02-06,65.62,0
mativ conwed,NC,32.0,50.0,closure,closure,2025-09-30,2025-09-30,2025-12-01,,2025-12-01,65.61,0
lendingclub bank n a,CA,52.0,8.0,layoff permanent,layoff,2023-01-13,2023-01-12,2023-02-17,,2023-02-17,65.63,0
apex canvas,TN,31.0,7.0,unknown,other,2023-12-06,,2023-12-07,,2023-12-07,65.61,0
house of hope,MN,62.0,23.0,closure,closure,,,2023-05-19,,2023-05-19,65.65,0
inoac exterior systems,OH,32.0,2.0,closure,closure,2025-06-02,,2025-07-29,,2025-07-29,65.59,0
hi rez studios,GA,51.0,69.0,permanent layoff / reduction in force,layoff,,,2025-04-07,,2025-04-07,65.87,0
primal pet foods,CA,,10.0,closure permanent,closure,2025-07-22,2025-07-17,2025-09-17,,2025-09-17,65.63,0
bristol farms newfound market irvine grocery store,CA,44.0,138.0,closure permanent,closure,2024-01-16,2023-12-02,2024-01-31,,2024-01-31,66.15,1
parkdale mills,SC,,102.0,closure,closure,,2023-01-30,2023-03-31,,2023-03-31,65.98,1
vistar green rabbit,CA,,15.0,closure permanent,closure,2025-08-27,2025-08-25,2025-10-31,,2025-10-31,65.63,0
simplyioa,NC,52.0,2.0,closure,closure,2025-10-06,2025-10-03,2025-12-02,,2025-12-02,65.61,0
bechtel infrastructure power,CA,23.0,6.0,closure permanent,closure,2024-01-31,2024-01-16,2024-03-18,,2024-03-18,65.63,0
tessera therapeutics,TX,54.0,2.0,layoff,layoff,,,2026-03-08,,2026-03-08,65.64,0
the model z modular,CA,,102.0,layoff permanent,layoff,2025-04-25,2025-04-24,2025-06-27,,2025-06-27,66.0,1
asm global,OH,71.0,77.0,layoff,layoff,2024-02-13,,2024-02-23,,2024-02-23,65.81,0
nfi national distribution centers,CA,49.0,1.0,closure permanent,closure,2024-03-08,2024-02-28,2024-04-28,,2024-04-28,65.63,0
united states cellular,IA,51.0,9.0,amendment - change in date,amendment,,2025-06-11,2025-07-01,,2025-07-01,65.7,0
upwest,MN,,1.0,closure,closure,,,2024-04-01,,2024-04-01,65.65,0
ufg insurance,IA,52.0,40.0,mass layoff,mass_layoff,,2023-10-24,2023-10-24,,2023-10-24,65.7,0
unical aviation,CA,42.0,155.0,closure permanent,closure,2023-05-09,2023-04-26,2023-06-30,,2023-06-30,66.21,1
randalls store 1041,TX,,102.0,layoff,layoff,,,2025-08-16,,2025-08-16,66.02,1
advance stores company incorporated and its subsidiary golden state supply,CA,44.0,13.0,closure permanent,closure,2024-11-15,2024-11-14,2025-03-08,,2025-03-08,65.63,0
menzies aviation,CA,48.0,46.0,layoff not known at this time,layoff,2025-06-02,2025-05-30,2025-07-31,,2025-07-31,65.63,0
prime line products,CA,,3.0,closure permanent,closure,2023-01-10,2023-01-09,2023-06-30,,2023-06-30,65.63,0
block,CO,51.0,21.0,reduction in force,layoff,,2025-03-25,2025-03-25,2025-03-25,2025-03-25,65.62,0
united states cellular,IA,51.0,11.0,amendment - change in date,amendment,,2025-06-11,2025-07-01,,2025-07-01,65.7,0
google mp3,CA,51.0,27.0,layoff permanent,layoff,2026-01-27,2026-01-26,2026-03-29,,2026-03-29,65.63,0
gxo logistics supply chain,GA,49.0,77.0,permanent layoff / reduction in force,layoff,,,2023-08-23,,2023-08-23,65.93,1
heartland alliance health,IL,62.0,40.0,furlough,layoff,2023-10-28,2023-10-28,2023-11-12,2023-11-12,2023-11-12,65.66,0
centerra a subsidiary of constellis,CA,56.0,31.0,layoff permanent,layoff,2025-03-07,2025-03-06,2025-05-06,,2025-05-06,65.63,0
amazon,CA,45.0,98.0,layoff permanent,layoff,2024-01-29,2024-01-10,2024-03-11,,2024-03-11,65.98,1
s s activewear,TX,42.0,146.0,layoff,layoff,,,2025-12-04,,2025-12-04,66.2,1
foods co 371,CA,44.0,58.0,closure permanent,closure,2026-03-02,2026-02-27,2026-03-14,,2026-03-14,65.7,0
general atomics aeronautical systems,CA,33.0,14.0,layoff permanent,layoff,2023-04-21,2023-04-04,2023-06-05,,2023-06-05,65.63,0
major metro at target stores,MN,44.0,75.0,closure,closure,2024-05-08,2024-05-08,2024-06-01,,2024-06-01,65.86,0
google,CA,51.0,19.0,layoff permanent,layoff,2023-01-24,2023-01-20,2023-03-31,,2023-03-31,65.63,0
quest diagnostics pack health,AL,,98.0,closure,closure,,2025-09-29,2025-11-28,,2025-11-28,65.94,1
yelloh bloomington,MN,,14.0,closure,closure,2024-09-23,2024-09-23,2024-11-22,,2024-11-22,65.65,0
northrop grumman,CA,33.0,105.0,layoff permanent,layoff,2024-03-20,2024-03-04,2024-04-29,,2024-04-29,66.01,1
cygnus home service llc d b a yelloh,MO,45.0,32.0,layoff,layoff,,2024-09-25,2024-11-22,,2024-11-22,65.59,0
yellow,CA,52.0,2.0,closure permanent,closure,2023-08-16,2023-08-01,2023-07-30,,2023-07-30,69.0,1
mercyone north iowa medical center,IA,62.0,34.0,mass layoff,mass_layoff,,2026-01-26,2026-03-17,,2026-03-17,65.7,0
kaiser foundation hospitals,CA,62.0,1.0,layoff permanent,layoff,2025-07-09,2025-07-07,2025-07-07,,2025-07-07,65.63,0
blue shield of california,CA,52.0,56.0,layoff permanent,layoff,2023-01-27,2022-12-22,2022-12-31,,2022-12-31,65.68,0
southeast service corporation d b a services for education,IA,56.0,31.0,mass layoff,mass_layoff,,2025-07-11,2025-08-11,,2025-08-11,65.7,0
wells fargo,IA,52.0,1.0,amendment,amendment,,2023-11-14,2024-01-14,,2024-01-14,65.7,0
brightview landscapes,OH,56.0,86.0,layoff,layoff,2024-03-04,,2024-05-01,2024-06-01,2024-05-01,65.87,0
leidos biomedical research,MD,54.0,23.0,layoff,layoff,,2025-04-25,2025-04-24,,2025-04-24,65.68,0
walmart neighborhood market store 3885 702 sw 8th street bentonville ar 72716,VA,44.0,98.0,closure,closure,,2023-07-11,2023-10-06,,2023-10-06,65.91,1
fisher group,IA,,32.0,closing,closure,,2025-02-11,2025-03-12,,2025-03-12,65.7,0
east coast migrant head start project ecmhsp,NC,61.0,19.0,closure,closure,2025-10-22,2025-10-17,2025-11-01,,2025-11-01,65.61,0
nikola,CA,33.0,1.0,layoff permanent,layoff,2025-02-19,2025-02-19,2025-04-21,,2025-04-21,65.63,0
crothall healthcare,FL,56.0,36.0,layoff,layoff,,2024-12-20,2024-12-15,2024-12-31,2024-12-15,65.62,0
virtex enterprises lp,TX,33.0,84.0,layoff,layoff,,,2025-06-14,,2025-06-14,65.92,1
e j gallo winery the ranch winery,CA,31.0,56.0,closure permanent,closure,2026-02-12,2026-02-12,2026-04-15,,2026-04-15,65.68,0
intel,CA,33.0,201.0,layoff permanent,layoff,2023-01-18,2022-12-02,2023-01-31,,2023-01-31,66.35,1
grandview aviation,MD,48.0,37.0,closure,closure,,2025-01-24,2025-03-27,,2025-03-27,65.68,0
lodging dynamics hospitality group llc midici restaurant,CA,72.0,9.0,layoff permanent,layoff,2026-03-19,2026-03-18,2026-05-20,,2026-05-20,65.63,0
compass group usa inc d b a chartwells,MD,72.0,123.0,closure,closure,,2025-03-26,2025-05-23,,2025-05-23,66.15,1
central garden pet,VA,31.0,94.0,closure,closure,,2026-04-14,2026-04-14,,2026-04-14,65.89,0
c2 technologies,FL,54.0,1.0,layoff,layoff,,2026-03-05,2026-03-06,2026-03-06,2026-03-06,65.62,0
richloom weaving,NC,31.0,54.0,closure,closure,2025-02-03,2025-02-03,2025-04-04,,2025-04-04,65.65,0
freshrealm,GA,31.0,75.0,closure,closure,,,2025-10-14,,2025-10-14,65.92,1
illumina inc worldwide headquarters,CA,54.0,8.0,layoff permanent,layoff,2025-11-14,2025-11-13,2025-11-11,,2025-11-11,65.63,0
cue health moda west,CA,33.0,1.0,layoff permanent,layoff,2024-02-02,2024-01-25,2024-03-26,,2024-03-26,65.63,0
boeing,CA,33.0,90.0,layoff permanent,layoff,2024-11-15,2024-11-15,2025-01-17,,2025-01-17,65.93,1
advance stores company incorporated and its subsidiary golden state supply,CA,44.0,17.0,closure permanent,closure,2024-11-15,2024-11-14,2025-03-10,,2025-03-10,65.63,0
old dominion job corps center 1073 father judge rd monroe va 24574,VA,,130.0,closure,closure,,2025-06-03,2025-06-30,,2025-06-30,66.05,1
american medical response mid atlantic,PA,62.0,152.0,layoff,layoff,,,2024-01-18,2024-04-18,2024-01-18,66.23,1
technicote inc dba beontag,OH,32.0,53.0,layoff,layoff,2026-03-25,,2026-05-24,,2026-05-24,65.62,0
cygnus home services llc d b a yelloh,IA,45.0,10.0,closing,closure,,2024-09-23,2024-11-22,,2024-11-22,65.7,0
faros unlimited,CA,,160.0,closure permanent,closure,2024-12-10,2024-12-10,2025-02-01,,2025-02-01,66.23,1
randalls 2490,TX,,76.0,layoff,layoff,,,2024-02-10,,2024-02-10,65.86,0
community memorial hospital,MN,62.0,30.0,closure,closure,,,2023-11-01,,2023-11-01,65.65,0
herbalife international of america,CA,31.0,12.0,layoff permanent,layoff,2023-06-07,2023-05-22,2023-04-28,,2023-04-28,65.63,0
tattooed chef 6309,CA,31.0,1.0,closure permanent,closure,2023-08-03,2023-06-29,2023-08-28,,2023-08-28,65.63,0
international paper,MO,32.0,132.0,closure,closure,,2024-10-21,2024-12-17,,2024-12-17,66.09,1
resolute forest products us inc domtar,MS,32.0,176.0,layoff,layoff,,2025-08-21,2025-09-25,,2025-09-25,66.23,1
libra industries,OH,33.0,45.0,layoff,layoff,2024-09-19,,2024-12-06,,2024-12-06,65.59,0
hyperloop technologies,NV,48.0,1.0,layoff,layoff,2023-02-28,2023-02-28,2023-04-25,,2023-04-25,65.68,0
graphic packaging international,TN,32.0,73.0,unknown,other,2024-05-13,,2024-07-09,,2024-07-09,65.81,0
gi alliance management,TX,44.0,25.0,layoff,layoff,,,2025-09-01,,2025-09-01,65.64,0
leidos,MD,54.0,130.0,layoff,layoff,,2023-11-01,2023-12-31,,2023-12-31,66.18,1
hyperloop one,CA,48.0,3.0,layoff permanent,layoff,2023-12-14,2023-11-02,2023-12-30,,2023-12-30,65.63,0
inari agriculture,IN,11.0,64.0,layoff,layoff,,2026-01-20,2026-01-20,,2026-01-20,65.72,0
hallie q brown st paul,MN,62.0,2.0,closure,closure,,,2025-01-24,,2025-01-24,65.65,0
green plains fairmont,MN,31.0,55.0,closure,closure,,,2025-01-17,,2025-01-17,65.7,0
activision blizzard,CA,51.0,79.0,layoff permanent,layoff,2024-02-02,2024-01-25,2024-03-30,,2024-03-30,65.86,0
alerislife,MA,62.0,179.0,layoff,layoff,2025-09-03,,2025-11-03,2025-12-31,2025-11-03,66.29,1
distribution alternatives,CA,49.0,23.0,closure permanent,closure,2023-12-14,2023-11-09,2024-01-08,,2024-01-08,65.63,0
jabil,CA,33.0,21.0,closure permanent,closure,2025-08-07,2025-08-06,2025-10-01,,2025-10-01,65.63,0
accenture austin,TX,54.0,218.0,layoff,layoff,,,2023-08-14,,2023-08-14,66.41,1
infineon technologies americas,CA,33.0,8.0,layoff permanent,layoff,2025-02-05,2025-01-31,2025-02-14,,2025-02-14,65.63,0
ups dallas facility,TX,,62.0,layoff,layoff,,,2025-08-05,,2025-08-05,65.76,0
packers sanitation services inc pssi,KY,56.0,78.0,layoff,layoff,2024-03-27,,2024-03-31,,2024-03-31,65.84,0
nordstrom credit,IL,52.0,13.0,layoff,layoff,2025-06-03,2025-06-26,2025-09-13,2025-09-13,2025-09-13,65.66,0
kaiser foundation hospitals,CA,62.0,1.0,layoff permanent,layoff,2024-09-23,2024-09-23,2024-11-22,,2024-11-22,65.63,0
plug power,NY,33.0,79.0,economic,other,,2025-03-25,2025-06-23,2025-06-23,2025-06-23,65.99,1
itc federal,NE,54.0,141.0,layoff,layoff,,2024-12-03,,,2024-12-03,66.14,1
bloom energy,CA,33.0,12.0,layoff permanent,layoff,2023-10-23,2023-09-16,2023-09-16,,2023-09-16,65.63,0
headway technologies,CA,33.0,2.0,layoff permanent,layoff,2023-08-30,2023-07-20,2023-09-22,,2023-09-22,65.63,0
lucira health,CA,33.0,17.0,layoff permanent,layoff,2023-02-22,2023-02-14,2023-04-15,,2023-04-15,65.63,0
gxo logistics supply chain,PA,49.0,91.0,closure,closure,,,2025-04-15,,2025-04-15,65.96,1
shutterfly,MN,33.0,97.0,layoff,layoff,2023-01-26,2023-01-26,2023-03-29,,2023-03-29,66.0,1
general dynamics information technology,DC,54.0,87.0,layoff,layoff,,2026-04-17,2026-06-15,,2026-06-15,65.85,0
aramark christus children s hospital,TX,72.0,71.0,layoff,layoff,,,2023-10-31,,2023-10-31,65.83,0
cyh manhattan llc d b a the stewart hotel,NY,45.0,99.0,contract termination,other,,2025-03-14,2025-06-12,2025-06-12,2025-06-12,66.11,1
macy s distribution,OK,,48.0,closure,closure,,2026-01-15,,,2026-01-15,66.78,1
block,MT,51.0,1.0,layoff,layoff,,2025-03-27,2024-05-24,,2024-05-24,65.52,0
owens brockway glass container,IL,32.0,152.0,layoff,layoff,2024-10-21,2024-10-21,2024-12-21,,2024-12-21,66.24,1
coconut whisk café,MN,72.0,1.0,closure,closure,,,2024-03-01,,2024-03-01,65.65,0
cadrex manufacturing solutions,WI,33.0,30.0,layoff,layoff,,2024-04-08,2024-04-11,,2024-04-11,65.64,0
full steam staffing,CA,56.0,44.0,layoff permanent,layoff,2024-11-05,2024-10-30,2024-12-31,,2024-12-31,65.63,0
jcf housements manufacturing,TN,33.0,79.0,unknown,other,2023-05-30,,2023-05-17,,2023-05-17,65.85,0
lam research,CA,33.0,6.0,layoff permanent,layoff,2023-06-30,2023-05-25,2023-07-26,,2023-07-26,65.63,0
professional course management ii,FL,71.0,68.0,layoff,layoff,,2026-02-27,2026-05-01,2026-06-30,2026-05-01,65.78,0
farmers group,CA,52.0,1.0,layoff permanent,layoff,2023-09-28,2023-08-28,2023-12-26,,2023-12-26,65.63,0
walmart,CA,,79.0,layoff permanent,layoff,2025-02-05,2025-02-05,2025-06-13,,2025-06-13,65.86,0
supernal,CA,,48.0,layoff permanent,layoff,2026-03-02,2026-02-27,2026-04-28,,2026-04-28,65.63,0
elior north america,DC,72.0,76.0,layoff,layoff,,2026-02-02,2026-06-30,,2026-06-30,65.78,0
j bauer trucking,WI,48.0,64.0,closure,closure,,2024-10-30,2024-12-31,,2024-12-31,65.76,0
cafe astoria,MN,72.0,20.0,closure,closure,,,2024-03-18,,2024-03-18,65.65,0
bolt biotherapeutics,CA,32.0,38.0,layoff permanent,layoff,2024-05-17,2024-05-14,2024-07-15,,2024-07-15,65.63,0
burger king redwood falls,MN,72.0,1.0,closure,closure,,,2023-04-12,,2023-04-12,65.65,0
triple canopy,CA,32.0,2.0,layoff permanent,layoff,2024-04-22,2024-03-27,2024-05-31,,2024-05-31,65.63,0
herbalife international of america,CA,31.0,28.0,layoff permanent,layoff,2024-06-03,2024-06-03,2024-05-31,,2024-05-31,65.63,0
mh employment services,FL,56.0,60.0,layoff,layoff,,2023-07-05,2023-08-29,2023-08-29,2023-08-29,65.72,0
wells fargo,IA,52.0,14.0,amendment - additional employees,amendment,,2025-04-01,2025-06-01,,2025-06-01,65.7,0
boeing,CA,33.0,1.0,layoff permanent,layoff,2024-11-15,2024-11-15,2025-01-17,,2025-01-17,65.63,0
democratic national committee,DC,,48.0,layoff,layoff,,2024-09-13,2024-11-15,,2024-11-15,66.76,1
evergreen enterprises of va llc 5915 midlothian turnpike richmond va 23225,VA,42.0,107.0,layoff,layoff,,2024-02-26,2024-05-03,,2024-05-03,65.95,1
meteor creative,OH,54.0,66.0,closure,closure,2026-02-24,,2026-04-24,,2026-04-24,65.73,0
california resources corporation river run,CA,21.0,46.0,layoff permanent,layoff,2026-02-17,2026-02-17,2026-02-14,,2026-02-14,65.63,0
safeway logistics,NC,,72.0,layoff,layoff,2025-10-01,2025-09-19,2025-11-22,,2025-11-22,65.8,0
advance stores company incorporated and its subsidiary golden state supply,CA,44.0,6.0,closure permanent,closure,2024-11-15,2024-11-14,2025-03-07,,2025-03-07,65.63,0
williamston clinic,NC,62.0,3.0,closure,closure,2023-08-04,2023-08-03,2023-10-05,,2023-10-05,65.61,0
staffing boutique,NY,56.0,34.0,"contract termination, government ordered closing",closure,,2025-01-27,2025-02-07,2025-03-10,2025-02-07,65.76,0
bright health,MN,62.0,42.0,layoff,layoff,2023-02-01,2023-02-01,2023-04-01,,2023-04-01,66.0,1
modern hr inc dba the kooples bloom,CA,56.0,3.0,closure permanent,closure,2024-11-26,2024-11-21,2025-02-28,,2025-02-28,65.63,0
corteva agriscience,CA,11.0,1.0,layoff permanent,layoff,2025-03-14,2025-03-14,2025-07-04,,2025-07-04,65.63,0
virgin orbit,CA,48.0,6.0,layoff permanent,layoff,2023-04-24,2023-04-04,2023-06-03,,2023-06-03,65.63,0
carestream update,CO,33.0,18.0,reduction in force,layoff,,2024-05-21,2024-07-22,2024-08-05,2024-07-22,65.62,0
cohere beauty,CA,32.0,20.0,closure permanent,closure,2024-07-24,2024-07-24,2024-11-30,,2024-11-30,65.63,0
brook whittle,PA,32.0,72.0,closure,closure,,,2023-05-25,,2023-05-25,65.84,0
triple canopy,CA,32.0,20.0,layoff permanent,layoff,2024-04-22,2024-03-27,2024-05-31,,2024-05-31,65.63,0
modern hr inc dba the kooples bloom,CA,56.0,7.0,closure permanent,closure,2024-11-26,2024-11-21,2025-02-28,,2025-02-28,65.63,0
g2 secure staff,CA,56.0,103.0,layoff permanent,layoff,2025-09-03,2025-09-02,2025-11-01,,2025-11-01,66.0,1
deer park nursing and rehab center,TX,62.0,40.0,layoff,layoff,,,2023-02-08,,2023-02-08,65.64,0
gee heavy machinery,CA,42.0,7.0,layoff permanent,layoff,2025-07-18,2025-07-18,2025-07-21,,2025-07-21,65.63,0
vir biotechnology,CA,54.0,141.0,layoff permanent,layoff,2024-08-01,2024-07-31,2024-09-30,,2024-09-30,66.17,1
inland bank trust,IL,52.0,54.0,layoff,layoff,2023-03-24,2023-03-24,2023-05-01,2023-08-31,2023-05-01,65.7,0
american nursery services,AK,11.0,48.0,closure,closure,,2023-09-05,2023-12-31,,2023-12-31,66.82,1
qualcomm incorporated,CA,33.0,3.0,layoff permanent,layoff,2026-04-09,2026-04-08,2026-06-08,,2026-06-08,65.63,0
premier care,MI,62.0,94.0,layoff,layoff,,,2025-11-01,,2025-11-01,65.88,0
divvy homes,FL,53.0,1.0,layoff,layoff,,2023-09-07,2023-11-07,2023-11-07,2023-11-07,65.62,0
viasat,CA,51.0,4.0,layoff permanent,layoff,2023-04-07,2023-03-31,2023-06-02,,2023-06-02,65.63,0
davids bridal update,CO,44.0,138.0,bankrupcy,other,,2023-06-12,2023-08-20,2023-09-02,2023-08-20,66.14,1
carefusion resources llc a subsidiary of becton dickinson and,CA,33.0,42.0,layoff permanent,layoff,2025-02-12,2025-02-11,2024-12-20,,2024-12-20,65.63,0
surveillance security inc of unarmed security guards,CA,56.0,1.0,layoff permanent,layoff,2025-01-31,2025-01-31,2025-03-31,,2025-03-31,65.63,0
west liberty foods,IA,31.0,1.0,mass layoff,mass_layoff,,2024-07-17,2024-08-18,,2024-08-18,65.7,0
walmart health virtual care,AZ,62.0,74.0,layoff,layoff,,2024-05-17,,,2024-05-17,65.85,0
discovery energy llc d b a rehlko,WI,21.0,66.0,closure,closure,,2025-06-11,2025-08-08,,2025-08-08,65.78,0
cor restaurant services,AZ,72.0,140.0,layoff,layoff,,2024-04-09,,,2024-04-09,66.18,1
hospital sisters health system sacred heart hospital of eau claire shec,WI,62.0,1.0,closure,closure,,2024-01-23,2024-03-22,,2024-03-22,65.64,0
innodata services,FL,51.0,1.0,layoff,layoff,,2026-02-03,2026-02-06,2026-03-13,2026-02-06,65.62,0
evernorth care group,AZ,62.0,143.0,layoff,layoff,,2025-11-11,,,2025-11-11,66.19,1
tri state envelope,IA,33.0,21.0,closing,closure,,2025-10-27,2025-10-27,,2025-10-27,65.7,0
sunpower,CA,,182.0,layoff permanent,layoff,2024-07-29,2024-07-26,2024-09-24,,2024-09-24,66.3,1
twelve benefit corporation 614 bancroft way suite h,CA,32.0,52.0,layoff permanent,layoff,2025-10-29,2025-10-29,2025-10-29,,2025-10-29,65.65,0
superior ymca,WI,,112.0,layoff,layoff,,2025-11-13,2025-12-31,,2025-12-31,66.06,1
christos greek restaurant,MN,72.0,1.0,layoff,layoff,,,2026-01-24,,2026-01-24,65.65,0
carbon health,CA,62.0,3.0,layoff permanent,layoff,2023-10-18,2023-08-10,2023-10-09,,2023-10-09,65.63,0
merck,PA,32.0,5.0,layoff,layoff,,,2024-03-15,,2024-03-15,65.65,0
immunitybio,CA,54.0,1.0,layoff permanent,layoff,2025-01-28,2025-01-24,2025-03-25,,2025-03-25,65.63,0
sdh service east,GA,56.0,67.0,permanent layoff / reduction in force,layoff,,,2026-01-31,,2026-01-31,65.86,0
lifescience logistics,MD,48.0,31.0,closure,closure,,2023-11-22,2024-01-25,,2024-01-25,67.0,1
eclipse advantage,CA,56.0,58.0,layoff permanent,layoff,2025-09-25,2025-09-24,2025-11-23,,2025-11-23,65.7,0
manpower group irving,TX,56.0,173.0,layoff,layoff,,,2025-03-28,,2025-03-28,66.29,1
sentara health,FL,,80.0,layoff,layoff,,2025-10-03,2025-12-05,2026-04-10,2025-12-05,65.87,0
lodging dynamics hospitality group llc courtyard towneplace suites,CA,72.0,97.0,layoff permanent,layoff,2026-03-19,2026-03-18,2026-05-20,,2026-05-20,65.97,1
stg international,TX,54.0,107.0,layoff,layoff,,,2024-07-31,,2024-07-31,66.04,1
c2 technologies,FL,54.0,1.0,layoff,layoff,,2026-03-05,2026-03-06,2026-03-06,2026-03-06,65.62,0
vacuum technique,OR,33.0,78.0,layoff,layoff,,2025-12-31,,,2025-12-31,65.92,1
at t,IL,51.0,34.0,layoff,layoff,2023-06-26,2023-06-26,2023-09-13,,2023-09-13,65.66,0
planned parenthood mar monte,CA,62.0,1.0,layoff permanent,layoff,2025-07-30,2025-07-24,2025-09-25,,2025-09-25,65.63,0
marvell semiconductor,CA,33.0,96.0,layoff permanent,layoff,2023-04-03,2023-03-22,2023-05-22,,2023-05-22,65.96,1
illumina,CA,54.0,76.0,layoff permanent,layoff,2023-08-15,2023-07-13,2023-08-14,,2023-08-14,65.84,0
krispy kreme doughnut,NC,31.0,102.0,closure,closure,2023-03-13,2023-03-10,2023-05-11,,2023-05-11,65.99,1
southern pacpizza dba pizza hut 029225,CA,72.0,10.0,layoff permanent,layoff,2024-01-24,2023-12-14,2024-02-16,,2024-02-16,65.63,0
metalco usa,OH,33.0,71.0,closure,closure,2025-04-08,,2025-06-05,,2025-06-05,65.77,0
carnegie institution for science,MD,54.0,15.0,layoff,layoff,,2026-03-30,2026-06-30,,2026-06-30,65.68,0
panera,MD,,118.0,closure,closure,,2026-03-17,2026-05-20,2026-05-22,2026-05-20,66.13,1
nichiha usa,GA,32.0,171.0,permanent layoff / reduction in force,layoff,,,2025-12-06,,2025-12-06,66.35,1
dunham s bar and restaurant,MN,72.0,10.0,closure,closure,,,2024-08-25,,2024-08-25,65.65,0
primo brands,CA,,3.0,layoff permanent,layoff,2025-07-18,2025-07-18,2025-09-16,,2025-09-16,65.63,0
air general,NC,48.0,99.0,closure,closure,2025-01-27,2025-01-27,2025-03-31,,2025-03-31,65.97,1
4th street saloon,MN,72.0,1.0,closure,closure,,,2024-03-18,,2024-03-18,65.65,0
the ames company closetmaid,MD,33.0,123.0,closure,closure,,2024-01-09,2024-03-28,,2024-03-28,66.15,1
palo verde healthcare district,CA,,94.0,closure permanent,closure,2025-09-25,2025-09-24,2025-11-23,,2025-11-23,65.95,1
bechtel infrastructure power,CA,23.0,3.0,closure permanent,closure,2024-01-31,2024-01-16,2024-03-18,,2024-03-18,65.63,0
honeywell intelligrated,MD,33.0,18.0,closure,closure,,2023-03-29,2023-05-21,,2023-05-21,65.68,0
bluum usa,TX,42.0,60.0,layoff,layoff,,,2026-04-20,,2026-04-20,65.74,0
advance stores company incorporated and its subsidiary golden state supply,CA,44.0,11.0,closure permanent,closure,2024-11-15,2024-11-14,2025-03-06,,2025-03-06,65.63,0
hyperloop technologies,NV,48.0,4.0,layoff,layoff,2023-05-02,2023-05-02,2023-07-01,,2023-07-01,65.68,0
splunk,CA,51.0,93.0,layoff permanent,layoff,2023-12-13,2023-11-01,2023-12-18,,2023-12-18,65.95,1
luke holdings inc del rio,TX,,36.0,layoff,layoff,,,2025-02-28,,2025-02-28,65.64,0
amazon sjc10,CA,45.0,138.0,layoff permanent,layoff,2025-10-29,2025-10-28,2026-01-26,,2026-01-26,66.15,1
railcrew xpress,IN,,70.0,closure,closure,,2023-01-05,2023-02-20,,2023-02-20,65.77,0
experian experian health and experian information solutions,CA,51.0,5.0,layoff permanent,layoff,2026-03-17,2026-03-17,2026-05-18,,2026-05-18,65.63,0
brown toland physician services organization,CA,62.0,9.0,layoff permanent,layoff,2023-01-30,2022-12-22,2023-01-01,,2023-01-01,65.63,0
general atomics aeronautical systems,CA,33.0,144.0,layoff permanent,layoff,2023-04-21,2023-04-04,2023-06-05,,2023-06-05,66.18,1
noble house home furnishings,CA,44.0,61.0,closure permanent,closure,2023-10-18,2023-09-11,2023-10-31,,2023-10-31,65.73,0
updated boston electrometallurgical corporation dba boston metal,MA,54.0,71.0,layoff,layoff,2026-03-12,,2026-04-21,,2026-04-21,65.81,0
hickman s family farms,AZ,11.0,85.0,layoff,layoff,,2025-06-16,,,2025-06-16,65.92,1
takeda pharmaceuticals usa,MA,32.0,146.0,layoff,layoff,2024-05-21,,,,2024-05-21,66.19,1
midwest transport,IL,,75.0,closing,closure,2024-09-30,2024-09-30,2024-09-09,,2024-09-09,65.87,0
menasha packaging,IL,32.0,26.0,layoff,layoff,2023-08-31,2023-08-31,2023-10-31,2023-10-31,2023-10-31,65.66,0
southern pacpizza dba pizza hut 029199,CA,72.0,1.0,layoff permanent,layoff,2024-01-24,2023-12-14,2024-02-12,,2024-02-12,65.63,0
kaiser foundation hospitals,CA,62.0,41.0,layoff permanent,layoff,2023-12-13,2023-11-06,2024-01-04,,2024-01-04,65.63,0
david s bridal llc mcallen,TX,44.0,31.0,layoff,layoff,,,2023-07-17,,2023-07-17,65.64,0
nkarta,CA,54.0,1.0,layoff permanent,layoff,2025-03-27,2025-03-26,2025-03-31,,2025-03-31,65.63,0
sunpower,CA,,71.0,closure permanent,closure,2024-05-01,2024-04-24,2024-06-24,,2024-06-24,65.81,0
nbcuniversal media bldg 1440,CA,51.0,13.0,layoff permanent,layoff,2025-05-22,2025-05-21,2025-06-27,,2025-06-27,65.63,0
leidos,MD,54.0,156.0,layoff,layoff,,2026-04-06,2026-06-05,,2026-06-05,66.28,1
cruise,CA,33.0,3.0,layoff permanent,layoff,2025-02-04,2025-02-04,2025-04-05,,2025-04-05,65.63,0
pirch,CA,44.0,1.0,layoff permanent,layoff,2024-04-09,2024-04-04,2024-04-04,,2024-04-04,65.63,0
tree top,OR,31.0,74.0,closure,closure,,2023-08-01,,,2023-08-01,65.89,0
kaiser foundation hospitals,CA,62.0,2.0,layoff permanent,layoff,2025-02-25,2025-02-24,2025-04-25,,2025-04-25,65.63,0
david s bridal corporate office,OR,44.0,5.0,closure,closure,,2023-04-14,,,2023-04-14,65.69,0
raymundos food group,IL,,123.0,closing,closure,2024-06-28,2024-06-28,2024-08-29,,2024-08-29,66.13,1
advance stores company incorporated and its subsidiary golden state supply,CA,44.0,6.0,closure permanent,closure,2024-11-15,2024-11-14,2025-02-25,,2025-02-25,65.63,0
alticor,CA,,26.0,closure permanent,closure,2025-05-30,2025-05-30,2025-06-12,,2025-06-12,65.63,0
northrop grumman,CA,33.0,2.0,layoff permanent,layoff,2024-03-20,2024-03-04,2024-04-29,,2024-04-29,65.63,0
xto energy inc donie 2,TX,,46.0,layoff,layoff,,,2023-12-20,,2023-12-20,65.64,0
central valley eggs,CA,61.0,11.0,layoff permanent,layoff,2024-12-23,2024-12-20,2024-12-20,,2024-12-20,65.63,0
cygnus home service llc d b a yelloh,SC,45.0,6.0,closure,closure,,2023-10-25,2023-12-15,,2023-12-15,65.61,0
waite,MN,,1.0,closure,closure,,,2025-07-21,,2025-07-21,65.65,0
shadow holdings llc dba bright innovation labs,CA,,2.0,closure permanent,closure,2024-11-26,2024-11-20,2025-01-24,,2025-01-24,65.63,0
richmond print group,VA,32.0,76.0,layoff,layoff,,2025-12-09,2026-02-08,,2026-02-08,65.77,0
meta platforms,CA,51.0,42.0,layoff permanent,layoff,2023-05-08,2023-04-24,2023-06-23,,2023-06-23,65.63,0
google la 5,CA,51.0,22.0,layoff permanent,layoff,2023-01-23,2023-01-20,2023-03-31,,2023-03-31,65.63,0
arbor e t llc d b a equus workforce solutions woodstock jcc,MD,56.0,117.0,closure,closure,,2025-01-28,2025-04-01,,2025-04-01,66.13,1
wellmore energy company llc paw paw 2 north,KY,21.0,20.0,layoff,layoff,2023-07-20,,2023-09-10,,2023-09-10,65.61,0
jeld wen coppell,TX,33.0,56.0,layoff,layoff,,,2025-04-28,,2025-04-28,65.7,0
athletics investment group,CA,71.0,14.0,closure permanent,closure,2024-07-24,2024-07-23,2024-10-02,,2024-10-02,65.63,0
de la paz cleaning and rental services llc donna,TX,56.0,125.0,layoff,layoff,,,2025-03-07,,2025-03-07,66.12,1
thermo fisher scientific,CA,33.0,12.0,layoff permanent,layoff,2023-03-07,2023-03-07,2023-05-06,,2023-05-06,65.63,0
wells fargo,IA,52.0,26.0,amendment,amendment,,2024-06-11,2024-08-11,,2024-08-11,65.7,0
saks,FL,45.0,74.0,layoff,layoff,,2026-01-23,2026-03-27,2026-04-30,2026-03-27,65.83,0
heritage bank of commerce danville,CA,52.0,4.0,layoff permanent,layoff,2026-03-17,2026-02-27,2026-04-17,,2026-04-17,65.63,0
los ocampo st paul,MN,72.0,1.0,layoff,layoff,,,2026-01-19,,2026-01-19,65.65,0
hanwha vision america,CA,33.0,23.0,closure permanent,closure,2024-10-01,2024-10-01,2024-12-04,,2024-12-04,65.63,0
sheraton,UT,,100.0,layoff,layoff,,2026-02-15,,,2026-02-15,66.02,1
american nursery services,ID,11.0,48.0,layoff,layoff,,2023-09-05,2023-12-31,,2023-12-31,66.86,1
fedex supply chain,PA,49.0,70.0,layoff,layoff,,,2025-02-17,2025-03-03,2025-02-17,65.83,0
tvi inc dba savers,CA,45.0,52.0,closure permanent,closure,2024-12-10,2024-12-06,2024-12-14,,2024-12-14,65.65,0
mettler toledo rainin,CA,33.0,89.0,layoff permanent,layoff,2025-11-17,2025-11-16,2026-01-17,,2026-01-17,65.93,1
bar brava,MN,72.0,1.0,layoff,layoff,,,2026-01-19,,2026-01-19,65.65,0
gnc distribution center,AZ,44.0,66.0,layoff,layoff,,2026-01-07,,,2026-01-07,65.79,0
qualcomm incorporated,CA,33.0,1.0,layoff permanent,layoff,2023-06-14,2023-05-17,2023-07-18,,2023-07-18,65.63,0
winnebago industries,IA,33.0,30.0,mass layoff,mass_layoff,,2025-05-15,2025-06-13,,2025-06-13,65.7,0
amazon sjc31,CA,45.0,27.0,layoff permanent,layoff,2025-10-29,2025-10-28,2026-01-26,,2026-01-26,65.63,0
suntree snack foods,NC,,29.0,closure,closure,2024-02-13,2024-02-13,2024-04-30,,2024-04-30,65.61,0
hmi,CA,,16.0,closure permanent,closure,2024-01-08,2023-11-28,2024-01-29,,2024-01-29,65.63,0
dhl supply chain,GA,49.0,93.0,permanent layoff / reduction in force,layoff,,,2024-08-31,,2024-08-31,66.03,1
cepheid,CA,32.0,7.0,layoff permanent,layoff,2025-03-13,2025-03-12,2025-05-12,,2025-05-12,65.63,0
poseida therapeutics,CA,54.0,52.0,layoff permanent,layoff,2025-08-04,2025-07-31,2025-10-01,,2025-10-01,65.65,0
aspiration,NV,52.0,184.0,layoff,layoff,2023-03-24,2023-03-24,2023-05-26,,2023-05-26,66.36,1
university of southern california hc1,CA,62.0,2.0,layoff permanent,layoff,2025-08-05,2025-08-04,2025-10-04,,2025-10-04,65.63,0
central valley eggs,CA,61.0,53.0,layoff permanent,layoff,2024-12-03,2024-11-26,2024-11-26,,2024-11-26,65.66,0
teksystems,NJ,54.0,58.0,layoff,layoff,,2025-08-12,,,2025-08-12,65.66,0
san benito home health care agency,CA,62.0,12.0,closure permanent,closure,2023-01-23,2022-12-19,2023-02-18,,2023-02-18,65.63,0
pentair water pool and spa,CA,33.0,31.0,closure permanent,closure,2023-02-07,2023-02-02,2023-04-10,,2023-04-10,65.63,0
volta,CA,,68.0,closure permanent,closure,2024-04-09,2024-03-29,2024-05-31,,2024-05-31,65.79,0
aura management,CA,55.0,13.0,closure permanent,closure,2024-04-18,2024-04-18,2024-07-11,,2024-07-11,65.63,0
kaiser foundation hospitals,CA,62.0,6.0,layoff permanent one kaiser plaza,layoff,2024-10-09,2024-10-07,2024-12-06,,2024-12-06,65.63,0
c2 technologies,KY,54.0,2.0,layoff,layoff,2026-03-06,,2026-03-06,,2026-03-06,65.61,0
at t,CA,51.0,34.0,layoff permanent,layoff,2024-11-26,2024-11-22,2025-01-21,,2025-01-21,65.63,0
fiddlehead coffee co rochester,MN,72.0,1.0,closure,closure,,,2023-07-01,,2023-07-01,65.65,0
david s bridal,MO,44.0,48.0,closure,closure,,2023-04-17,2023-06-12,,2023-06-12,66.79,1
miller s ale house,PA,72.0,49.0,closure,closure,,,2026-03-30,,2026-03-30,65.65,0
cointerpart international,DC,,64.0,layoff,layoff,,2025-03-28,,,2025-03-28,65.69,0
dermtech,CA,54.0,101.0,layoff permanent,layoff,2024-04-23,2024-04-18,2024-06-17,,2024-06-17,65.99,1
david s bridal llc mesquite,TX,44.0,27.0,layoff,layoff,,,2023-07-17,,2023-07-17,65.64,0
ie italian eatery and un dito,MN,72.0,53.0,closure,closure,,,2024-04-24,,2024-04-24,65.68,0
zeco systems,FL,33.0,1.0,layoff,layoff,,2025-08-18,2025-10-04,2025-12-31,2025-10-04,65.62,0
waldorf astoria employer llc dba waldorf astoria beverly hills,CA,,57.0,layoff temporary,layoff,2025-12-01,2025-12-01,2026-02-02,,2026-02-02,65.69,0
devon seafood grill,PA,72.0,76.0,closure,closure,,,2025-01-01,2025-01-03,2025-01-01,65.87,0
futurewei technologies,CA,54.0,43.0,layoff permanent,layoff,2023-02-24,2023-02-20,2023-04-03,,2023-04-03,65.63,0
resort vacations,CA,53.0,24.0,closure permanent,closure,2024-04-02,2024-03-22,2024-05-21,,2024-05-21,65.63,0
walmart,CA,,7.0,layoff permanent,layoff,2024-05-20,2024-05-17,2024-08-09,,2024-08-09,65.63,0
dp holdings colorado,FL,,113.0,layoff,layoff,,2024-10-16,2024-12-31,2024-12-31,2024-12-31,66.05,1
chartwells,PA,72.0,6.0,layoff,layoff,,,2025-06-06,,2025-06-06,65.65,0
regional center of the east bay,CA,62.0,108.0,layoff permanent,layoff,2025-08-19,2025-08-19,2025-10-06,,2025-10-06,66.03,1
best buy shakopee,MN,44.0,1.0,closure,closure,,,2023-03-04,,2023-03-04,65.65,0
harris teeter,VA,44.0,91.0,closure,closure,,2025-11-18,2026-02-01,,2026-02-01,65.87,0
apple,CA,33.0,49.0,layoff permanent,layoff,2024-04-02,2024-03-28,2024-05-27,,2024-05-27,65.63,0
heritage bank of commerce oakland,CA,52.0,1.0,layoff permanent,layoff,2026-03-17,2026-02-27,2026-04-17,,2026-04-17,65.63,0
sodexo,CA,72.0,59.0,closure permanent,closure,2024-10-30,2024-10-30,2024-12-31,,2024-12-31,65.71,0
pacpizza dba pizza hut 011729,CA,,4.0,layoff permanent,layoff,2024-01-24,2023-12-14,2024-02-17,,2024-02-17,65.63,0
columbus mckinnon,NC,33.0,73.0,closure,closure,2024-07-30,2024-07-30,2024-09-29,,2024-09-29,65.81,0
david s bridal rochester,MN,44.0,10.0,closure,closure,2023-04-17,2023-04-17,2023-07-17,,2023-07-17,65.65,0
depuy spine limited partnership johnson johnson,CO,33.0,15.0,"reduction in force ending manufacuring, quality & distribution",layoff,,2023-07-24,2023-09-22,2023-10-05,2023-09-22,65.62,0
usertesting,CA,51.0,63.0,layoff permanent,layoff,2023-02-28,2023-02-23,2023-05-01,,2023-05-01,65.75,0
ll flooring st cloud,MN,44.0,3.0,closure,closure,,,2024-09-30,,2024-09-30,65.65,0
ruan transport corporation 11499 intertrans lane gordonsville va 22942,VA,48.0,46.0,closure,closure,,2024-01-05,2024-03-01,,2024-03-01,65.56,0
99 cents only store llc katy 2,TX,45.0,20.0,layoff,layoff,,,2024-06-03,,2024-06-03,65.64,0
pbs radiology,MO,62.0,2.0,layoff,layoff,,2023-07-13,2023-09-06,,2023-09-06,65.59,0
puc ecals,CA,61.0,22.0,closure permanent,closure,2026-04-06,2026-04-03,2026-06-05,,2026-06-05,65.63,0
san diego imaging management,CA,62.0,52.0,layoff permanent,layoff,2023-12-04,2023-10-31,2023-12-31,,2023-12-31,65.65,0
oheck,CA,,174.0,closure permanent,closure,2025-07-18,2025-07-17,2025-09-16,,2025-09-16,66.27,1
pure hothouse foods,TX,31.0,80.0,layoff,layoff,,,2025-12-31,,2025-12-31,65.89,0
chipper cash,CO,52.0,5.0,not stated,other,,2023-02-16,2023-02-17,2023-02-17,2023-02-17,65.62,0
staffing boutique,NY,56.0,63.0,"contract termination, government ordered closing",closure,,2025-01-27,2025-02-07,2025-03-10,2025-02-07,65.88,0
ohio eagle distributing,OH,,178.0,closure,closure,2025-07-07,,2025-09-08,,2025-09-08,66.25,1
amazon maq9,CA,45.0,174.0,closure permanent,closure,2026-01-28,2026-01-28,2026-04-28,,2026-04-28,66.27,1
marshalls minneapolis,MN,45.0,45.0,closure,closure,,,2023-01-14,,2023-01-14,65.65,0
first savings bank,KY,52.0,17.0,layoff,layoff,2023-08-29,,2023-11-30,,2023-11-30,65.61,0
golden gate university,CA,61.0,1.0,layoff permanent,layoff,2024-12-17,2024-12-16,2025-02-17,,2025-02-17,65.63,0
kira government services,FL,54.0,50.0,layoff,layoff,,2024-12-02,2025-01-31,2025-01-31,2025-01-31,65.62,0
wells fargo,IA,52.0,13.0,amendment,amendment,,2024-03-19,2024-03-19,,2024-03-19,65.7,0
bags metropolis,FL,56.0,41.0,layoff,layoff,,2024-12-13,2025-01-20,2025-02-17,2025-01-20,65.62,0
becton dickinson and,CA,33.0,3.0,layoff permanent,layoff,2023-11-30,2023-10-04,2023-10-13,,2023-10-13,65.63,0
tilson technology management,AZ,54.0,117.0,layoff,layoff,,2025-05-05,,,2025-05-05,66.09,1
becton dickinson and,CA,33.0,48.0,layoff permanent,layoff,2023-11-17,2023-10-17,2023-12-17,,2023-12-17,65.63,0
salem village nursing and rehabilitation center,IL,62.0,173.0,closing,closure,2024-01-11,2024-01-11,2024-03-15,2024-04-10,2024-03-15,66.31,1
99 cents only store llc callaghan rd,TX,45.0,20.0,layoff,layoff,,,2024-06-03,,2024-06-03,65.64,0
novolex shields accutech,OH,32.0,59.0,layoff,layoff,2023-10-02,,2023-12-01,2024-03-01,2023-12-01,65.67,0
job1 usa haslet,TX,56.0,25.0,layoff,layoff,,,2025-11-15,,2025-11-15,65.64,0
schmitt s stride rite rochester,MN,44.0,1.0,closure,closure,,,2025-07-01,,2025-07-01,65.65,0
federal express colorado springs,CO,49.0,94.0,closure,closure,,2023-08-09,2023-11-03,2023-11-03,2023-11-03,65.94,1
anaheim transportation network,CA,48.0,132.0,closure permanent,closure,2026-02-26,2026-02-26,2026-03-31,,2026-03-31,66.13,1
bicycle corporation of america kent,SC,33.0,64.0,closure,closure,,2025-05-09,2025-06-25,,2025-06-25,65.74,0
ci office,CA,,12.0,layoff temporary,layoff,2024-06-28,2024-06-20,2024-08-20,,2024-08-20,65.63,0
chaotic good brewing,MN,31.0,1.0,closure,closure,,,2024-12-23,,2024-12-23,65.65,0
daifuku services america,NC,56.0,34.0,closure,closure,2024-02-26,2024-02-23,2024-04-22,,2024-04-22,65.61,0
carbon,CA,33.0,78.0,layoff permanent,layoff,2025-09-17,2025-09-15,2025-11-17,,2025-11-17,65.86,0
innodata services,FL,51.0,1.0,layoff,layoff,,2026-02-03,2026-02-06,2026-03-13,2026-02-06,65.62,0
first brands group llc d b a eagle castings,PA,33.0,73.0,closure,closure,,,2026-02-27,2026-03-31,2026-02-27,65.85,0
st louis post dispatch,MO,51.0,3.0,closure,closure,,2026-02-06,2026-06-26,,2026-06-26,65.59,0
alameda health system john george hospital,CA,62.0,16.0,layoff permanent,layoff,2026-01-08,2026-01-06,2026-03-09,,2026-03-09,65.63,0
feeney brothers excavation,MA,23.0,20.0,layoff,layoff,2025-04-30,,2025-04-25,2025-07-31,2025-04-25,65.63,0
del monte capitol meat company llc dba allen brothers west coast,CA,31.0,53.0,closure permanent,closure,2024-04-17,2024-04-08,2024-06-09,,2024-06-09,65.66,0
atlanta attachment,GA,33.0,57.0,permanent layoff / reduction in force,layoff,,,2024-08-06,,2024-08-06,65.78,0
bh security,OH,56.0,4.0,layoff,layoff,2025-03-17,,2025-06-30,,2025-06-30,65.59,0
zymergen,CA,54.0,101.0,layoff permanent,layoff,2023-11-06,2023-10-03,2023-12-18,,2023-12-18,65.99,1
conn s appliances san antonio,TX,44.0,36.0,layoff,layoff,,,2024-09-23,,2024-09-23,65.64,0
coastal trading ventures,CA,42.0,74.0,layoff permanent,layoff,2025-07-02,2025-07-02,2025-09-07,,2025-09-07,65.83,0
all rite leasing,CA,53.0,132.0,closure permanent,closure,2025-07-10,2025-05-29,2025-07-29,,2025-07-29,66.13,1
infineon technologies americas,CA,33.0,3.0,layoff permanent,layoff,2025-02-05,2025-01-31,2025-02-14,,2025-02-14,65.63,0
pridgeon clay,IN,,125.0,closure,closure,,2024-10-07,2026-03-27,,2026-03-27,66.07,1
molson coors beverage company usa,WI,31.0,34.0,closure,closure,,2025-02-14,2025-01-17,,2025-01-17,65.64,0
alphonsus catholic school,MN,61.0,15.0,closure,closure,,,2024-05-31,,2024-05-31,65.65,0
medtec llc dba cq medical,IA,33.0,33.0,closing,closure,,2025-12-10,2026-02-06,,2026-02-06,65.7,0
maximus,IA,54.0,34.0,mass layoff,mass_layoff,,2024-11-22,2024-12-31,,2024-12-31,65.7,0
critical ideas inc dba chipper cash,NC,54.0,4.0,layoff,layoff,2023-02-21,2023-02-16,2023-02-17,,2023-02-17,65.61,0
daifuku services america,MD,56.0,67.0,layoff,layoff,,2024-02-22,2024-04-22,,2024-04-22,65.83,0
kroger fulfillment network,TN,49.0,132.0,unknown,other,2025-12-03,,2026-02-01,,2026-02-01,66.12,1
circus dog productions,CA,71.0,36.0,layoff permanent,layoff,2024-07-02,2024-06-28,2024-08-30,,2024-08-30,65.63,0
atlantic union bankshares corporation atlantic union,MD,52.0,28.0,layoff,layoff,,2025-02-14,2025-04-15,,2025-04-15,65.68,0
american medical response,KY,62.0,95.0,layoff,layoff,2023-06-01,,2023-07-31,,2023-07-31,65.94,1
zeco systems inc dba shell recharge solutions,NV,33.0,1.0,layoff,layoff,2025-08-18,2025-08-18,2025-10-31,,2025-10-31,65.68,0
sky chefs inc 3733 post office road arlington va 20001,VA,72.0,100.0,layoff,layoff,,2024-07-30,2024-09-30,,2024-09-30,65.92,1
burger king alexandria,MN,72.0,1.0,closure,closure,,,2023-04-12,,2023-04-12,65.65,0
gatan,CA,33.0,96.0,closure temporary,closure,2025-07-15,2025-07-15,2025-09-15,,2025-09-15,65.96,1
wayfinder family services,CA,62.0,9.0,closure permanent,closure,2024-05-14,2024-05-08,2024-07-07,,2024-07-07,65.63,0
yellow,ND,52.0,14.0,layoff,layoff,,2023-07-30,2023-07-30,,2023-07-30,69.0,1
hogan services,CA,54.0,1.0,layoff permanent,layoff,2024-10-30,2024-10-30,2024-12-30,,2024-12-30,66.0,1
amsive,OH,54.0,60.0,layoff,layoff,2024-03-18,,2024-05-17,,2024-05-17,65.68,0
freenome,CA,54.0,118.0,layoff permanent,layoff,2024-04-30,2024-04-23,2024-06-22,,2024-06-22,66.07,1
kaiser foundation hospitals 393,CA,62.0,1.0,layoff permanent,layoff,2025-10-07,2025-10-06,2025-09-17,,2025-09-17,65.63,0
the gambrinus company trumer brewery and taproom,CA,31.0,6.0,layoff permanent,layoff,2026-04-14,2026-04-13,2026-05-29,,2026-05-29,65.63,0
safeway inc store 0862,CO,,54.0,closure,closure,,2025-09-09,2025-11-07,2025-11-07,2025-11-07,65.66,0
spirit airlines,MI,48.0,103.0,layoff,layoff,,,2025-12-01,,2025-12-01,65.93,1
makita u s a,OR,33.0,6.0,closure,closure,,2023-04-28,,,2023-04-28,65.69,0
ensemble therapy,CA,62.0,48.0,layoff permanent,layoff,2024-05-01,2024-04-29,2024-06-30,,2024-06-30,65.63,0
wellpath,CA,62.0,13.0,closure permanent,closure,2024-05-15,2024-04-29,2024-06-30,,2024-06-30,65.63,0
mercy medical transportation,CA,62.0,58.0,layoff permanent,layoff,2023-09-08,2023-08-01,2023-09-30,,2023-09-30,65.7,0
inland empire job corps center,CA,61.0,134.0,closure permanent,closure,2025-06-04,2025-06-02,2025-06-02,,2025-06-02,66.14,1
adra international,MD,81.0,35.0,layoff,layoff,,2025-06-10,2025-08-16,,2025-08-16,65.68,0
barnes noble,IL,45.0,107.0,closing,closure,2025-01-29,2025-01-29,2025-04-01,,2025-04-01,66.06,1
abb optical group,CA,33.0,138.0,closure permanent,closure,2024-10-23,2024-10-23,2024-12-16,,2024-12-16,72.0,1
united states cellular,IA,51.0,13.0,amendment - change in date,amendment,,2025-06-11,2025-07-01,,2025-07-01,65.7,0
management training corporation dominguez state jail,TX,92.0,8.0,layoff,layoff,,,2025-08-31,,2025-08-31,65.64,0
plexus,OR,33.0,75.0,layoff,layoff,,2024-04-23,,,2024-04-23,65.9,1
boeing,FL,33.0,1.0,layoff,layoff,,2024-11-18,2025-01-17,2025-01-17,2025-01-17,65.62,0
safeway,CA,,38.0,closure permanent,closure,2023-10-13,2023-09-06,2023-11-03,,2023-11-03,65.63,0
food 4 less 364,CA,44.0,64.0,closure permanent,closure,2026-03-02,2026-02-27,2026-03-28,,2026-03-28,65.75,0
university of southern california,CA,62.0,5.0,layoff permanent,layoff,2025-11-05,2025-11-05,2025-12-31,,2025-12-31,65.63,0
pitney bowes,GA,33.0,3.0,permanent layoff / reduction in force,layoff,,,2024-09-17,,2024-09-17,65.71,0
yrc freight yellow,KY,,48.0,closure,closure,2023-07-30,,2023-07-30,,2023-07-30,66.81,1
accelerate360 distribution,ND,42.0,10.0,layoff,layoff,,2025-04-25,2025-06-28,,2025-06-28,65.73,0
newell brands,IL,33.0,75.0,mass layoff,mass_layoff,2023-04-14,2023-04-14,2023-07-01,2023-12-01,2023-07-01,65.87,0
xanterra,UT,72.0,116.0,layoff,layoff,,2024-12-31,,,2024-12-31,66.1,1
university of southern california norris cancer hospital,CA,62.0,10.0,layoff permanent,layoff,2025-08-05,2025-08-04,2025-10-04,,2025-10-04,65.63,0
boeing,FL,33.0,7.0,layoff,layoff,,2024-11-18,2025-01-17,2025-01-17,2025-01-17,65.62,0
microsoft,CA,,41.0,layoff permanent,layoff,2023-02-13,2023-02-09,2023-04-10,,2023-04-10,65.63,0
international paper,CA,32.0,128.0,closure permanent,closure,2025-11-14,2025-11-14,2026-01-14,,2026-01-14,66.11,1
google us mtv 40,CA,51.0,1.0,layoff permanent,layoff,2024-01-25,2024-01-10,2024-03-10,,2024-03-10,65.63,0
cardinal health,NE,42.0,5.0,layoff,layoff,,2024-02-07,,,2024-02-07,65.6,0
china cafe duluth,MN,72.0,1.0,closure,closure,,,2025-04-30,,2025-04-30,65.65,0
amware fulfillment,CA,49.0,83.0,closure permanent,closure,2023-11-06,2023-10-04,2023-12-11,,2023-12-11,65.89,0
right at school llc b gale wilson middle,CA,61.0,3.0,closure permanent,closure,2025-04-10,2025-04-09,2025-06-09,,2025-06-09,65.63,0
milliken cedar hill plant,SC,31.0,126.0,closure,closure,,2026-02-11,2026-04-17,,2026-04-17,66.09,1
continuum global solutions,MD,56.0,51.0,layoff,layoff,,2023-02-17,2023-04-18,,2023-04-18,65.69,0
western digital,CA,33.0,57.0,layoff permanent,layoff,2023-12-21,2023-11-15,2024-01-19,,2024-01-19,65.69,0
wells fargo,IA,52.0,10.0,amendment - additional employees,amendment,,2025-08-05,2025-10-04,,2025-10-04,65.7,0
cmc energy services,NJ,54.0,89.0,layoff,layoff,,2026-03-02,,,2026-03-02,65.88,0
daybreak foods inc cold spring farm,WI,31.0,65.0,layoff,layoff,,2025-11-05,2025-11-07,,2025-11-07,65.77,0
clif bar,CA,31.0,34.0,layoff permanent,layoff,2023-03-03,2023-03-02,2023-05-01,,2023-05-01,65.63,0
pt solutions at adventist health tehachapi valley,CA,62.0,5.0,closure permanent,closure,2024-05-10,2024-05-02,2024-07-09,,2024-07-09,65.63,0
depuy synthes products,CA,33.0,31.0,layoff permanent,layoff,2023-02-17,2023-02-07,2023-04-14,,2023-04-14,65.63,0
kaiser foundation hospitals,CA,62.0,2.0,layoff permanent,layoff,2025-04-15,2025-04-14,2025-04-14,,2025-04-14,65.63,0
equus workforce solutions stephenville arbor e t,TX,56.0,2.0,layoff,layoff,,,2025-09-30,,2025-09-30,65.64,0
trilogy management services,MA,32.0,48.0,layoff,layoff,2024-11-04,,2024-12-31,,2024-12-31,66.83,1
wolverine worldwide 502,KY,31.0,150.0,closure,closure,2024-02-26,,2024-05-03,,2024-05-03,66.18,1
comprehensive autism center,CA,62.0,27.0,closure permanent,closure,2026-03-25,2026-03-25,2026-05-31,,2026-05-31,65.63,0
cooks bellecour,MN,72.0,1.0,closure,closure,,,2025-06-01,,2025-06-01,65.65,0
nc interactive,CA,51.0,4.0,layoff permanent,layoff,2023-02-15,2023-02-02,2023-02-01,,2023-02-01,65.63,0
cargo therapeutics,CA,54.0,84.0,closure permanent,closure,2025-03-19,2025-03-18,2025-05-19,,2025-05-19,65.9,1
upper chesapeake emergency medicine physicians llc ucemp,MD,,190.0,layoff,layoff,,2024-04-02,2024-06-01,,2024-06-01,66.38,1
gxo logistics supply chain,CA,49.0,76.0,layoff permanent,layoff,2024-05-10,2024-05-03,2024-07-06,,2024-07-06,65.84,0
optum,CA,62.0,2.0,closure permanent,closure,2024-07-18,2024-07-18,2024-09-16,,2024-09-16,65.63,0
century therapeutics,PA,32.0,126.0,layoff,layoff,,,2025-07-11,,2025-07-11,66.13,1
kaiser foundation hospitals,CA,62.0,4.0,layoff permanent,layoff,2024-10-09,2024-10-07,2024-12-06,,2024-12-06,65.63,0
okta,CA,,83.0,layoff permanent,layoff,2024-02-05,2024-02-01,2024-04-04,,2024-04-04,65.89,0
key energy services,CA,21.0,63.0,layoff permanent,layoff,2024-10-02,2024-10-02,2024-12-02,,2024-12-02,65.75,0
birchwood manufacturing,WI,32.0,46.0,closure,closure,,2024-08-01,2024-08-02,,2024-08-02,65.64,0
distribution alternatives,CA,49.0,1.0,layoff permanent,layoff,2024-08-06,2024-08-06,2024-10-01,,2024-10-01,65.63,0
hendall,MD,54.0,50.0,layoff,layoff,,2026-04-14,2026-06-10,,2026-06-10,65.68,0
ratp dev usa,GA,48.0,80.0,closure,closure,,,2025-12-31,,2025-12-31,83.0,1
shine technologies,WI,33.0,3.0,layoff,layoff,,2023-08-08,2023-08-08,,2023-08-08,65.64,0
blue shield of california town center building c,CA,52.0,6.0,layoff permanent,layoff,2025-07-15,2025-07-14,2025-09-23,,2025-09-23,65.63,0
venture forthe,NY,62.0,56.0,contract loss,other,,2024-12-31,2025-03-31,2025-04-13,2025-03-31,65.82,0
united biosource,MO,54.0,123.0,closure,closure,,2025-09-26,2025-11-26,,2025-11-26,66.06,1
pfizer,CA,32.0,56.0,layoff permanent,layoff,2025-04-04,2025-04-04,2025-06-02,,2025-06-02,65.68,0
aveanna healtcare,CA,33.0,3.0,closure permanent,closure,2024-06-25,2024-06-20,2024-08-31,,2024-08-31,65.63,0
revere health,UT,62.0,177.0,layoff,layoff,,2025-11-03,,,2025-11-03,66.32,1
feeney brothers excavation,MA,23.0,30.0,layoff,layoff,2025-04-16,,2025-04-25,2025-07-31,2025-04-25,65.63,0
amazon sjc11,CA,45.0,28.0,layoff permanent,layoff,2025-10-29,2025-10-28,2026-01-26,,2026-01-26,65.63,0
equinix,CA,51.0,87.0,layoff permanent,layoff,2024-11-12,2024-11-08,2024-12-06,,2024-12-06,65.91,1
wells fargo,FL,52.0,1.0,layoff,layoff,,2023-07-25,2023-07-25,2023-09-22,2023-07-25,65.62,0
virgin galactic,CA,48.0,75.0,layoff permanent,layoff,2023-12-18,2023-11-08,2024-01-08,,2024-01-08,65.84,0
liberty dental plan,FL,52.0,102.0,layoff,layoff,,2026-02-05,2026-04-06,2026-04-19,2026-04-06,65.99,1
zoom video communications,CA,51.0,199.0,layoff permanent,layoff,2023-03-01,2023-02-06,2023-02-07,,2023-02-07,66.34,1
eclipse advantage llc at rite aid,CA,56.0,27.0,closure permanent,closure,2024-01-16,2023-12-04,2024-02-02,,2024-02-02,65.63,0
immpact bio usa inc a subsidiary of lyell immunopharma,CA,54.0,73.0,closure permanent,closure,2025-04-02,2025-04-01,2025-06-02,,2025-06-02,65.82,0
community development institute head start,AL,61.0,126.0,layoff,layoff,,2023-08-02,2023-09-30,,2023-09-30,66.07,1
newark group,CA,32.0,32.0,closure permanent,closure,2024-09-24,2024-09-24,2024-11-23,,2024-11-23,65.63,0
lakeshore learning materials llc 2695,CA,44.0,50.0,layoff permanent,layoff,2025-05-14,2025-05-14,2025-07-13,,2025-07-13,65.63,0
gilster mary lee,IL,51.0,69.0,closing,closure,2025-03-11,2025-03-11,2025-02-11,2025-02-11,2025-02-11,65.83,0
united states steel,PA,51.0,105.0,layoff,layoff,,,2024-01-02,,2024-01-02,66.04,1
sentinel transportation,CA,,1.0,layoff permanent,layoff,2026-03-30,2026-03-30,2026-05-31,,2026-05-31,65.63,0
la la ice cream and luncheonette,MN,72.0,1.0,closure,closure,,,2024-10-04,,2024-10-04,65.65,0
nordstrom credit bank,AZ,52.0,16.0,layoff,layoff,,2025-07-29,,,2025-07-29,65.65,0
franklin foods,AZ,31.0,83.0,layoff,layoff,,2025-12-05,,,2025-12-05,65.91,1
promedica,OH,62.0,6.0,layoff,layoff,2023-04-18,,2023-06-17,2023-06-30,2023-06-17,65.59,0
snap,WA,51.0,95.0,layoff,layoff,,,2026-04-16,,2026-04-16,65.96,1
accenture,NJ,54.0,71.0,layoff,layoff,,2025-08-29,,,2025-08-29,65.77,0
meta platforms,CA,51.0,31.0,layoff permanent,layoff,2023-06-21,2023-05-29,2023-07-28,,2023-07-28,65.63,0
dotdash meredith,IA,51.0,28.0,mass layoff,mass_layoff,,2025-01-16,2025-02-01,,2025-02-01,65.7,0
larken logistics,MO,48.0,118.0,closure,closure,,2025-09-02,2025-09-02,,2025-09-02,66.04,1
primal pet foods inc watt,CA,,130.0,closure permanent,closure,2025-07-22,2025-07-17,2025-09-17,,2025-09-17,66.12,1
pizzeria lola,MN,72.0,1.0,layoff,layoff,,,2026-01-19,,2026-01-19,65.65,0
center point inc 5905,CA,62.0,12.0,layoff permanent,layoff,2025-05-02,2025-04-28,2025-06-30,,2025-06-30,65.63,0
e j gallo winery,CA,31.0,47.0,closure permanent,closure,2025-07-17,2025-07-17,2025-09-08,,2025-09-08,65.63,0
hazel hawkins physical therapy rehabilitation service,CA,62.0,11.0,closure permanent,closure,2023-01-23,2022-12-19,2023-02-18,,2023-02-18,65.63,0
sentinel transportation,CA,,4.0,layoff permanent,layoff,2026-03-30,2026-03-30,2026-05-31,,2026-05-31,65.63,0
abm industries incorporated,WI,56.0,24.0,layoff,layoff,,2023-01-20,2023-01-21,,2023-01-21,65.64,0
s s activewear,PA,42.0,128.0,closure,closure,,,2025-12-04,2026-04-01,2025-12-04,66.14,1
misfits market,UT,45.0,82.0,layoff,layoff,,2023-04-08,,,2023-04-08,65.91,1
wolfspeed,TX,33.0,73.0,layoff,layoff,,,2024-11-23,,2024-11-23,65.84,0
gilead sciences,CA,72.0,51.0,layoff permanent,layoff,2026-03-26,2026-03-25,2026-05-29,,2026-05-29,65.64,0
safeway inc store 1792,CO,,85.0,closure,closure,,2025-09-09,2025-11-07,2025-11-07,2025-11-07,65.89,0
mediland corp dba premium windows,CA,32.0,142.0,closure permanent,closure,2023-02-10,2023-02-09,2023-04-28,,2023-04-28,66.17,1
mental health association of new york city inc d b a vibrant emotional health,NY,62.0,36.0,contract termination,other,,2025-02-13,2025-06-15,2025-06-15,2025-06-15,65.76,0
battelle memorial institute e3,KY,54.0,60.0,closure,closure,2026-01-05,,2026-03-05,,2026-03-05,65.7,0
mountain valley express,CA,48.0,19.0,layoff permanent,layoff,2024-12-05,2024-11-25,2025-01-23,,2025-01-23,66.0,1
international paper company edinburg,TX,32.0,63.0,layoff,layoff,,,2025-05-09,,2025-05-09,65.77,0
kaiser foundation hospitals pasadena,CA,62.0,1.0,layoff permanent,layoff,2023-10-03,2023-09-12,2023-11-10,,2023-11-10,65.63,0
wescom financial,CA,52.0,1.0,layoff permanent,layoff,2026-02-19,2026-02-19,2026-04-21,,2026-04-21,65.63,0
sdh services west,CA,,17.0,closure permanent,closure,2024-12-17,2024-12-15,2025-02-24,,2025-02-24,65.63,0
total facility maintenance,IL,,47.0,layoff,layoff,2024-04-30,2024-04-30,2024-07-01,,2024-07-01,65.66,0
active wellness,CA,71.0,80.0,layoff permanent,layoff,2023-07-28,2023-06-29,2023-08-31,,2023-08-31,65.87,0
southern pacpizza dba pizza hut 029215,CA,72.0,13.0,layoff permanent,layoff,2024-01-24,2023-12-14,2024-02-16,,2024-02-16,65.63,0
supernal llc 1062,CA,,1.0,layoff permanent,layoff,2025-06-30,2025-06-30,2025-06-30,,2025-06-30,65.63,0
hogan services,CA,54.0,14.0,closure permanent,closure,2024-09-03,2024-09-03,2024-11-02,,2024-11-02,66.0,1
innodata services,FL,51.0,3.0,layoff,layoff,,2026-02-03,2026-02-06,2026-03-13,2026-02-06,65.62,0
evo transportation and energy services,GA,48.0,71.0,permanent layoff / reduction in force,layoff,,,2024-02-24,,2024-02-24,65.89,0
teva pharmaceuticals,UT,32.0,54.0,layoff,layoff,,2025-06-20,,,2025-06-20,65.7,0
urban kitchen group,CA,,17.0,layoff permanent,layoff,2023-05-25,2023-05-05,2023-07-04,,2023-07-04,65.63,0
american medical response mid atlantic,MD,62.0,90.0,closure,closure,,2023-02-01,2023-03-27,,2023-03-27,65.99,1
ayr wellness massachusetts m3,MA,45.0,157.0,layoff,layoff,2025-07-31,,2025-09-29,,2025-09-29,66.22,1
national distribution centers llc ndc,CA,,17.0,layoff not known at this time,layoff,2025-11-13,2025-10-24,2025-12-22,,2025-12-22,65.63,0
maurices blaine,MN,44.0,1.0,closure,closure,,,2024-12-20,,2024-12-20,65.65,0
rieke,CA,33.0,21.0,closure permanent,closure,2023-07-11,2023-06-16,2023-10-24,,2023-10-24,65.63,0
blue shield of california rancho cordova,CA,52.0,3.0,layoff permanent,layoff,2025-07-15,2025-07-14,2025-09-23,,2025-09-23,65.63,0
curly girlz candy,MN,44.0,1.0,closure,closure,,,2024-09-13,,2024-09-13,65.65,0
universal protection service lp dba allied universal security services,CA,45.0,68.0,layoff permanent,layoff,2024-11-22,2024-11-22,2025-01-24,,2025-01-24,65.79,0
southwest key programs inc casa sueno,TX,,93.0,layoff,layoff,,,2025-10-05,,2025-10-05,65.97,1
meta platforms,CA,51.0,79.0,layoff permanent,layoff,2023-05-08,2023-04-24,2023-06-23,,2023-06-23,65.86,0
google moffett,CA,51.0,8.0,layoff permanent,layoff,2025-05-29,2025-05-28,2025-07-06,,2025-07-06,65.63,0
smurfit westrock,MN,32.0,189.0,closure,closure,,,2025-06-16,,2025-06-16,66.35,1
united states cellular,IA,51.0,39.0,amendment - change in date,amendment,,2025-06-11,2025-07-01,,2025-07-01,65.7,0
blue shield of california san diego,CA,52.0,2.0,layoff permanent,layoff,2025-07-15,2025-07-14,2025-09-23,,2025-09-23,65.63,0
citibank,NJ,52.0,67.0,layoff,layoff,,2025-12-08,,,2025-12-08,65.74,0
meta platforms,CA,51.0,15.0,layoff permanent,layoff,2023-06-26,2023-05-29,2023-07-28,,2023-07-28,65.63,0
rivian automotive,CA,33.0,31.0,layoff permanent,layoff,2023-03-01,2023-02-01,2023-04-14,,2023-04-14,65.63,0
tiaa,CO,52.0,101.0,layoff,layoff,,2026-01-02,2026-03-03,2026-03-17,2026-03-03,65.98,1
textron systems,SC,33.0,58.0,layoff,layoff,,2026-03-23,2026-05-21,2026-08-14,2026-05-21,65.69,0
lowe s companies,AZ,44.0,12.0,layoff,layoff,,2026-02-16,,,2026-02-16,65.65,0
salesforce,CA,51.0,51.0,layoff permanent,layoff,2024-02-05,2024-02-01,2024-04-23,,2024-04-23,65.64,0
ivy h smith,FL,54.0,64.0,layoff,layoff,,2023-07-11,2023-08-31,2023-09-14,2023-08-31,65.75,0
starbucks,PA,72.0,48.0,closure,closure,,,2025-12-05,,2025-12-05,66.85,1
berry global,CA,32.0,160.0,closure permanent,closure,2024-02-01,2024-01-19,2024-03-24,,2024-03-24,66.23,1
triple canopy,CA,32.0,24.0,layoff permanent,layoff,2024-04-22,2024-03-27,2024-05-31,,2024-05-31,65.63,0
sodexo inc and affiliates texas southern university,TX,72.0,81.0,layoff,layoff,,,2025-07-31,,2025-07-31,65.9,1
intel corporation sc 1,CA,33.0,1.0,layoff permanent,layoff,2025-07-08,2025-07-07,2025-07-15,,2025-07-15,65.63,0
alstom transportation,NJ,33.0,117.0,layoff,layoff,,2025-12-12,,,2025-12-12,66.03,1
advance stores company incorporated and its subsidiary golden state supply,CA,44.0,12.0,closure permanent,closure,2024-11-15,2024-11-14,2025-03-07,,2025-03-07,65.63,0
eastman chemical,MA,32.0,60.0,layoff,layoff,2024-08-22,,2024-10-21,2024-12-31,2024-10-21,65.72,0
99 cent only stores,NV,,48.0,closure,closure,2024-04-29,2024-04-29,2024-07-03,,2024-07-03,66.88,1
fresno economic opportunities commission 1420 second st,CA,62.0,4.0,layoff temporary,layoff,2025-11-03,2025-10-31,2026-01-01,,2026-01-01,65.63,0
branch financial,OH,52.0,55.0,layoff,layoff,2023-06-05,,2023-06-08,,2023-06-08,65.64,0
ground services international incorporated dba dnata,CA,48.0,89.0,layoff permanent,layoff,2023-05-31,2023-05-02,2023-07-01,,2023-07-01,65.93,1
first brands group,MI,33.0,80.0,layoff,layoff,,,2026-02-23,2026-04-30,2026-02-23,65.8,0
infineon,CA,33.0,3.0,layoff permanent,layoff,2025-11-04,2025-10-31,2025-11-14,,2025-11-14,65.63,0
miller manufacturing,MN,33.0,140.0,closure,closure,,,2023-04-14,,2023-04-14,66.19,1
management and training corporation tongue point job corps center,OR,61.0,168.0,layoff,layoff,,2025-06-04,,,2025-06-04,66.32,1
new way trucks,MS,33.0,86.0,layoff,layoff,,2026-03-01,2026-05-30,,2026-05-30,65.86,0
cushman wakefield 455,CA,53.0,2.0,layoff permanent,layoff,2025-06-26,2025-06-25,2025-08-28,,2025-08-28,65.63,0
forge and foundry stillwater,MN,72.0,1.0,closure,closure,,,2025-01-18,,2025-01-18,65.65,0
teamone,CA,56.0,174.0,closure permanent,closure,2023-05-03,2023-04-14,2023-06-09,,2023-06-09,66.27,1
visionquest national,AZ,,203.0,layoff,layoff,,2026-04-09,,,2026-04-09,66.38,1
marriott ge healthcare institute,WI,61.0,29.0,layoff,layoff,,2023-03-15,2023-05-17,,2023-05-17,65.64,0
nordstrom,FL,45.0,1.0,layoff,layoff,,2025-11-19,2026-03-01,2026-04-30,2026-03-01,65.62,0
new hong kong buffet,MN,72.0,1.0,layoff,layoff,,,2026-01-11,,2026-01-11,65.65,0
wanzek construction,CO,,48.0,sudden contract loss,other,,2023-01-03,2023-01-03,2023-01-03,2023-01-03,66.82,1
walmart 4795 grapevine,TX,,133.0,layoff,layoff,,,2023-07-13,,2023-07-13,66.15,1
camping world,MN,44.0,30.0,closure,closure,,,2023-10-20,,2023-10-20,65.65,0
paramount global,CA,32.0,95.0,layoff permanent,layoff,2024-08-16,2024-08-16,2024-10-12,,2024-10-12,64.0,0
vintage wine estates,CA,31.0,19.0,closure permanent,closure,2024-07-24,2024-07-24,2024-09-27,,2024-09-27,65.63,0
concordia university,WI,61.0,5.0,layoff,layoff,,2025-03-31,2025-05-31,,2025-05-31,65.64,0
evolent health,IL,62.0,155.0,layoff,layoff,2023-01-12,2023-01-12,2023-01-12,,2023-01-12,66.25,1
stachs,CA,54.0,53.0,layoff permanent,layoff,2024-10-22,2024-10-16,2024-12-31,,2024-12-31,65.66,0
trelleborg sealing solutions,IL,32.0,65.0,closing,closure,2026-02-26,2026-02-26,2026-04-30,2026-12-31,2026-04-30,65.8,0
gulfmark energy inc chico,TX,21.0,6.0,layoff,layoff,,,2023-11-01,,2023-11-01,65.64,0
planned parenthood mar monte inc 1691,CA,62.0,1.0,layoff permanent,layoff,2025-08-26,2025-07-24,2025-07-24,,2025-07-24,65.63,0
nauticstar boats,MS,,47.0,closure,closure,,2025-03-18,2025-04-17,,2025-04-17,65.58,0
hoffmaster group,IN,32.0,53.0,closure,closure,,2025-05-13,2025-11-07,,2025-11-07,65.62,0
ben group inc benlabs,CA,51.0,75.0,closure permanent,closure,2026-01-28,2026-01-26,2026-03-06,,2026-03-06,65.84,0
chegg,CA,51.0,88.0,layoff permanent,layoff,2025-05-20,2025-05-13,2025-05-15,,2025-05-15,65.92,1
volta charging industries,CT,,160.0,closure,closure,2024-04-01,2024-03-29,2024-05-31,,2024-05-31,66.23,1
barrel ten quarter circle,CA,11.0,8.0,layoff permanent,layoff,2025-04-22,2025-04-17,2025-06-16,,2025-06-16,65.63,0
google,CA,51.0,2.0,layoff permanent,layoff,2023-01-24,2023-01-20,2023-03-31,,2023-03-31,65.63,0
aura management,CA,55.0,11.0,closure permanent,closure,2024-04-18,2024-04-18,2024-06-27,,2024-06-27,65.63,0
gxo logistics of texas llc fort worth comcast facility,TX,49.0,105.0,layoff,layoff,,,2023-06-30,,2023-06-30,66.03,1
party city store 1093,MD,,20.0,closure,closure,,2024-12-20,2025-02-28,,2025-02-28,65.68,0
tesla,CA,33.0,17.0,layoff permanent,layoff,2024-04-25,2024-04-22,2024-06-14,,2024-06-14,65.63,0
automated harvesting,AZ,51.0,46.0,layoff,layoff,,2026-01-30,,,2026-01-30,65.65,0
novartis,NJ,32.0,60.0,layoff,layoff,,2025-11-28,,,2025-11-28,65.68,0
number 12 cider minneapolis,MN,72.0,20.0,closure,closure,,,2024-12-31,,2024-12-31,65.65,0
avancez,MI,62.0,143.0,layoff,layoff,,,2025-12-05,,2025-12-05,66.1,1
amerimark interactive,IL,45.0,212.0,closing,closure,2023-04-10,2023-04-10,2023-04-10,2023-06-06,2023-04-10,66.42,1
zeco systems inc dba shell recharge solutions,CA,33.0,4.0,closure permanent,closure,2025-08-04,2025-08-04,2025-11-30,,2025-11-30,65.63,0
dart container,CA,32.0,171.0,closure permanent,closure,2025-10-02,2025-10-01,2026-02-27,,2026-02-27,66.27,1
calpac pizza dba pizza hut 027400,CA,72.0,5.0,layoff permanent,layoff,2024-01-24,2023-12-14,2024-02-19,,2024-02-19,65.63,0
heartland human care services,IL,62.0,145.0,closing,closure,2026-02-17,2026-02-17,2025-04-01,2026-03-31,2025-04-01,66.22,1
bloom energy,CA,33.0,1.0,layoff permanent,layoff,2023-11-01,2023-10-03,2023-10-03,,2023-10-03,65.63,0
klaussner furniture industries,NC,33.0,58.0,closure,closure,2023-08-07,2023-08-07,2023-08-21,,2023-08-21,65.69,0
kaiser foundation hospitals,CA,62.0,2.0,layoff permanent,layoff,2025-05-21,2025-05-19,2025-05-19,,2025-05-19,65.63,0
expresspoint technology services,OH,81.0,65.0,layoff,layoff,2023-08-25,,2023-10-30,2024-01-31,2023-10-30,65.72,0
socal pizza holdings,CA,72.0,64.0,layoff permanent,layoff,2024-02-23,2023-12-01,2024-02-05,,2024-02-05,65.75,0
wells fargo,IA,52.0,35.0,amendment - additional employees,amendment,,2025-06-24,2025-08-24,,2025-08-24,65.7,0
tyto athene,MD,54.0,39.0,layoff,layoff,,2026-04-02,2026-05-31,,2026-05-31,65.68,0
triple canopy,CA,32.0,6.0,layoff permanent,layoff,2024-04-22,2024-03-27,2024-05-31,,2024-05-31,65.63,0
makita u s a,CA,33.0,6.0,closure permanent,closure,2023-05-24,2023-04-28,2023-06-28,,2023-06-28,65.63,0
anheuser busch,OH,31.0,63.0,layoff,layoff,2024-08-15,,2024-10-15,2024-10-28,2024-10-15,65.71,0
at t,CA,51.0,47.0,layoff permanent,layoff,2025-03-14,2025-03-14,2025-05-13,,2025-05-13,65.63,0
abm industry group,AZ,56.0,87.0,layoff,layoff,,2024-01-18,,,2024-01-18,65.93,1
centerra group,CA,62.0,28.0,layoff permanent,layoff,2023-11-15,2023-08-10,2023-09-30,,2023-09-30,65.63,0
southern pacpizza dba pizza hut 029210,CA,72.0,3.0,layoff permanent,layoff,2024-01-24,2023-12-14,2024-02-15,,2024-02-15,65.63,0
epic games,CA,51.0,33.0,layoff permanent,layoff,2024-03-07,2023-09-28,2023-10-02,,2023-10-02,65.63,0
brp marine us,MI,33.0,72.0,layoff,layoff,,,2025-07-08,,2025-07-08,65.74,0
baden powell clubhouse,CA,71.0,11.0,layoff permanent,layoff,2024-05-17,2024-05-16,2024-07-15,,2024-07-15,65.63,0
cvs health,CT,44.0,42.0,closure,closure,,2024-11-25,,,2024-11-25,65.63,0
nestle usa,CA,31.0,86.0,layoff temporary,layoff,2023-11-30,2023-10-25,2023-12-25,,2023-12-25,65.91,1
sodexo,MO,72.0,63.0,layoff,layoff,,2025-03-24,2025-04-30,,2025-04-30,65.71,0
gilead sciences,CA,72.0,5.0,layoff permanent,layoff,2025-08-06,2025-08-06,2025-10-10,,2025-10-10,65.63,0
ginkgo bioworks,CA,54.0,4.0,layoff permanent,layoff,2024-06-18,2024-06-17,2024-08-16,,2024-08-16,65.63,0
99 cents only store llc katy,TX,45.0,20.0,layoff,layoff,,,2024-06-03,,2024-06-03,65.64,0
tsiyahi,TN,49.0,10.0,unknown,other,2023-11-30,,2023-11-23,,2023-11-23,65.61,0
cooper s west 7th st paul closure,MN,72.0,27.0,closure,closure,,,2024-06-27,,2024-06-27,65.65,0
bath body works logistics services,OH,49.0,59.0,layoff,layoff,2024-04-30,,2024-05-04,,2024-05-04,65.67,0
city of hope,CA,62.0,56.0,layoff permanent,layoff,2025-09-29,2025-09-25,2025-11-25,,2025-11-25,65.68,0
carbon health,CA,62.0,1.0,layoff permanent,layoff,2023-10-16,2023-08-10,2023-10-09,,2023-10-09,65.63,0
wallace construction,IN,,26.0,layoff,layoff,,2023-12-20,2023-12-22,,2023-12-22,65.59,0
linkedin,CA,51.0,42.0,layoff permanent,layoff,2024-01-19,2023-12-15,2023-12-15,,2023-12-15,65.63,0
sella restaurant holdings lp,CA,,72.0,closure permanent,closure,2025-08-19,2025-08-13,2025-08-17,,2025-08-17,65.82,0
ascend performance materials,SC,32.0,208.0,closure,closure,,2024-10-16,2024-12-06,,2024-12-06,66.36,1
tachi s automotive seating usa,TN,33.0,90.0,unknown,other,2024-06-04,,2024-09-15,,2024-09-15,65.92,1
jabil,CA,33.0,69.0,layoff temporary,layoff,2023-10-24,2023-09-21,2023-12-25,,2023-12-25,65.79,0
hollister,MO,44.0,28.0,closure,closure,,2025-08-28,2025-10-29,2025-11-12,2025-10-29,65.59,0
spartannash,WI,,45.0,closure,closure,,2025-01-15,2025-03-16,,2025-03-16,65.64,0
north american savings bank,AZ,52.0,10.0,layoff,layoff,,2023-01-05,,,2023-01-05,65.65,0
us farathane,MI,32.0,180.0,closure,closure,,,2025-03-28,,2025-03-28,66.22,1
john adams academy,CA,61.0,49.0,layoff permanent,layoff,2026-04-01,2026-03-30,2026-06-01,,2026-06-01,65.63,0
fresno economic opportunities commission 388 s brawley ave,CA,62.0,8.0,layoff temporary,layoff,2025-11-03,2025-10-31,2026-01-01,,2026-01-01,65.63,0
providence medical foundation,CA,62.0,8.0,closure permanent,closure,2023-02-23,2023-02-16,2023-04-16,,2023-04-16,65.63,0
the coca cola,CA,31.0,135.0,closure permanent,closure,2025-04-17,2025-04-11,2025-06-30,,2025-06-30,66.14,1
kaiser foundation hospitals,CA,62.0,4.0,layoff permanent,layoff,2023-12-12,2023-11-06,2024-01-04,,2024-01-04,65.63,0
philips respironics,PA,33.0,14.0,layoff,layoff,,,2025-05-23,,2025-05-23,65.65,0
all heart pediatric cardiology,TN,62.0,1.0,unknown,other,2026-03-05,,2026-03-06,,2026-03-06,65.61,0
petvet care centers california,CA,62.0,2.0,closure permanent,closure,2024-03-08,2024-03-07,2024-05-07,,2024-05-07,65.63,0
krazy bling boutique,MN,45.0,1.0,closure,closure,,,2024-09-13,,2024-09-13,65.65,0
herbalife international of america,CA,31.0,26.0,layoff permanent,layoff,2023-03-15,2023-03-13,2023-04-28,,2023-04-28,65.63,0
cue health,CA,33.0,26.0,layoff permanent,layoff,2024-05-21,2024-05-20,2024-05-24,,2024-05-24,65.63,0
momentum for health,CA,62.0,84.0,closure permanent,closure,2023-11-27,2023-10-27,2023-12-31,,2023-12-31,65.9,1
heights university hospital,NJ,62.0,65.0,layoff,layoff,,2026-03-16,,,2026-03-16,65.72,0
us bank branch moorhead,MN,,8.0,closure,closure,,,2024-05-01,,2024-05-01,65.65,0
taskus san antonio,TX,54.0,186.0,layoff,layoff,,,2023-02-24,,2023-02-24,66.33,1
intel,CA,33.0,11.0,layoff permanent,layoff,2024-10-17,2024-10-15,2024-10-31,,2024-10-31,65.63,0
david s bridal,OH,44.0,48.0,layoff,layoff,2023-05-23,,2023-06-23,2023-06-30,2023-06-23,66.79,1
olive,OH,72.0,44.0,layoff,layoff,2023-02-09,,2023-04-10,2023-04-10,2023-04-10,65.59,0
universal protection service llc d b a allied universal security services,MD,56.0,18.0,layoff,layoff,,2024-11-07,2025-01-09,,2025-01-09,65.68,0
at t,NJ,51.0,100.0,layoff,layoff,,2024-11-24,,,2024-11-24,65.94,1
itc federal,NE,54.0,192.0,layoff,layoff,,2025-09-30,,,2025-09-30,66.3,1
carbon health,CA,62.0,1.0,layoff permanent,layoff,2023-10-16,2023-08-10,2023-10-09,,2023-10-09,65.63,0
blue shield of california,CA,52.0,1.0,layoff permanent,layoff,2024-10-03,2024-10-02,2024-12-11,,2024-12-11,65.63,0
monroe care center,IA,62.0,35.0,closing,closure,,2024-04-04,2024-06-01,,2024-06-01,65.7,0
anaplan,CA,51.0,1.0,layoff permanent,layoff,2023-07-20,2023-06-21,2023-07-21,,2023-07-21,65.63,0
tesla,CA,33.0,11.0,layoff permanent,layoff,2024-04-25,2024-04-22,2024-06-14,,2024-06-14,65.63,0
amazon san 13,CA,45.0,38.0,layoff permanent,layoff,2026-01-30,2026-01-29,2026-04-28,,2026-04-28,65.63,0
emergent biosolutions,MD,32.0,211.0,layoff,layoff,,2023-08-08,2023-10-07,,2023-10-07,66.43,1
shell recharge solutions,CA,,29.0,layoff permanent,layoff,2026-01-29,2026-01-29,2026-03-31,,2026-03-31,65.63,0
agco,GA,33.0,2.0,closure,closure,,,2025-02-01,,2025-02-01,65.71,0
dakkota integrated systems llc louisville chamberlain 2,KY,33.0,41.0,layoff,layoff,2025-05-05,,2025-08-01,,2025-08-01,65.61,0
schuff steel,AZ,33.0,63.0,layoff,layoff,,2024-07-03,,,2024-07-03,65.77,0
mindstrong inc and mindstrong health services p c,CA,62.0,128.0,closure permanent,closure,2023-02-01,2023-01-24,2023-03-24,,2023-03-24,66.11,1
pacpizza dba pizza hut,CA,,4.0,layoff permanent,layoff,2024-01-24,2023-12-14,2024-02-15,,2024-02-15,65.63,0
wedriveu,SC,48.0,215.0,closure,closure,,2025-07-29,2025-10-01,,2025-10-01,66.37,1
google mp1,CA,51.0,2.0,layoff permanent,layoff,2026-01-27,2026-01-26,2026-03-29,,2026-03-29,65.63,0
block,CA,51.0,5.0,layoff permanent,layoff,2025-08-13,2025-08-12,2025-10-13,,2025-10-13,65.63,0
target,OR,45.0,40.0,closure,closure,,2023-09-28,,,2023-09-28,65.69,0
chick fil a n collins st plant,TX,72.0,10.0,layoff,layoff,,,2025-06-07,,2025-06-07,65.64,0
pegasus home fashions,NJ,31.0,42.0,layoff,layoff,,2023-02-15,,,2023-02-15,65.58,0
grace,OR,,95.0,closure,closure,,2023-10-02,,,2023-10-02,66.02,1
viviant healthcare of murfreesboro,TN,,79.0,unknown,other,2023-12-20,,2024-01-14,,2024-01-14,65.85,0
sherwood food distibutors llc harvest meat company inc western boxed meat,OR,,96.0,layoff,layoff,,2025-02-18,,,2025-02-18,66.03,1
saks company llc dba neiman marcus,MA,45.0,73.0,layoff,layoff,2026-02-10,,2026-04-11,2026-04-30,2026-04-11,65.82,0
dauntless delivery,IA,33.0,45.0,closing,closure,,2024-05-02,2024-06-11,,2024-06-11,65.7,0
advanced auto parts grand prairie,TX,44.0,10.0,layoff,layoff,,,2025-02-14,,2025-02-14,65.64,0
vf,PA,55.0,17.0,closure,closure,,,2025-01-25,2025-01-31,2025-01-25,65.65,0
lost boys interactive,NC,51.0,4.0,layoff,layoff,2024-01-12,2024-01-11,2024-03-15,,2024-03-15,65.61,0
sandpiper,CA,72.0,25.0,closure permanent,closure,2025-09-03,2025-09-03,2025-11-04,,2025-11-04,65.63,0
spotify usa,CA,51.0,87.0,layoff permanent,layoff,2024-01-17,2023-12-05,2024-03-04,,2024-03-04,65.91,1
99 cents only stores,CA,45.0,40.0,closure permanent,closure,2024-04-16,2024-04-04,2024-06-03,,2024-06-03,65.63,0
salesforce,CA,51.0,55.0,layoff permanent,layoff,2023-03-10,2023-03-09,2023-05-09,,2023-05-09,65.67,0
farmers group,CA,52.0,135.0,layoff permanent,layoff,2023-09-28,2023-08-28,2023-10-30,,2023-10-30,66.14,1
immunitybio,CA,54.0,1.0,layoff permanent,layoff,2024-08-30,2024-08-30,2024-10-29,,2024-10-29,65.63,0
3m s wonewok,MN,72.0,40.0,closure,closure,,,2023-06-30,,2023-06-30,65.65,0
university of southern california,CA,62.0,54.0,layoff permanent,layoff,2025-08-14,2025-08-14,2025-09-30,,2025-09-30,65.67,0
delta apparel,CA,31.0,5.0,closure permanent,closure,2024-07-01,2024-06-30,2024-08-29,,2024-08-29,65.63,0
forest river,IN,33.0,83.0,closure,closure,,2024-02-12,2024-04-19,,2024-04-19,65.86,0
wells fargo,IA,52.0,25.0,amendment - additional employees,amendment,,2025-12-09,2026-02-06,,2026-02-06,65.7,0
bimbo bakeries usa,TX,31.0,138.0,layoff,layoff,,,2024-10-05,,2024-10-05,66.17,1
main street sports group,CT,71.0,44.0,closure,closure,2026-02-13,2026-02-13,2026-04-14,,2026-04-14,65.63,0
jabil,CA,33.0,39.0,layoff permanent,layoff,2023-01-10,2023-01-06,2023-03-07,,2023-03-07,65.63,0
salesforce,CA,51.0,51.0,layoff permanent,layoff,2026-03-03,2026-03-02,2026-05-01,,2026-05-01,65.64,0
spirit airlines w pgl warehouse,TX,49.0,51.0,layoff,layoff,,,2025-12-01,,2025-12-01,65.66,0
hanesbrands,NC,31.0,75.0,closure,closure,2024-11-01,2024-11-01,2025-01-31,,2025-01-31,65.83,0
trellis,TX,61.0,105.0,layoff,layoff,,,2023-04-04,,2023-04-04,66.03,1
heritage bank of commerce los altos,CA,52.0,1.0,layoff permanent,layoff,2026-03-17,2026-02-27,2026-04-17,,2026-04-17,65.63,0
robert kaufman,CA,31.0,13.0,closure permanent,closure,2025-03-13,2025-03-12,2025-05-24,,2025-05-24,65.63,0
communications test design inc ctdi,CA,54.0,15.0,layoff permanent,layoff,2025-10-27,2025-10-27,2025-12-31,,2025-12-31,65.63,0
frito lay,FL,31.0,46.0,layoff,layoff,,2025-11-04,2025-11-04,2026-05-09,2025-11-04,65.62,0
don papi chulo,MN,72.0,1.0,layoff,layoff,,,2026-01-12,,2026-01-12,65.65,0
illinois central school bus,IL,48.0,67.0,closing,closure,2023-01-11,2023-01-11,2023-06-30,,2023-06-30,65.81,0
walmart 840,CA,,135.0,layoff permanent,layoff,2025-06-18,2025-05-23,2025-08-22,,2025-08-22,66.14,1
tusimple,AZ,54.0,42.0,layoff,layoff,,2023-12-04,,,2023-12-04,65.65,0
activision blizzard,CA,51.0,110.0,layoff permanent,layoff,2024-09-13,2024-09-12,2024-10-11,,2024-10-11,66.04,1
boston scientific,CA,33.0,63.0,closure permanent,closure,2025-04-21,2025-04-15,2025-05-03,,2025-05-03,65.75,0
starbucks,WA,72.0,69.0,closure,closure,,,2026-03-29,,2026-03-29,65.79,0
cascades containerboard packaging newtown,CT,32.0,70.0,layoff,layoff,,2024-05-24,2024-06-07,,2024-06-07,65.8,0
block by block,CA,56.0,47.0,layoff permanent,layoff,2026-04-15,2026-04-14,2026-06-13,,2026-06-13,65.63,0
equus workforce solutions irving blvd arbor e t,TX,56.0,13.0,layoff,layoff,,,2025-09-30,,2025-09-30,65.64,0
bob evans foods sulphur springs,TX,31.0,94.0,layoff,layoff,,,2023-09-08,,2023-09-08,65.97,1
general dynamics information technology,MD,54.0,74.0,layoff,layoff,,2026-04-01,2026-06-01,,2026-06-01,65.89,0
artic slope mission services,TX,54.0,70.0,layoff,layoff,,,2024-03-06,,2024-03-06,65.82,0
bdc group,IA,23.0,35.0,closing,closure,,2024-01-30,2024-01-25,,2024-01-25,65.7,0
john deere waterloo works,IA,33.0,65.0,mass layoff,mass_layoff,,2024-07-11,2024-09-20,,2024-09-20,65.83,0
bahama breeze the,NV,72.0,86.0,closure,closure,2025-05-15,2025-05-15,2025-05-15,,2025-05-15,65.97,1
kaiser foundation hospitals,CA,62.0,1.0,layoff permanent,layoff,2025-02-25,2025-02-24,2025-04-25,,2025-04-25,65.63,0
wells fargo,IA,52.0,35.0,amendment - additional employees,amendment,,2025-06-10,2025-08-10,,2025-08-10,65.7,0
suncrest nurseries,CA,,82.0,closure permanent,closure,2023-05-23,2023-05-02,2023-07-03,,2023-07-03,65.88,0
rivian automotive,CA,33.0,45.0,layoff permanent,layoff,2024-02-26,2024-02-22,2024-04-23,,2024-04-23,65.63,0
roche molecular systems,CA,32.0,108.0,layoff permanent,layoff,2025-03-27,2025-03-27,2025-05-28,,2025-05-28,66.03,1
herbalife international of america,CA,31.0,12.0,layoff permanent,layoff,2023-04-26,2023-04-10,2023-04-28,,2023-04-28,65.63,0
10x genomics inc 5500,CA,33.0,3.0,layoff permanent,layoff,2025-05-08,2025-05-06,2025-07-07,,2025-07-07,65.63,0
troc,NC,54.0,100.0,closure,closure,2024-05-03,2024-05-03,2024-05-31,,2024-05-31,65.97,1
newmont,CO,21.0,23.0,rif,mass_layoff,,2025-10-01,2025-11-30,2025-11-30,2025-11-30,65.62,0
iac wauseon,OH,33.0,175.0,layoff,layoff,2024-02-27,,2024-04-26,,2024-04-26,66.24,1
mv transportation,NV,,48.0,closure,closure,2023-04-28,2023-04-28,2023-07-01,,2023-07-01,66.88,1
national copper and smelting,TN,,56.0,unknown,other,2023-05-31,,2023-07-24,,2023-07-24,65.67,0
laboratory corporation of america holdings,TX,62.0,53.0,layoff,layoff,,,2024-11-22,,2024-11-22,65.68,0
cruise,CA,33.0,13.0,layoff permanent,layoff,2025-03-19,2025-03-19,2025-05-18,,2025-05-18,65.63,0
starved rock wood products,IL,33.0,65.0,closing,closure,2025-04-08,2025-04-08,2025-06-08,,2025-06-08,65.8,0
sodexo inc and affiliates,SC,72.0,177.0,layoff,layoff,,2025-07-11,2025-07-31,,2025-07-31,66.27,1
america inc d b a lixil,TX,33.0,65.0,layoff,layoff,,,2025-09-08,,2025-09-08,65.78,0
saddle creek logistics services,AL,,151.0,layoff,layoff,,2026-02-27,2026-04-30,,2026-04-30,66.16,1
plaza mexico,MN,72.0,1.0,layoff,layoff,,,2026-01-12,,2026-01-12,65.65,0
sodexo alcon labs,TX,72.0,70.0,layoff,layoff,,,2024-12-24,,2024-12-24,65.82,0
advance stores company incorporated and its subsidiary golden state supply,CA,44.0,8.0,closure permanent,closure,2024-11-15,2024-11-14,2025-03-07,,2025-03-07,65.63,0
conn s appliances beaumont site,TX,44.0,32.0,layoff,layoff,,,2024-09-23,,2024-09-23,65.64,0
grammarly,CA,51.0,82.0,layoff permanent,layoff,2024-02-08,2024-02-07,2024-04-08,,2024-04-08,65.88,0
poker palace,NV,71.0,126.0,closure,closure,2025-07-29,2025-07-29,2025-09-30,,2025-09-30,66.16,1
lost boys interactive,OR,51.0,139.0,layoff,layoff,,2024-09-09,,,2024-09-09,66.22,1
tiaa,CO,52.0,31.0,closure,closure,,2025-10-02,2025-12-01,2025-12-14,2025-12-01,65.62,0
heartland healthcare services,OH,62.0,155.0,layoff,layoff,2023-06-30,,2023-09-01,,2023-09-01,66.18,1
quad graphics marketing,IL,49.0,200.0,closing,closure,2023-10-24,2023-10-24,2023-12-30,2024-02-02,2023-12-30,66.38,1
primo brands,CA,,2.0,layoff permanent,layoff,2025-12-15,2025-12-15,2026-02-13,,2026-02-13,65.63,0
watermark services iv,CA,62.0,41.0,layoff permanent,layoff,2024-03-14,2024-03-01,2024-06-14,,2024-06-14,65.63,0
healthhelp,OH,62.0,22.0,layoff,layoff,2024-05-16,,2024-06-28,,2024-06-28,67.0,1
google,CA,51.0,11.0,layoff permanent,layoff,2023-01-24,2023-01-20,2023-03-31,,2023-03-31,65.63,0
sanofi,CA,54.0,100.0,closure permanent,closure,2024-04-05,2024-04-03,2024-06-03,,2024-06-03,65.99,1
united coal wellmore energy,KY,21.0,12.0,layoff,layoff,2023-07-20,,2023-09-10,,2023-09-10,65.61,0
harvest sherwood food distributors,GA,42.0,113.0,permanent layoff / reduction in force,layoff,,,2025-02-18,,2025-02-18,66.13,1
zenimax media,MD,51.0,164.0,layoff,layoff,,2025-07-03,2025-09-01,,2025-09-01,66.3,1
avanti installation,FL,62.0,19.0,layoff,layoff,,2025-12-15,2026-02-15,2026-02-15,2026-02-15,65.62,0
reyes coca cola bottling,CA,42.0,101.0,closure permanent,closure,2024-11-08,2024-11-08,2025-01-24,,2025-01-24,65.99,1
lmb mortgage services inc dba lowermybills com,CA,52.0,38.0,layoff permanent,layoff,2025-07-14,2025-07-11,2025-09-12,,2025-09-12,65.63,0
kaiser foundation hospitals los robles,CA,62.0,1.0,layoff permanent,layoff,2023-10-03,2023-09-12,2023-11-10,,2023-11-10,65.63,0
bandier west hollywood,CA,44.0,7.0,layoff permanent,layoff,2024-01-03,2023-11-22,2023-11-22,,2023-11-22,65.63,0
dhl ecommerce,MD,49.0,120.0,closure,closure,,2024-01-01,2024-03-01,,2024-03-01,66.14,1
compass group usa inc 1600 capital one drive mclean va 22102,VA,72.0,220.0,layoff,layoff,,2023-06-30,2023-09-01,,2023-09-01,66.33,1
shake shack enterprises,CA,,26.0,closure permanent,closure,2025-11-25,2025-11-25,2025-12-18,,2025-12-18,65.63,0
first brands group llc avm,SC,33.0,64.0,closure,closure,,2026-02-23,2026-02-23,2026-04-30,2026-02-23,65.74,0
dovenmuehle mortgage,WI,52.0,17.0,layoff,layoff,,2023-12-14,2024-02-16,,2024-02-16,65.64,0
lutheran services of iowa,IA,62.0,31.0,mass layoff,mass_layoff,,2024-04-24,2024-05-16,,2024-05-16,65.7,0
flagship facility services,CA,56.0,1.0,layoff permanent,layoff,2025-02-14,2025-02-14,2025-02-14,,2025-02-14,65.63,0
carbon health medical group,CA,62.0,7.0,layoff permanent,layoff,2024-02-21,2024-01-12,2024-03-12,,2024-03-12,65.63,0
udemy,CA,61.0,74.0,layoff permanent,layoff,2023-02-22,2023-02-13,2023-04-14,,2023-04-14,65.83,0
takeda development centers america inc takeda,MA,32.0,138.0,layoff,layoff,2023-05-01,,2024-03-31,,2024-03-31,66.16,1
wells fargo,IA,52.0,8.0,mass layoff,mass_layoff,,2023-04-18,2023-04-18,,2023-04-18,65.7,0
joy signal technology,CA,33.0,127.0,closure permanent,closure,2023-09-18,2023-09-11,2023-08-11,,2023-08-11,66.11,1
hershey salty snack company dot s pretzels,ND,31.0,27.0,layoff,layoff,,2023-08-22,2023-10-27,,2023-10-27,65.73,0
honor technology,NE,62.0,114.0,layoff,layoff,,2023-06-22,,,2023-06-22,66.03,1
wells fargo,IA,52.0,12.0,amendment - additional employees,amendment,,2024-07-23,2024-09-23,,2024-09-23,65.7,0
liberty residential services,CA,62.0,6.0,layoff permanent,layoff,2025-05-28,2025-05-27,2025-07-31,,2025-07-31,65.63,0
elijah house foundation,CA,81.0,15.0,layoff permanent,layoff,2025-05-06,2025-04-29,2025-06-30,,2025-06-30,65.63,0
quad city times,IA,31.0,49.0,mass layoff,mass_layoff,,2025-08-28,2025-09-29,,2025-09-29,65.7,0
management training corporation centennial job corps center,ID,61.0,75.0,layoff,layoff,,2025-06-03,2025-06-30,,2025-06-30,65.87,0
john deere des moines works,IA,33.0,38.0,mass layoff,mass_layoff,,2025-02-21,2025-04-07,,2025-04-07,65.7,0
eagle street grille,MN,72.0,7.0,closure,closure,,,2023-03-22,,2023-03-22,65.65,0
primal pet foods inc chadbourne,CA,,7.0,closure permanent,closure,2025-07-22,2025-07-17,2025-09-17,,2025-09-17,65.63,0
super 7,CA,,6.0,closure permanent,closure,2026-04-03,2026-04-03,2026-05-29,,2026-05-29,65.63,0
national aerospace solutions llc nas tunnel 9 facility,MD,,30.0,layoff,layoff,,2024-05-01,2024-06-30,,2024-06-30,65.68,0
freedom designs,CA,33.0,70.0,closure permanent,closure,2025-08-21,2025-08-21,2025-10-29,,2025-10-29,65.8,0
aclu of southern california,CA,81.0,8.0,layoff permanent,layoff,2025-01-14,2024-12-30,2025-01-10,,2025-01-10,65.63,0
renesas electronics,CA,33.0,15.0,layoff permanent,layoff,2023-12-22,2023-11-15,2023-12-01,,2023-12-01,65.63,0
thayer detoxification detox,MA,62.0,39.0,layoff,layoff,,,2023-04-21,,2023-04-21,65.63,0
community healthlink inc transitional support services tss,MA,62.0,18.0,layoff,layoff,2023-04-24,,2023-05-05,,2023-05-05,65.63,0
ferroglobe usa metallurgical,AL,33.0,37.0,layoff,layoff,,2023-12-18,2023-12-07,,2023-12-07,65.59,0
solina usa,WI,31.0,88.0,closure,closure,,2024-10-09,2024-12-20,,2024-12-20,65.93,1
biomarin pharmaceutical,CA,32.0,52.0,layoff permanent,layoff,2024-09-03,2024-08-28,2024-11-01,,2024-11-01,65.65,0
yellow,WI,52.0,85.0,closure,closure,,2023-08-15,2023-07-30,,2023-07-30,69.0,1
boeing,FL,33.0,6.0,layoff,layoff,,2024-11-18,2025-01-17,2025-01-17,2025-01-17,65.62,0
calpac pizza dba pizza hut,CA,72.0,5.0,layoff permanent,layoff,2024-01-24,2023-12-14,2024-02-16,,2024-02-16,65.63,0
t mobile usa,NJ,51.0,50.0,layoff,layoff,,2023-11-23,,,2023-11-23,65.58,0
cardinal,CA,42.0,45.0,layoff permanent,layoff,2025-04-28,2025-04-28,2025-06-28,,2025-06-28,65.63,0
staff management solutions,WI,56.0,87.0,layoff,layoff,,2024-04-22,2024-05-03,,2024-05-03,65.92,1
edgewell personal care,TN,32.0,132.0,unknown,other,2025-11-14,,2026-06-01,,2026-06-01,66.12,1
brown toland physician services organization,CA,62.0,11.0,layoff permanent,layoff,2023-01-27,2022-12-22,2023-01-01,,2023-01-01,65.63,0
thorsby engineered wood products,AL,32.0,200.0,layoff,layoff,,2023-01-17,2023-03-07,,2023-03-07,66.31,1
yellow,IA,52.0,49.0,closing,closure,,2023-08-01,2023-07-30,,2023-07-30,69.0,1
beauty essex,CA,72.0,82.0,closure permanent,closure,2024-01-31,2024-01-25,2024-03-28,,2024-03-28,65.88,0
true value kansas city,MO,44.0,69.0,closure,closure,,2024-10-21,2024-12-14,,2024-12-14,65.76,0
child care associates north fort worth,TX,62.0,16.0,layoff,layoff,,,2025-06-30,,2025-06-30,65.64,0
meta platforms,CA,51.0,89.0,layoff permanent,layoff,2023-06-26,2023-05-29,2023-07-28,,2023-07-28,65.93,1
saks company llc columbus,OH,45.0,41.0,closure,closure,2026-02-10,,2026-04-11,2026-04-30,2026-04-11,65.59,0
vimo inc dba,FL,54.0,1.0,layoff,layoff,,2024-12-20,2025-02-19,2025-02-19,2025-02-19,65.62,0
marine hydraulics international llc mhi 543 east indian river road norfolk va 23523,VA,48.0,139.0,layoff,layoff,,2023-06-19,2023-08-21,,2023-08-21,66.09,1
lennox industries,IA,33.0,22.0,amendment - reduction in number laid off,amendment,,2025-08-29,2025-08-01,,2025-08-01,65.7,0
borgwarner pds revised 2 16 24,IN,33.0,101.0,closure,closure,,2024-02-16,2024-04-12,,2024-04-12,65.96,1
catholic charities of orange sullivan ulster ccosu,NY,62.0,12.0,"economic, other",other,,2025-02-19,2025-05-23,2025-08-15,2025-05-23,65.76,0
sam levitz furniture,AZ,44.0,181.0,layoff,layoff,,2024-08-06,,,2024-08-06,66.32,1
gallo sales,CA,42.0,151.0,closure permanent,closure,2023-01-19,2023-01-10,2023-03-12,,2023-03-12,66.2,1
stalk spade edina,MN,72.0,1.0,closure,closure,,,2023-11-01,,2023-11-01,65.65,0
pvh,NJ,54.0,51.0,layoff,layoff,,2025-06-27,,,2025-06-27,65.59,0
green mill restaurant bar 2023 hastings,MN,72.0,1.0,closure,closure,,,2023-06-09,,2023-06-09,65.65,0
jai s,CA,,7.0,closure permanent,closure,2025-06-02,2025-05-30,2025-07-31,,2025-07-31,65.63,0
qualcomm,NJ,33.0,91.0,layoff,layoff,,2024-01-11,,,2024-01-11,65.9,1
gxo logistics worldwide,GA,49.0,85.0,closure,closure,,,2026-03-31,,2026-03-31,65.98,1
morgan truck body,OH,33.0,110.0,layoffs,layoff,2025-06-02,,2025-08-01,,2025-08-01,66.0,1
wafd bank,CA,,49.0,layoff permanent,layoff,2024-03-11,2024-02-13,2024-04-30,,2024-04-30,65.63,0
rhino construction,TN,23.0,2.0,unknown,other,2023-12-06,,2023-11-29,,2023-11-29,65.61,0
amazon lax18,CA,45.0,7.0,layoff permanent,layoff,2025-10-29,2025-10-28,2025-01-26,,2025-01-26,65.63,0
cyracom international,FL,33.0,150.0,layoff,layoff,,2025-09-04,2025-11-01,2025-12-14,2025-11-01,66.2,1
zeco systems inc dba shell ev charging solutions americas,OR,,48.0,layoff,layoff,,2025-08-18,,,2025-08-18,66.89,1
vintage wine estates,CA,31.0,11.0,closure permanent,closure,2024-07-24,2024-07-24,2024-09-27,,2024-09-27,65.63,0
geodis,OH,49.0,105.0,closure,closure,2026-03-03,,2026-04-28,,2026-04-28,65.97,1
vroom sam houston parkway,TX,,178.0,layoff,layoff,,,2024-03-23,,2024-03-23,66.31,1
boeing,CA,33.0,1.0,layoff permanent,layoff,2024-11-15,2024-11-15,2025-01-17,,2025-01-17,65.63,0
tattooed chef 6411,CA,31.0,16.0,closure permanent,closure,2023-08-03,2023-06-29,2023-08-28,,2023-08-28,65.63,0
intel corporation sc 11,CA,33.0,5.0,layoff permanent,layoff,2025-07-14,2025-07-10,2025-07-15,,2025-07-15,65.63,0
cushman wakefield u s,CA,53.0,51.0,layoff permanent,layoff,2024-06-13,2024-06-13,2024-08-18,,2024-08-18,65.64,0
roseburg forest product co weed veneer,CA,32.0,147.0,closure permanent,closure,2025-12-03,2025-12-03,2026-02-01,,2026-02-01,66.19,1
divvy homes,MA,53.0,3.0,layoff,layoff,2023-09-07,,2023-11-07,,2023-11-07,65.63,0
intel corporation sc 9,CA,33.0,2.0,layoff permanent,layoff,2025-06-20,2025-06-18,2025-07-15,,2025-07-15,65.63,0
avanti installation,FL,62.0,19.0,layoff,layoff,,2025-12-15,2026-02-15,2026-02-15,2026-02-15,65.62,0
gmri inc dba bahama breeze,MI,72.0,66.0,closure,closure,,,2026-04-05,,2026-04-05,65.7,0
broadcom vm ware,CO,51.0,184.0,merger related,other,,2023-11-27,2024-01-26,2024-01-26,2024-01-26,66.29,1
solarcycle,TX,33.0,70.0,layoff,layoff,,,2025-10-06,,2025-10-06,65.82,0
dhl ecommerce dba dhl global mail,NC,49.0,120.0,closure,closure,2024-05-31,2024-05-31,2024-08-02,,2024-08-02,66.07,1
iv media,KY,51.0,53.0,closure,closure,2024-12-20,,2025-02-24,,2025-02-24,65.64,0
silgan containers manufacturing,CA,33.0,64.0,closure permanent,closure,2024-01-26,2024-01-03,2024-03-31,,2024-03-31,65.75,0
sunrun,CA,,24.0,layoff permanent,layoff,2023-10-18,2023-09-12,2023-11-13,,2023-11-13,65.63,0
megabus northeast,MD,48.0,62.0,closure,closure,,2024-06-20,2024-08-09,,2024-08-09,65.79,0
blue shield of california,CA,52.0,5.0,layoff permanent,layoff,2025-04-22,2025-04-21,2025-05-01,,2025-05-01,65.63,0
hart to heart transportation,PA,48.0,124.0,closure,closure,,,2025-03-24,2025-04-12,2025-03-24,66.12,1
biontech us,MD,32.0,63.0,layoff,layoff,,2025-06-13,2025-08-09,,2025-08-09,65.8,0
sumitomo pharma america holdings inc sunovian pharmaceuticals,MA,,84.0,layoff,layoff,2023-04-27,,2023-06-30,,2023-06-30,65.9,1
kinder morgan,GA,22.0,42.0,closure,closure,,,2025-10-17,,2025-10-17,65.71,0
f21 opco llc dba forever 21,CA,44.0,30.0,closure permanent,closure,2025-02-26,2025-02-19,2025-04-25,,2025-04-25,65.63,0
nupla llc a wholly owned subsidiary of saunders midwest,CA,33.0,66.0,layoff permanent,layoff,2023-02-22,2023-02-14,2023-05-31,,2023-05-31,65.77,0
kaiser foundation hospitals,CA,62.0,19.0,layoff permanent,layoff,2025-01-22,2025-01-21,2025-03-22,,2025-03-22,65.63,0
memorialcare long beach medical center and women s hospital long beach,CA,62.0,115.0,layoff permanent,layoff,2025-05-02,2025-05-02,2025-06-16,,2025-06-16,66.06,1
99 cents only store llc stella link,TX,45.0,20.0,layoff,layoff,,,2024-06-03,,2024-06-03,65.64,0
lake region healthcare,MN,62.0,9.0,closure,closure,,,2024-03-16,,2024-03-16,65.65,0
northrop grumman,CA,33.0,1.0,layoff permanent,layoff,2024-03-20,2024-03-04,2024-04-29,,2024-04-29,65.63,0
meta platforms inc 190 jefferson,CA,51.0,1.0,layoff permanent,layoff,2026-02-03,2026-02-02,2026-03-20,,2026-03-20,65.63,0
bags metropolis,FL,56.0,41.0,layoff,layoff,,2024-12-13,2025-01-20,2025-02-17,2025-01-20,65.62,0
phenomex,CA,54.0,46.0,layoff permanent,layoff,2023-11-01,2023-10-02,2023-10-02,,2023-10-02,65.63,0
cue health,CA,33.0,7.0,layoff permanent,layoff,2024-01-26,2024-01-04,2024-03-05,,2024-03-05,65.63,0
envision physician services,TX,62.0,120.0,layoff,layoff,,,2025-05-31,,2025-05-31,67.0,1
rivian automotive,CA,33.0,2.0,layoff permanent,layoff,2024-05-07,2024-04-19,2024-06-18,,2024-06-18,65.63,0
marion manufacturing,IL,33.0,31.0,closing,closure,2024-05-16,2024-05-16,2024-07-31,2024-12-31,2024-07-31,65.66,0
maxar space,CA,33.0,6.0,layoff permanent,layoff,2024-10-15,2024-10-15,2024-10-18,,2024-10-18,65.63,0
primo brands,CA,,13.0,closure permanent,closure,2025-03-05,2025-03-05,2025-05-17,,2025-05-17,65.63,0
cor restaurant services llc with chick fil a,CA,72.0,85.0,closure temporary,closure,2023-03-02,2023-02-28,2023-05-04,,2023-05-04,65.9,1
gardaworld federal services,IL,56.0,95.0,layoff,layoff,2024-11-20,2024-11-20,2024-12-31,,2024-12-31,66.0,1
google,CA,51.0,21.0,layoff permanent,layoff,2023-01-24,2023-01-20,2023-03-31,,2023-03-31,65.63,0
us endodontics,TN,62.0,70.0,unknown,other,2025-12-30,,2026-02-27,,2026-02-27,65.78,0
kaiser foundation hospitals,CA,62.0,1.0,layoff permanent,layoff,2025-06-18,2025-06-16,2025-06-16,,2025-06-16,65.63,0
hybrid promotions llc dba hybrid apparel,CA,33.0,19.0,closure permanent,closure,2024-08-05,2024-08-05,2024-10-04,,2024-10-04,65.63,0
rex lumber brookhaven,MS,32.0,71.0,layoff,layoff,,2025-07-11,2025-09-09,,2025-09-09,65.76,0
alta finance group,MD,52.0,2.0,layoff,layoff,,2024-12-06,2025-02-04,,2025-02-04,65.68,0
the hope learning academy chicago,IL,,53.0,closing,closure,2023-05-12,2023-05-12,2023-06-09,2023-08-05,2023-06-09,65.69,0
fulfillment center for harris teeter,MD,49.0,80.0,closure,closure,,2025-11-19,2026-02-01,,2026-02-01,65.93,1
main street sports group,TX,71.0,18.0,layoff,layoff,,,2026-04-14,,2026-04-14,65.64,0
yellow,WI,52.0,24.0,closure,closure,,2023-08-15,2023-07-30,,2023-07-30,69.0,1
s b industry,TX,33.0,115.0,layoff,layoff,,,2023-07-21,,2023-07-21,66.08,1
carbon health,CA,62.0,1.0,layoff permanent,layoff,2023-10-16,2023-08-10,2023-10-09,,2023-10-09,65.63,0
shake shack enterprises,CA,,32.0,closure permanent,closure,2024-08-27,2024-08-26,2024-08-27,,2024-08-27,65.63,0
texas de brazil,CA,72.0,30.0,closure permanent,closure,2024-05-16,2024-05-15,2024-07-14,,2024-07-14,65.63,0
optum,CA,62.0,21.0,closure permanent,closure,2024-07-18,2024-07-18,2024-09-16,,2024-09-16,65.63,0
westrock,IN,32.0,101.0,closure,closure,,2023-08-15,2023-10-15,,2023-10-15,65.96,1
chep services,MO,48.0,100.0,layoff,layoff,,2023-03-07,2023-05-02,,2023-05-02,65.95,1
tesla,CA,33.0,1.0,layoff permanent,layoff,2024-04-25,2024-04-22,2024-06-14,,2024-06-14,65.63,0
the michaels companies,CA,,160.0,layoff permanent,layoff,2023-03-24,2023-03-23,2023-03-23,,2023-03-23,66.23,1
meta platforms inc 220 jefferson,CA,51.0,2.0,layoff permanent,layoff,2026-02-03,2026-02-02,2026-03-20,,2026-03-20,65.63,0
indeed,CA,51.0,87.0,layoff permanent,layoff,2024-05-14,2024-05-13,2024-07-12,,2024-07-12,65.91,1
federal mogul motorparts,AL,33.0,82.0,closure,closure,,2025-07-30,2025-09-25,,2025-09-25,65.84,0
herbalife international of america,CA,31.0,12.0,layoff permanent,layoff,2023-03-15,2023-03-13,2023-04-28,,2023-04-28,65.63,0
howard miller,NC,33.0,3.0,closure,closure,2025-08-14,2025-08-13,2025-11-02,,2025-11-02,65.61,0
morrison healthcare,FL,62.0,31.0,layoff,layoff,,2024-12-27,2024-12-15,2024-12-31,2024-12-15,65.62,0
christmas tree shops location 6,NJ,45.0,51.0,layoff,layoff,,2023-07-07,,,2023-07-07,65.59,0
anchor bar of myrtle beach,SC,72.0,29.0,closure,closure,,2025-08-18,2025-08-31,,2025-08-31,65.61,0
peet s coffee,CA,72.0,110.0,closure permanent,closure,2023-06-06,2023-05-19,2023-07-19,,2023-07-19,66.04,1
takeda shire human genetic therapies inc shgt,MA,32.0,42.0,layoff,layoff,2023-05-01,,,,2023-05-01,65.63,0
downtown streets,CA,81.0,3.0,closure permanent,closure,2025-08-29,2025-08-29,2025-10-31,,2025-10-31,65.63,0
burger king long prairie,MN,72.0,1.0,closure,closure,,,2023-04-12,,2023-04-12,65.65,0
c s family of companies gsc wholesale,TX,42.0,21.0,layoff,layoff,,,2025-03-14,,2025-03-14,65.64,0
town hospice palliative care llc dba suncrest hospice inland empire,CA,,23.0,closure permanent,closure,2025-08-20,2025-08-20,2025-11-21,,2025-11-21,65.63,0
anaplan,CA,51.0,14.0,layoff permanent,layoff,2023-07-20,2023-06-21,2023-06-28,,2023-06-28,65.63,0
advance stores company incorporated and its subsidiary golden state supply,CA,44.0,12.0,closure permanent,closure,2024-11-15,2024-11-14,2025-02-17,,2025-02-17,65.63,0
blue shield of california,CA,52.0,10.0,layoff permanent,layoff,2025-04-22,2025-04-21,2025-05-01,,2025-05-01,65.63,0
middlebury institute of international studies at monterey,CA,,123.0,closure permanent,closure,2025-11-14,2025-11-14,2026-01-16,,2026-01-16,66.09,1
ryder integrated logistics,TN,48.0,80.0,unknown,other,2024-02-13,,2024-06-30,,2024-06-30,65.85,0
google us sfo 1mst,CA,51.0,42.0,layoff permanent,layoff,2024-01-25,2024-01-10,2024-03-10,,2024-03-10,65.63,0
meta platforms,CA,51.0,5.0,layoff permanent,layoff,2023-06-26,2023-05-29,2023-07-28,,2023-07-28,65.63,0
sodexo inc and affiliates,MD,72.0,14.0,layoff,layoff,,2024-11-18,2025-01-15,,2025-01-15,65.68,0
right at school,CA,61.0,14.0,layoff permanent,layoff,2025-04-10,2025-04-09,2025-06-10,,2025-06-10,65.63,0
ups,CT,,118.0,closure,closure,2024-02-05,2024-02-02,2024-04-02,,2024-04-02,66.07,1
mazar space llc leghorn,CA,33.0,6.0,layoff permanent,layoff,2024-02-02,2024-02-01,2024-02-02,,2024-02-02,65.63,0
wells fargo,IA,52.0,2.0,amendment - additional employees,amendment,,2024-11-26,2025-01-26,,2025-01-26,65.7,0
valyria,CA,,25.0,closure permanent,closure,2025-09-24,2025-09-24,2025-11-21,,2025-11-21,65.63,0
iss action yuma,AZ,56.0,51.0,layoff,layoff,,2024-07-01,,,2024-07-01,65.66,0
westrock,KY,32.0,76.0,closure,closure,2023-02-27,,2023-04-17,,2023-04-17,65.83,0
cnh industrial america,IA,33.0,4.0,amendement - change in number,other,,2026-02-27,2026-03-23,,2026-03-23,65.7,0
applied materials inc 3325 scott blvd,CA,33.0,52.0,layoff permanent,layoff,2025-10-24,2025-10-23,2025-12-23,,2025-12-23,65.65,0
gap,CA,44.0,84.0,layoff permanent,layoff,2023-05-24,2023-04-27,2023-04-27,,2023-04-27,65.9,1
eym chicken of wisconsin dba kfc,WI,72.0,34.0,closure,closure,,2024-08-22,2024-08-18,,2024-08-18,65.64,0
southwest key programs inc la esperanza,TX,,4.0,layoff,layoff,,,2025-10-05,,2025-10-05,65.64,0
country home bakers,GA,31.0,164.0,closure,closure,,,2025-10-27,,2025-10-27,66.33,1
astrion,OH,54.0,61.0,layoff,layoff,2026-02-09,,2026-05-31,,2026-05-31,65.69,0
planned parenthood,MN,62.0,36.0,closure,closure,,,2024-01-31,,2024-01-31,65.65,0
anheuser busch,NJ,31.0,151.0,layoff,layoff,,2026-03-11,,,2026-03-11,66.16,1
total frac solutions,CO,,11.0,closure/mass layoff,mass_layoff,,2025-01-28,2025-03-31,2025-03-31,2025-03-31,65.62,0
pacpartners dba pizza hut,CA,,8.0,layoff permanent,layoff,2024-01-24,2023-12-14,2024-02-15,,2024-02-15,65.63,0
nauticstar boats,MS,,92.0,layoff,layoff,,2023-04-14,2023-04-14,,2023-04-14,65.9,1
cue health waples ii,CA,33.0,4.0,layoff permanent,layoff,2023-01-10,2023-01-05,2023-03-07,,2023-03-07,65.63,0
cruise llc cc,CA,33.0,23.0,layoff permanent,layoff,2024-01-19,2023-12-14,2023-12-14,,2023-12-14,65.63,0
hackensack meridian ambulatory care,NJ,62.0,108.0,layoff,layoff,,2023-03-31,,,2023-03-31,65.99,1
ubisoft,CA,51.0,152.0,layoff permanent,layoff,2024-12-04,2024-12-03,2024-12-03,,2024-12-03,66.2,1
zeco systems,GA,33.0,3.0,permanent layoff / reduction in force,layoff,,,2025-10-31,,2025-10-31,65.71,0
omniplex world services,KY,56.0,22.0,layoff,layoff,2025-07-10,,2025-07-31,,2025-07-31,65.61,0
ots solutions llc dba on time staffing,CA,56.0,19.0,layoff permanent,layoff,2024-03-29,2024-03-21,2024-05-20,,2024-05-20,65.63,0
sumitomo electric wiring systems,TX,,110.0,layoff,layoff,,,2023-03-31,,2023-03-31,66.06,1
burke williams,CA,81.0,68.0,closure permanent,closure,2025-02-20,2025-02-20,2025-05-01,,2025-05-01,65.79,0
democratic senatorial campaign committee,DC,92.0,107.0,layoff,layoff,,2024-09-13,2024-11-17,,2024-11-17,65.95,1
bumble bee foods,CA,31.0,56.0,layoff permanent,layoff,2025-10-16,2025-10-16,2025-12-18,,2025-12-18,65.68,0
charles river laboratories,MA,54.0,68.0,layoff,layoff,2025-11-10,,2026-01-06,2026-06-26,2026-01-06,65.79,0
semikron danfoss,NY,,43.0,contract loss,other,,2024-12-18,2024-11-01,2024-12-27,2024-11-01,65.76,0
americold logistics,UT,49.0,81.0,layoff,layoff,,2023-11-04,,,2023-11-04,65.91,1
louisiana pacific,IL,32.0,31.0,closing,closure,2024-03-08,2024-03-08,2024-03-08,2024-05-31,2024-03-08,65.66,0
the giant,PA,44.0,61.0,closure,closure,,,2024-12-28,,2024-12-28,65.75,0
safeway inc store 0017,CO,,62.0,closure,closure,,2025-09-09,2025-11-07,2025-11-07,2025-11-07,65.73,0
meadow lane healthcare,MN,62.0,28.0,closure,closure,,,2023-08-11,,2023-08-11,65.65,0
silgan containers,CA,33.0,72.0,layoff temporary,layoff,2024-08-21,2024-08-13,2024-10-13,,2024-10-13,65.82,0
fate therapeutics,CA,54.0,34.0,layoff permanent,layoff,2023-01-24,2023-01-05,2023-03-06,,2023-03-06,65.63,0
mucci tehachapi,CA,,21.0,closure permanent,closure,2025-06-23,2025-06-23,2025-08-22,,2025-08-22,65.63,0
1401 unitek learning education group,CA,61.0,3.0,layoff permanent,layoff,2025-05-01,2025-04-30,2025-07-03,,2025-07-03,65.63,0
durham school services,IA,48.0,97.0,mass layoff,mass_layoff,,2023-03-31,2023-06-01,,2023-06-01,66.04,1
acme markets,NJ,44.0,70.0,layoff,layoff,,2024-04-01,,,2024-04-01,65.76,0
walmart carrollton,TX,44.0,206.0,layoff,layoff,,,2024-08-09,,2024-08-09,66.38,1
microsoft 770,CA,,1.0,layoff permanent,layoff,2025-05-14,2025-05-13,2025-07-12,,2025-07-12,65.63,0
bmo harris bank n a,AZ,52.0,81.0,layoff,layoff,,2023-07-10,,,2023-07-10,65.9,1
accelerate360 distribution llc dakota merchandising remote work unit,WI,42.0,50.0,closure,closure,,2025-04-25,2025-06-28,,2025-06-28,65.64,0
block,IL,51.0,5.0,layoff,layoff,2024-01-30,2025-08-12,2024-03-30,,2024-03-30,65.66,0
kaiser foundation hospitals 99,CA,62.0,7.0,layoff permanent,layoff,2025-10-07,2025-10-06,2025-09-17,,2025-09-17,65.63,0
kaiser foundation hospitals 94612,CA,62.0,14.0,layoff permanent one kaiser plaza,layoff,2025-04-23,2025-04-21,2025-04-21,,2025-04-21,65.63,0
embecta corportation,MA,,48.0,layoff,layoff,2024-11-26,,2025-02-03,2025-08-01,2025-02-03,66.83,1
a plus appliance st paul,MN,44.0,3.0,closure,closure,,,2024-09-30,,2024-09-30,65.65,0
capstone logistics,MS,49.0,2.0,layoff,layoff,,2025-02-12,2025-04-14,,2025-04-14,65.58,0
calpac pizza dba pizza hut 027384,CA,72.0,7.0,layoff permanent,layoff,2024-01-24,2023-12-14,2024-02-16,,2024-02-16,65.63,0
carbon health,CA,62.0,9.0,layoff permanent,layoff,2023-10-18,2023-08-10,2023-10-09,,2023-10-09,65.63,0
d a consulting services inc dba getinsured,AZ,72.0,6.0,layoff,layoff,,2024-12-30,,,2024-12-30,65.65,0
wells fargo,IA,52.0,33.0,mass layoff,mass_layoff,,2025-03-04,2025-04-04,,2025-04-04,65.7,0
barrel ten quarter circle,CA,11.0,13.0,closure permanent,closure,2025-02-06,2025-02-06,2025-04-08,,2025-04-08,65.63,0
tate access floors,MD,33.0,32.0,closure,closure,,2024-11-14,2025-01-08,,2025-01-08,65.68,0
pixelogic media partners,CA,51.0,7.0,layoff permanent,layoff,2024-10-10,2024-10-10,2024-10-10,,2024-10-10,65.63,0
encompass,MD,54.0,194.0,layoff,layoff,,2025-02-13,2025-02-12,,2025-02-12,66.39,1
acdi voca,DC,81.0,4.0,layoff,layoff,,2025-07-30,2025-10-01,,2025-10-01,65.56,0
action printing a jal equity,WI,32.0,44.0,closure,closure,,2025-09-25,2025-08-07,,2025-08-07,65.64,0
mattel,CA,33.0,91.0,layoff permanent,layoff,2023-03-27,2023-02-21,2023-04-30,,2023-04-30,65.94,1
calvary murrieta christian school,CA,61.0,74.0,closure permanent,closure,2026-03-16,2026-03-16,2026-05-29,,2026-05-29,65.83,0
qualcomm incorporated,CA,33.0,1.0,layoff permanent,layoff,2023-06-14,2023-05-17,2023-07-18,,2023-07-18,65.63,0
wellmore energy company llc laboratory department,KY,21.0,2.0,layoff,layoff,2023-07-20,,2023-07-25,,2023-07-25,65.61,0
capital one financial,IL,52.0,215.0,layoff,layoff,2025-08-15,2025-08-15,2025-10-17,2026-05-01,2025-10-17,66.42,1
beverly hospital,CA,62.0,5.0,closure permanent,closure,2023-05-02,2023-04-26,2023-06-11,,2023-06-11,65.63,0
activision blizzard,CA,51.0,16.0,layoff permanent,layoff,2024-04-12,2024-04-08,2024-06-07,,2024-06-07,65.63,0
western power sports,CA,42.0,11.0,closure permanent,closure,2024-04-02,2024-03-28,2024-05-31,,2024-05-31,65.63,0
party city store 1096,MD,,20.0,closure,closure,,2024-12-20,2025-02-28,,2025-02-28,65.68,0
international paper,OH,32.0,107.0,closure,closure,2025-06-26,,2025-09-01,,2025-09-01,65.98,1
niantic,CA,51.0,107.0,closure permanent,closure,2023-08-04,2023-06-28,2023-07-01,,2023-07-01,66.02,1
de la pena eye clinic dlp van nuys,CA,62.0,19.0,closure permanent,closure,2026-02-18,2026-02-13,2026-03-13,,2026-03-13,65.63,0
medallion industries,CA,32.0,5.0,closure permanent,closure,2023-01-19,2023-01-17,2023-04-28,,2023-04-28,65.63,0
bww law group,MD,54.0,94.0,closure,closure,,2025-11-17,2026-01-31,,2026-01-31,66.01,1
calpac pizza ii llc dba pizza hut,CA,72.0,4.0,layoff permanent,layoff,2024-01-24,2023-12-14,2024-02-17,,2024-02-17,65.63,0
united states cellular,IA,51.0,6.0,amendment - change in date,amendment,,2025-06-11,2025-07-01,,2025-07-01,65.7,0
apogee architectural metals,TX,33.0,58.0,layoff,layoff,,,2026-01-03,,2026-01-03,65.72,0
1266 apartment,NJ,53.0,81.0,layoff,layoff,,2023-04-07,,,2023-04-07,65.84,0
disney streaming technology,CA,51.0,52.0,layoff permanent,layoff,2023-06-09,2023-05-25,2023-06-01,,2023-06-01,65.65,0
jerome w vittetoe pork,IA,11.0,65.0,closing,closure,,2023-12-29,2024-01-01,,2024-01-01,65.83,0
cattlemens restaurant,CA,44.0,63.0,layoff permanent,layoff,2024-10-25,2024-10-24,2024-12-31,,2024-12-31,65.75,0
riot games,CA,31.0,26.0,layoff permanent,layoff,2026-02-25,2026-02-24,2026-04-27,,2026-04-27,65.63,0
dorothy day house,MN,62.0,2.0,closure,closure,,,2024-05-01,,2024-05-01,65.65,0
prevea clinic,WI,,2.0,layoff,layoff,,2024-01-22,2024-03-22,,2024-03-22,65.64,0
rr donnelley,TX,32.0,88.0,layoff,layoff,,,2025-03-15,,2025-03-15,65.94,1
value village thrift stores,MD,45.0,30.0,"plant closure update: there are 5 maryland locations. new owner is expected to hire all workers, with the exception of 46 workers, due to transportation issues",closure,,2025-12-19,2026-02-21,,2026-02-21,65.68,0
david s bridal,AL,44.0,40.0,layoff,layoff,,2023-05-23,2023-06-23,,2023-06-23,65.59,0
herbalife international of america,CA,31.0,21.0,layoff permanent,layoff,2024-04-23,2024-04-22,2024-05-31,,2024-05-31,65.63,0
marsden services,OH,56.0,88.0,layoff,layoff,2024-01-11,,2024-02-20,2024-03-05,2024-02-20,65.88,0
advance stores company incorporated and its subsidiary golden state supply,CA,44.0,12.0,closure permanent,closure,2024-11-15,2024-11-14,2025-03-09,,2025-03-09,65.63,0
tusimple,TX,54.0,76.0,layoff,layoff,,,2023-12-21,,2023-12-21,65.86,0
flex,CA,33.0,31.0,layoff permanent,layoff,2023-06-01,2023-05-04,2023-07-02,,2023-07-02,65.63,0
rtx,IA,33.0,4.0,mass layoff,mass_layoff,,2025-04-10,2025-05-15,,2025-05-15,65.7,0
optum,CA,62.0,12.0,closure permanent,closure,2024-07-18,2024-07-18,2024-09-16,,2024-09-16,65.63,0
medline industries lp,NC,42.0,220.0,closure,closure,2024-04-30,2024-04-30,2024-03-25,,2024-03-25,66.39,1
calpac pizza dba pizza hut,CA,72.0,4.0,layoff permanent,layoff,2024-01-24,2023-12-14,2024-02-17,,2024-02-17,65.63,0
amazon,CA,45.0,58.0,layoff permanent,layoff,2023-01-20,2023-01-18,2023-03-19,,2023-03-19,65.7,0
marshfield clinic health system,WI,62.0,10.0,layoff,layoff,,2023-03-01,2023-05-19,,2023-05-19,65.64,0
charter communications,MA,51.0,174.0,layoff,layoff,2025-03-26,,2025-06-26,,2025-06-26,66.28,1
yellow,WI,52.0,10.0,closure,closure,,2023-08-15,2023-07-30,,2023-07-30,69.0,1
advance stores company incorporated and its subsidiary golden state supply,CA,44.0,9.0,closure permanent,closure,2024-11-15,2024-11-14,2025-03-06,,2025-03-06,65.63,0
kalmbach media,WI,51.0,73.0,layoff,layoff,,2024-05-24,2024-07-01,,2024-07-01,65.83,0
g c staffing llc gold flora 1190 coleman avenue,CA,56.0,6.0,closure permanent,closure,2025-12-11,2025-12-05,2026-02-10,,2026-02-10,65.63,0
orient macksburg community school district,IA,61.0,36.0,closing,closure,,2025-02-11,2025-07-01,,2025-07-01,65.7,0
99 cents only store llc bissonet,TX,45.0,20.0,layoff,layoff,,,2024-06-03,,2024-06-03,65.64,0
child care associates everman,TX,62.0,9.0,layoff,layoff,,,2025-06-30,,2025-06-30,65.64,0
i squared logistics,NC,49.0,160.0,layoff,layoff,2025-12-16,2025-12-16,2025-12-15,,2025-12-15,66.22,1
qualcomm incorporated 5775 morehouse drive,CA,,19.0,layoff permanent,layoff,2026-04-02,2026-04-02,2026-05-26,,2026-05-26,65.63,0
advance stores company incorporated and its subsidiary golden state supply,CA,44.0,66.0,closure permanent,closure,2024-11-14,2024-11-14,2025-02-15,,2025-02-15,65.77,0
developmental disabilities resource center,CO,62.0,46.0,reduction in force,layoff,,2024-03-11,2024-06-30,2024-06-30,2024-06-30,65.62,0
supernal llc 15555,CA,,20.0,layoff permanent,layoff,2025-06-30,2025-06-30,2025-06-30,,2025-06-30,65.63,0
ymca taylor elementary school,CA,71.0,10.0,layoff permanent,layoff,2026-04-20,2026-04-17,2026-06-09,,2026-06-09,65.63,0
saks,MD,45.0,15.0,closure,closure,,2026-01-29,2026-04-30,,2026-04-30,65.68,0
american institute of research,IL,54.0,8.0,company will have 8 additional layoffs starting 1/5/26,layoff,2025-03-11,2025-03-11,2025-11-07,2025-05-09,2025-11-07,65.66,0
prospect medical systems,CA,62.0,125.0,layoff permanent,layoff,2025-06-23,2025-06-20,2025-07-01,,2025-07-01,66.1,1
woodmont grill,MD,72.0,65.0,closure,closure,,2025-10-30,2025-12-30,,2025-12-30,65.82,0
d a consulting service llc dba getinsured 7908 point hollow dr richmond va 23227,VA,54.0,35.0,permanent reduction,layoff,,2025-01-21,2025-02-19,,2025-02-19,65.56,0
google borregas,CA,51.0,1.0,layoff permanent,layoff,2025-05-29,2025-05-28,2025-07-06,,2025-07-06,65.63,0
shoppers,MD,44.0,49.0,closure,closure,,2023-05-01,2023-07-15,,2023-07-15,65.68,0
quixote studio services 14002,CA,,7.0,layoff permanent,layoff,2025-07-11,2025-07-10,2025-07-10,,2025-07-10,65.63,0
gilead sciences,CA,72.0,1.0,layoff permanent,layoff,2023-11-03,2023-10-04,2023-03-15,,2023-03-15,65.63,0
bloomingdale s san francisco centre,CA,45.0,164.0,closure permanent,closure,2025-02-03,2025-01-31,2025-03-31,,2025-03-31,66.24,1
pyramid lumber,MT,54.0,101.0,layoff,layoff,,2024-03-14,2024-05-01,,2024-05-01,65.88,0
vitacost,AZ,,57.0,layoff,layoff,,2023-02-06,,,2023-02-06,65.71,0
meta platforms,CA,51.0,3.0,layoff permanent,layoff,2023-05-08,2023-04-24,2023-06-23,,2023-06-23,65.63,0
center point inc 5100,CA,62.0,17.0,layoff permanent,layoff,2025-05-02,2025-04-28,2025-06-30,,2025-06-30,65.63,0
brinks home,PA,56.0,94.0,layoff,layoff,,,2023-03-05,,2023-03-05,65.98,1
web industries,MA,32.0,68.0,layoff,layoff,2023-08-23,,2023-10-19,2023-12-31,2023-10-19,65.79,0
timber city wellness rehabilitation,IA,62.0,53.0,closing,closure,,2023-02-07,2023-04-15,,2023-04-15,65.73,0
blue shield of california,CA,52.0,6.0,layoff permanent,layoff,2026-03-16,2026-03-13,2026-04-08,,2026-04-08,65.63,0
ground services international,IL,48.0,115.0,closing,closure,2023-12-15,2023-12-15,2024-01-31,2024-03-13,2024-01-31,66.1,1
old log theatre,MN,71.0,3.0,closure,closure,,,2024-02-20,,2024-02-20,65.65,0
unitypoint health,IA,51.0,1.0,mass layoff,mass_layoff,,2026-04-14,2026-07-24,,2026-07-24,65.7,0
google mp2,CA,51.0,3.0,layoff permanent,layoff,2026-01-27,2026-01-26,2026-03-22,,2026-03-22,65.63,0
lifecare assurance,CA,52.0,50.0,layoff permanent oxnard,layoff,2024-11-21,2024-11-21,2025-01-24,,2025-01-24,65.63,0
advance stores company incorporated and its subsidiary golden state supply,CA,44.0,8.0,closure permanent,closure,2024-11-15,2024-11-14,2025-03-07,,2025-03-07,65.63,0
aurora solar,CA,54.0,58.0,layoff permanent,layoff,2025-01-15,2025-01-10,2025-01-10,,2025-01-10,65.7,0
communify cuyama center,CA,62.0,2.0,layoff permanent,layoff,2025-11-03,2025-11-03,2026-01-02,,2026-01-02,65.63,0
lakeshore learning materials llc 2161,CA,44.0,109.0,layoff permanent,layoff,2025-05-14,2025-05-14,2025-07-12,,2025-07-12,66.03,1
azure acres treatment center 7064,CA,62.0,8.0,closure permanent,closure,2025-09-17,2025-09-16,2025-11-08,,2025-11-08,65.63,0
whitepath fab tech,GA,33.0,42.0,permanent layoff / reduction in force,layoff,,,2025-09-11,,2025-09-11,65.71,0
the french gourmet,CA,72.0,102.0,closure permanent,closure,2025-11-20,2025-11-07,2026-01-01,,2026-01-01,66.0,1
fulton bank n a,PA,52.0,3.0,closure,closure,,,2024-11-22,,2024-11-22,65.65,0
ovations fanfare l p dba ovg hospitality,CA,72.0,90.0,layoff permanent,layoff,2025-12-01,2025-12-01,2026-02-01,,2026-02-01,65.93,1
rico corp dba d addario woodwinds,CA,33.0,7.0,layoff permanent,layoff,2024-01-29,2024-01-10,2024-03-15,,2024-03-15,65.63,0
north american stamping group,IN,33.0,62.0,closure,closure,,2024-06-26,2024-11-30,,2024-11-30,65.71,0
midwest mountaineering,MN,,40.0,closure,closure,,,2023-10-01,,2023-10-01,65.65,0
the ritz carlton hotel company llc food and beverage operations,FL,72.0,121.0,layoff,layoff,,2023-08-18,2023-10-20,2023-11-02,2023-10-20,66.08,1
stanislaus surgical hospital,CA,62.0,164.0,layoff temporary,layoff,2024-09-05,2024-09-05,2024-09-04,,2024-09-04,66.24,1
the mills,OH,,65.0,layoff,layoff,2023-08-14,,2023-10-22,2023-12-22,2023-10-22,65.72,0
pitney bowes,CA,33.0,11.0,closure permanent,closure,2024-08-14,2024-08-13,2024-10-12,,2024-10-12,65.63,0
technicolor creative services us,CA,51.0,217.0,closure permanent,closure,2025-02-24,2025-02-24,2025-02-24,,2025-02-24,66.39,1
tusimple,AZ,54.0,108.0,layoff,layoff,,2023-05-22,,,2023-05-22,66.05,1
eurofins lancaster laboratories professional scientific services,MD,54.0,25.0,layoff,layoff,,2025-07-03,2025-09-03,,2025-09-03,65.68,0
t mobile usa,TN,51.0,127.0,unknown,other,2023-10-19,,2023-11-02,,2023-11-02,66.09,1
amazon san 21,CA,45.0,5.0,layoff permanent,layoff,2025-10-29,2025-10-28,2026-01-26,,2026-01-26,65.63,0
brasscraft manufacturing,CA,33.0,137.0,closure permanent,closure,2023-03-15,2023-03-15,2023-12-31,,2023-12-31,66.15,1
transdev services,ND,,112.0,layoff,layoff,,2025-10-21,2025-12-21,,2025-12-21,66.15,1
wellmore energy company llc paw paw 2 south,KY,21.0,39.0,layoff,layoff,2023-07-20,,2023-09-10,,2023-09-10,65.61,0
bridgestone americas manufacturing group firestone ag plant des moines,IA,32.0,89.0,amendment - reduction in number laid off,amendment,,2024-06-12,2024-07-05,,2024-07-05,66.0,1
gulfmark energy inc electra,TX,21.0,18.0,layoff,layoff,,,2023-11-01,,2023-11-01,65.64,0
central valley training center,CA,54.0,63.0,closure permanent,closure,2025-06-02,2025-06-02,2025-08-01,,2025-08-01,65.75,0
union pacific,CA,48.0,15.0,closure permanent,closure,2024-05-30,2024-05-30,2024-07-31,,2024-07-31,65.63,0
david s bridal,IA,44.0,22.0,mass layoff,mass_layoff,,2023-04-14,2023-06-12,,2023-06-12,65.7,0
cvs pharmacy brooklyn center,MN,44.0,12.0,closure,closure,,,2025-01-30,,2025-01-30,65.65,0
general dynamics information technology,MD,54.0,21.0,layoff,layoff,,2026-03-27,2026-05-29,,2026-05-29,65.68,0
pepsico,IL,31.0,131.0,closing,closure,2024-10-28,2024-10-28,2024-12-28,,2024-12-28,66.16,1
keystone powdered metal,NC,33.0,217.0,closure,closure,2024-08-28,2024-08-28,2025-04-01,,2025-04-01,66.38,1
formagrid inc dba airtable,CA,51.0,99.0,layoff permanent,layoff,2023-10-19,2023-09-14,2023-09-15,,2023-09-15,65.98,1
liberated brands,CA,,1.0,closure permanent,closure,2025-01-08,2025-01-08,2025-01-08,,2025-01-08,65.63,0
hgs usa,IL,54.0,57.0,layoff,layoff,2023-01-24,2023-02-15,2023-02-15,,2023-02-15,65.73,0
total storage solutions arcadia 210 self storage,CA,,1.0,layoff permanent,layoff,2026-03-19,2026-03-12,2026-05-18,,2026-05-18,65.63,0
st louis post dispatch,MO,51.0,75.0,closure,closure,,2024-10-30,2025-01-05,2025-03-31,2025-01-05,65.8,0
oldcastle infrastructure,TX,,64.0,layoff,layoff,,,2024-04-22,,2024-04-22,65.77,0
essendant management services,TX,55.0,92.0,layoff,layoff,,,2025-11-07,,2025-11-07,65.96,1
national association of county and city health officials,DC,,43.0,layoff,layoff,,2025-07-30,2025-09-30,,2025-09-30,65.56,0
home depot,MO,44.0,61.0,closure,closure,,2025-07-17,2025-10-26,,2025-10-26,65.69,0
rpm logistics,AZ,48.0,60.0,layoff,layoff,,2023-02-27,,,2023-02-27,65.74,0
kasasa,TX,52.0,59.0,layoff,layoff,,,2024-02-21,,2024-02-21,70.0,1
cygnus home service 16227 brandy road culpeper va 227010,VA,81.0,7.0,closure,closure,,2023-10-25,2023-12-15,,2023-12-15,65.56,0
nucor tubular products chicago,IL,33.0,47.0,closing,closure,2024-08-28,2024-08-28,2024-11-27,,2024-11-27,65.66,0
marriott san mateo hotel,CA,72.0,127.0,closure permanent,closure,2024-02-22,2024-02-21,2024-05-01,,2024-05-01,66.11,1
raytheon,CA,,55.0,layoff permanent,layoff,2026-02-27,2026-02-27,2026-05-01,,2026-05-01,65.67,0
iac strasburg llc 806 east queen street strasburg va 22657,VA,33.0,69.0,closure,closure,,2024-10-08,2024-12-31,,2024-12-31,65.72,0
guy o neill,NC,32.0,102.0,closure,closure,2024-12-23,2024-12-23,2025-01-31,,2025-01-31,65.99,1
noble house home furnishings,CA,44.0,27.0,closure permanent,closure,2023-10-18,2023-09-11,2023-10-31,,2023-10-31,65.63,0
rivian automotive,CA,33.0,1.0,layoff permanent,layoff,2024-05-07,2024-04-19,2024-06-18,,2024-06-18,65.63,0
libra industries,OH,33.0,17.0,layoff,layoff,2024-12-12,,2025-02-21,,2025-02-21,65.59,0
yellow,WI,52.0,1.0,closure,closure,,2023-08-15,2023-07-30,,2023-07-30,69.0,1
yrc inc d b a yrc freight,MD,48.0,64.0,closure,closure,,2023-08-01,2023-07-30,,2023-07-30,65.81,0
kaléo,AZ,,1.0,layoff,layoff,,2024-09-30,,,2024-09-30,65.65,0
eym chicken of wisconsin dba kfc,WI,72.0,16.0,closure,closure,,2024-08-22,2024-08-18,,2024-08-18,65.64,0
horizon air,OR,48.0,78.0,layoff,layoff,,2026-03-26,,,2026-03-26,65.92,1
cleveland cliffs plate,PA,33.0,107.0,layoff,layoff,,,2025-06-30,,2025-06-30,66.05,1
wix com,TX,51.0,100.0,layoff,layoff,,,2023-04-16,,2023-04-16,66.01,1
kohl s,CA,45.0,60.0,closure permanent,closure,2025-01-08,2025-01-08,2025-03-31,,2025-03-31,65.72,0
scweitzer clubhouse,CA,71.0,15.0,layoff permanent,layoff,2024-05-17,2024-05-16,2024-07-15,,2024-07-15,65.63,0
arana therapeutics inc a company within teva pharmaceuticals usa,CA,33.0,30.0,closure permanent,closure,2023-01-03,2022-12-02,2023-02-03,,2023-02-03,65.63,0
yellow,FL,52.0,19.0,layoff,layoff,,2023-08-11,2023-07-30,2023-07-30,2023-07-30,69.0,1
fellers,IA,42.0,1.0,closing,closure,,2025-08-27,2025-10-24,,2025-10-24,65.7,0
meta platforms,CA,51.0,35.0,layoff permanent,layoff,2023-05-08,2023-04-24,2023-06-23,,2023-06-23,65.63,0
mau workforce solutions,UT,56.0,74.0,layoff,layoff,,2025-08-18,,,2025-08-18,65.86,0
pacpizza dba pizza hut 011730,CA,,3.0,layoff permanent,layoff,2024-01-24,2023-12-14,2024-02-16,,2024-02-16,65.63,0
pier 15 logistics llc amazon delivery station hla1,CA,49.0,50.0,closure permanent,closure,2025-06-30,2025-06-27,2025-09-02,,2025-09-02,65.63,0
catholic charities archdiocese of galveston houston cabrini cfla san felipe,TX,62.0,36.0,layoff,layoff,,,2025-03-31,,2025-03-31,65.64,0
centerra constellis,TX,56.0,23.0,layoff,layoff,,,2025-03-07,,2025-03-07,65.64,0
lowe s companies,MD,44.0,5.0,layoff,layoff,,2026-02-17,2026-04-19,2026-05-01,2026-04-19,65.68,0
boeing,CA,33.0,21.0,layoff permanent,layoff,2024-11-15,2024-11-15,2025-01-17,,2025-01-17,65.63,0
kaleo 111 virginia street suite 300 richmond va 23219,VA,,8.0,layoff,layoff,,2024-09-30,2024-11-30,,2024-11-30,65.56,0
experian information solutions,CA,51.0,10.0,layoff permanent,layoff,2024-04-23,2024-04-17,2024-06-14,,2024-06-14,65.63,0
illumina,CA,54.0,111.0,layoff permanent,layoff,2024-01-29,2024-01-11,2024-03-12,,2024-03-12,66.04,1
zachry industrial inc orange updated,TX,23.0,32.0,layoff,layoff,,,2024-06-30,,2024-06-30,65.64,0
xcite steps a wholly owned subsidiary of invo healthcare,CA,,96.0,closure permanent,closure,2023-07-19,2023-06-20,2023-08-21,,2023-08-21,65.96,1
kaiser foundation hospitals 74,CA,62.0,1.0,layoff permanent,layoff,2025-07-29,2025-07-28,2025-07-28,,2025-07-28,65.63,0
hastings creamery,MN,31.0,40.0,closure,closure,,,2023-08-01,,2023-08-01,65.65,0
bradshaw medical inc dba intech,WI,33.0,37.0,layoff,layoff,,2024-07-29,2024-09-26,,2024-09-26,65.64,0
amentum operations and maintenance services 6601 west broad street richmond va 23230,VA,56.0,56.0,layoff,layoff,,2025-07-02,2025-08-31,,2025-08-31,65.62,0
linkedin,CA,51.0,51.0,layoff permanent,layoff,2025-05-28,2025-05-27,2025-05-15,,2025-05-15,65.64,0
hcl america,NC,54.0,57.0,layoff,layoff,2024-08-29,2024-08-29,2025-01-06,,2025-01-06,65.68,0
meta platforms,CA,51.0,13.0,layoff permanent,layoff,2023-06-23,2023-05-29,2023-07-28,,2023-07-28,65.63,0
carparts com 2601 indian river rd chesapeake va 23325,VA,45.0,104.0,closure,closure,,2025-06-09,2025-08-08,,2025-08-08,65.94,1
thermo fisher scientific,CA,33.0,11.0,closure permanent,closure,2025-04-29,2025-04-29,2025-06-28,,2025-06-28,65.63,0
interceramic manufacturing facility,TX,32.0,161.0,layoff,layoff,,,2023-02-22,,2023-02-22,66.25,1
catholic charities of orange sullivan ulster ccosu,NY,62.0,14.0,"economic, other",other,,2025-02-19,2025-05-23,2025-08-15,2025-05-23,65.76,0
celestica precision machining,CA,33.0,13.0,layoff permanent,layoff,2023-01-27,2023-01-16,2023-03-20,,2023-03-20,65.63,0
american physician partners,TN,62.0,180.0,unknown,other,2023-07-18,,2023-07-31,,2023-07-31,66.28,1
national aerospace solutions llc nas tunnel 9 facility,MD,,30.0,layoff,layoff,,2024-07-26,2024-09-30,,2024-09-30,65.68,0
terre du soleil dba auberge du soleil,CA,72.0,217.0,layoff temporary,layoff,2024-11-04,2024-11-01,2025-01-03,,2025-01-03,66.39,1
signify north america corporation genlyte thomas,TX,33.0,109.0,layoff,layoff,,,2024-05-16,,2024-05-16,66.05,1
lucid usa,CA,33.0,133.0,layoff permanent,layoff,2023-04-07,2023-03-31,2023-05-31,,2023-05-31,66.13,1
battelle,CO,54.0,21.0,layoff,layoff,,2026-04-09,2026-06-08,2026-06-08,2026-06-08,65.62,0
audible,NJ,51.0,62.0,layoff,layoff,,2024-04-10,,,2024-04-10,65.7,0
cepheid,CA,32.0,3.0,layoff permanent,layoff,2025-03-13,2025-03-12,2025-05-12,,2025-05-12,65.63,0
graphic solutions inc spring valley,TX,32.0,64.0,layoff,layoff,,,2025-06-13,,2025-06-13,65.77,0
gates,IA,33.0,3.0,closing,closure,,2024-08-01,2024-11-15,,2024-11-15,65.7,0
united states cellular,IA,51.0,5.0,amendment - change in date,amendment,,2025-06-11,2025-07-01,,2025-07-01,65.7,0
telluride sports main street,CO,44.0,16.0,layoff,layoff,,2023-02-27,,,2023-02-27,65.62,0
american federation of government employees afge,DC,81.0,206.0,layoff,layoff,,2025-03-31,2025-05-30,,2025-05-30,66.3,1
carbon health medical group,CA,62.0,5.0,layoff permanent,layoff,2024-02-21,2024-01-12,2024-03-12,,2024-03-12,65.63,0
uptown collab,MN,,1.0,closure,closure,,,2023-07-01,,2023-07-01,65.65,0
ferring research institute,CA,54.0,89.0,closure permanent,closure,2023-03-20,2023-03-20,2023-05-26,,2023-05-26,65.93,1
tri state envelope,PA,33.0,122.0,closure,closure,,,2024-10-27,2024-11-10,2024-10-27,66.12,1
salesforce,CA,51.0,4.0,layoff permanent,layoff,2023-02-15,2023-02-02,2023-04-24,,2023-04-24,65.63,0
zeco systems,FL,33.0,1.0,layoff,layoff,,2025-08-18,2025-10-04,2025-12-31,2025-10-04,65.62,0
irish on grand,MN,72.0,1.0,closure,closure,,,2025-03-30,,2025-03-30,65.65,0
wells fargo and,OR,52.0,3.0,layoff,layoff,,2025-12-09,,,2025-12-09,65.69,0
contextlogic,CA,51.0,152.0,layoff permanent one sansome,layoff,2023-09-11,2023-08-01,2023-09-30,,2023-09-30,66.2,1
blue shield of california 3131,CA,52.0,4.0,layoff permanent,layoff,2025-10-13,2025-10-13,2025-12-02,,2025-12-02,65.63,0
atlantic dominion distributors 5400 virginia beach blvd virginia beach va 23462,VA,42.0,104.0,closure,closure,,2025-07-30,2025-09-26,,2025-09-26,65.94,1
modern hr inc dba the kooples bloom,CA,56.0,2.0,closure permanent,closure,2024-11-26,2024-11-21,2025-02-28,,2025-02-28,65.63,0
sunsetter products lp,MA,,54.0,layoff,layoff,2023-01-05,,2023-03-07,,2023-03-07,65.67,0
conagra brands,MI,31.0,75.0,closure,closure,,,2025-06-27,,2025-06-27,65.76,0
wellspace health,CA,62.0,7.0,layoff permanent,layoff,2024-05-15,2024-04-25,2024-06-30,,2024-06-30,65.63,0
wells fargo,IA,52.0,34.0,mass layoff,mass_layoff,,2023-10-03,2023-12-03,,2023-12-03,65.7,0
university of southern california hc2,CA,62.0,1.0,layoff permanent,layoff,2025-08-05,2025-08-04,2025-10-04,,2025-10-04,65.63,0
google,CA,51.0,17.0,layoff permanent,layoff,2023-01-23,2023-01-20,2023-03-31,,2023-03-31,65.63,0
dakkota integrated systems llc louisville westport 2,KY,72.0,1.0,layoff,layoff,2025-05-05,,2025-07-01,,2025-07-01,65.61,0
advanced auto parts 7912 plano,TX,44.0,10.0,layoff,layoff,,,2025-02-12,,2025-02-12,65.64,0
illumus,FL,33.0,84.0,layoff,layoff,,2026-02-13,2026-04-15,2026-09-30,2026-04-15,65.89,0
rivian automotive,CA,33.0,153.0,layoff permanent,layoff,2023-03-01,2023-02-01,2023-04-14,,2023-04-14,66.21,1
first financial credit union,CA,52.0,3.0,closure permanent,closure,2023-11-16,2023-10-24,2023-12-29,,2023-12-29,65.63,0
masimo,CA,33.0,2.0,layoff permanent,layoff,2024-11-14,2024-11-13,2025-01-13,,2025-01-13,65.63,0
immunitybio,CA,54.0,3.0,layoff permanent,layoff,2024-08-30,2024-08-30,2024-10-29,,2024-10-29,65.63,0
pact,DC,,72.0,layoff,layoff,,2025-05-13,,,2025-05-13,65.75,0
catalent maryland,MD,32.0,14.0,layoff,layoff,,2025-11-06,2026-01-05,,2026-01-05,65.68,0
sodexo st francis interquest,CO,72.0,7.0,closure,closure,,2024-07-08,2024-08-04,2024-08-04,2024-08-04,65.62,0
old custom house,CA,,108.0,closure temporary,closure,2024-11-19,2024-11-19,2025-01-08,,2025-01-08,66.03,1
anytime fitness in edina,MN,71.0,1.0,closure,closure,,,2023-07-01,,2023-07-01,65.65,0
david s bridal,IA,44.0,20.0,amendment,amendment,,2023-06-12,2023-08-20,,2023-08-20,65.7,0
99 cents only stores san antonio,TX,45.0,20.0,layoff,layoff,,,2024-06-03,,2024-06-03,65.64,0
american institutes of research air,MD,54.0,4.0,layoff,layoff,,2025-06-02,2025-07-07,,2025-07-07,65.68,0
rb lumber,GA,,68.0,closure,closure,,,2025-10-20,,2025-10-20,65.87,0
kern vineyards,CA,11.0,125.0,layoff permanent,layoff,2023-06-06,2023-04-27,2023-06-30,,2023-06-30,66.1,1
chevron 850,CA,21.0,13.0,layoff permanent,layoff,2025-05-08,2025-05-02,2025-07-01,,2025-07-01,65.63,0
planned parenthood orange and san bernardino inc 1873,CA,62.0,5.0,layoff permanent,layoff,2025-10-13,2025-10-13,2025-12-13,,2025-12-13,65.63,0
western digital,CA,33.0,60.0,layoff permanent,layoff,2023-12-27,2023-11-15,2024-01-19,,2024-01-19,65.72,0
jp morgan chase,NJ,52.0,56.0,layoff,layoff,,2024-12-22,,,2024-12-22,65.64,0
morrison healthcare,FL,62.0,25.0,layoff,layoff,,2024-12-27,2024-12-15,2024-12-31,2024-12-15,65.62,0
pure storage,CA,31.0,81.0,layoff permanent,layoff,2024-02-07,2024-02-07,2024-04-08,,2024-04-08,65.88,0
protagonist kitchen and bar,MN,72.0,2.0,closure,closure,,,2024-05-01,,2024-05-01,65.65,0
cruise,CA,33.0,121.0,layoff permanent,layoff,2024-01-19,2023-12-14,2023-12-14,,2023-12-14,66.09,1
amd direct,CA,33.0,7.0,closure permanent,closure,2025-07-18,2025-07-18,2025-09-15,,2025-09-15,65.63,0
united states cellular,IA,51.0,8.0,amendment - change in date,amendment,,2025-06-11,2025-07-01,,2025-07-01,65.7,0
liberty dental plan,NV,52.0,22.0,layoff,layoff,2026-03-05,2026-03-05,2026-05-04,,2026-05-04,65.68,0
renfro brands,AL,31.0,100.0,layoff,layoff,,2024-03-21,2024-04-12,,2024-04-12,65.95,1
anheuser busch,MN,31.0,42.0,closure,closure,,,2024-12-31,,2024-12-31,65.65,0
westrock,IA,32.0,29.0,closing,closure,,2023-07-13,2023-09-01,,2023-09-01,65.7,0
polaris specialty pharmacy,CA,44.0,98.0,closure permanent,closure,2024-11-05,2024-10-29,2024-12-31,,2024-12-31,65.98,1
manpower group us,IL,56.0,49.0,layoff,layoff,2025-01-28,2025-01-28,2025-03-28,,2025-03-28,65.66,0
klaussner furniture industries,NC,33.0,127.0,closure,closure,2023-08-07,2023-08-07,2023-08-21,,2023-08-21,66.1,1
ono pharma usa inc the company or opus,MA,54.0,83.0,layoff,layoff,2025-04-22,,2025-06-30,,2025-06-30,65.89,0
networx systems,GA,54.0,51.0,permanent layoff / reduction in force,layoff,,,2025-03-23,,2025-03-23,65.72,0
right at school,CA,61.0,1.0,closure permanent,closure,2025-04-10,2025-04-09,2025-06-18,,2025-06-18,65.63,0
rivian automotive,CA,33.0,26.0,layoff permanent,layoff,2024-05-07,2024-04-19,2024-06-18,,2024-06-18,65.63,0
newell brands industries,TN,33.0,81.0,unknown,other,2023-08-24,,2023-12-22,,2023-12-22,65.86,0
neotech,CA,33.0,76.0,closure permanent,closure,2024-01-26,2023-12-21,2024-02-19,,2024-02-19,65.84,0
western power sports,CA,42.0,28.0,layoff permanent,layoff,2024-06-03,2024-05-31,2024-07-31,,2024-07-31,65.63,0
crst expedited inc dba crst the transportation solution,CA,48.0,4.0,layoff permanent,layoff,2025-06-16,2025-06-16,2025-09-17,,2025-09-17,65.63,0
ryder integrated logistics,IL,48.0,29.0,layoff,layoff,2024-03-06,2024-03-06,2024-04-30,2024-04-30,2024-04-30,65.66,0
saia ltl freight,ID,,78.0,layoff,layoff,,2025-04-08,2025-06-16,,2025-06-16,65.89,0
nzxt,CA,33.0,55.0,closure permanent,closure,2024-01-25,2024-01-09,2024-03-31,,2024-03-31,65.67,0
sunpower,CA,,20.0,layoff permanent,layoff,2024-07-29,2024-07-26,2024-09-24,,2024-09-24,65.63,0
mcdonald s restaurant of california,CA,72.0,105.0,layoff temporary,layoff,2025-04-03,2025-04-03,2025-06-09,,2025-06-09,66.01,1
custom ink 1180 seminole trail suite 147 charlottesville va 22901,VA,45.0,175.0,closure,closure,,2023-01-03,2023-03-04,,2023-03-04,66.21,1
charles c parks,TN,42.0,81.0,unknown,other,2024-07-22,,2024-08-05,,2024-08-05,65.86,0
wescom financial,CA,52.0,1.0,layoff permanent,layoff,2026-02-19,2026-02-19,2026-04-21,,2026-04-21,65.63,0
wells fargo,IA,52.0,14.0,amendment - additional employees,amendment,,2025-11-25,2026-01-23,,2026-01-23,65.7,0
daifuku services america,IL,56.0,31.0,layoff,layoff,2024-02-22,2024-02-22,2024-04-22,,2024-04-22,65.66,0
di overnite llc di express llc dba deliver it,CA,48.0,22.0,closure permanent,closure,2024-01-30,2024-01-12,2024-03-15,,2024-03-15,65.63,0
cvs health,NJ,44.0,90.0,layoff,layoff,,2024-01-27,,,2024-01-27,65.89,0
merck,NJ,32.0,204.0,layoff,layoff,,2026-02-20,,,2026-02-20,66.32,1
story teller mpls,MN,72.0,1.0,closure,closure,,,2025-03-01,,2025-03-01,65.65,0
ig design group americas,GA,32.0,53.0,closure,closure,,,2025-08-26,,2025-08-26,65.74,0
petek trading co st paul,MN,42.0,1.0,closure,closure,,,2025-02-16,,2025-02-16,65.65,0
tri state profile,MS,33.0,37.0,layoff,layoff,,2023-01-09,2023-01-25,,2023-01-25,65.58,0
cityblock health inc and cityblock medical practice p a,DC,62.0,60.0,layoff,layoff,,2023-05-09,2023-07-10,,2023-07-10,65.65,0
kaiser foundation hospitals,CA,62.0,4.0,layoff permanent,layoff,2025-02-11,2025-02-10,2025-02-10,,2025-02-10,65.63,0
astra space operations,CO,33.0,61.0,rif,mass_layoff,,2023-08-07,2023-08-04,2023-08-04,2023-08-04,65.72,0
cvs health,FL,44.0,53.0,layoff,layoff,,2024-11-26,2025-01-25,2025-02-07,2025-01-25,65.65,0
fresno economic opportunities commission 1441 divisadero,CA,62.0,17.0,layoff temporary,layoff,2025-11-03,2025-10-31,2026-01-01,,2026-01-01,65.63,0
walters wolf precast,CA,32.0,86.0,closure permanent,closure,2024-03-04,2024-03-01,2024-04-30,,2024-04-30,65.91,1
alteryx,CA,51.0,65.0,layoff permanent,layoff,2023-05-10,2023-04-27,2023-06-30,,2023-06-30,65.76,0
aapc lounge services,CA,72.0,130.0,layoff permanent,layoff,2025-05-22,2025-05-22,2025-07-21,,2025-07-21,66.12,1
prevea clinic,WI,,5.0,closure,closure,,2024-01-22,2024-03-22,,2024-03-22,65.64,0
trilogy management services,MA,32.0,48.0,layoff,layoff,2024-11-04,,2024-12-31,,2024-12-31,66.83,1
kaiser foundation hospitals,CA,62.0,8.0,layoff permanent,layoff,2023-10-03,2023-09-12,2023-11-10,,2023-11-10,65.63,0
carbon health medical group,CA,62.0,2.0,layoff permanent,layoff,2024-02-21,2024-01-12,2024-03-12,,2024-03-12,65.63,0
adventist health glendale,CA,62.0,58.0,layoff permanent,layoff,2025-08-15,2025-08-15,2025-10-06,,2025-10-06,65.7,0
computershare,FL,54.0,9.0,layoff,layoff,,2023-07-10,2023-09-15,2023-09-15,2023-09-15,65.62,0
m argueso co inc dba paramelt,OH,32.0,25.0,layoff,layoff,2023-10-12,,2023-12-15,2024-04-01,2023-12-15,65.59,0
adt solar dallas,TX,23.0,53.0,layoff,layoff,,,2023-11-10,,2023-11-10,65.68,0
wellpath and cfmg placer jail auburn,CA,62.0,50.0,closure permanent,closure,2026-04-07,2026-04-07,2026-06-30,,2026-06-30,65.63,0
kaiser foundation hospitals,CA,62.0,2.0,layoff permanent,layoff,2024-09-23,2024-09-23,2024-11-22,,2024-11-22,65.63,0
railcrew xpress rcx,VA,,29.0,closure,closure,,2025-12-22,2026-02-27,,2026-02-27,65.56,0
golden services,DC,56.0,43.0,closure,closure,,2025-01-01,2025-01-31,,2025-01-31,65.56,0
firebird bulk carriers inc victoria,TX,48.0,3.0,layoff,layoff,,,2025-12-30,,2025-12-30,65.64,0
stem,CA,54.0,4.0,closure permanent,closure,2025-04-17,2025-04-07,2025-04-25,,2025-04-25,65.63,0
s b plant service ltd la porte,TX,23.0,3.0,layoff,layoff,,,2023-10-02,,2023-10-02,65.64,0
amtrak los angeles lmk,CA,48.0,86.0,layoff not known at this time,layoff,2025-06-06,2025-05-28,2025-06-27,,2025-06-27,65.91,1
jacobs technology,FL,54.0,173.0,layoff,layoff,,2023-11-01,2024-01-01,2024-01-01,2024-01-01,66.27,1
asmo d b a eulen aviation,FL,48.0,87.0,layoff,layoff,,2024-11-01,2024-11-30,2024-11-30,2024-11-30,65.91,1
vistar green rabbit 2237,CA,,92.0,closure permanent,closure,2025-08-27,2025-08-25,2025-10-31,,2025-10-31,65.94,1
azure acres treatment center 2641,CA,62.0,3.0,closure permanent,closure,2025-09-17,2025-09-16,2025-11-08,,2025-11-08,65.63,0
vitacare prescription services inc vitacare,FL,,9.0,layoff,layoff,,2023-08-09,2023-10-07,2023-10-07,2023-10-07,65.62,0
dlh solutions,TN,54.0,209.0,unknown,other,2026-01-30,,2026-03-31,,2026-03-31,66.35,1
syncreon america,OH,49.0,68.0,layoff,layoff,2023-12-14,,2024-02-05,,2024-02-05,65.75,0
matheson flight extenders,CA,48.0,72.0,closure permanent,closure,2023-11-15,2023-10-16,2023-12-15,,2023-12-15,65.82,0
id logistics,FL,49.0,55.0,layoff,layoff,,2025-10-02,2025-12-14,2025-12-28,2025-12-14,65.67,0
total storage solutions citrus plaza self storage,CA,,2.0,layoff permanent,layoff,2026-03-19,2026-03-12,2026-05-18,,2026-05-18,65.63,0
city of hope,CA,62.0,140.0,layoff permanent,layoff,2025-09-29,2025-09-25,2025-11-25,,2025-11-25,66.16,1
pinoli minneapolis,MN,72.0,3.0,closure,closure,,,2025-04-19,,2025-04-19,65.65,0
southwest key programs inc south texas hq,TX,,13.0,layoff,layoff,,,2025-10-05,,2025-10-05,65.64,0
dlh solutions,SC,54.0,194.0,layoff,layoff,,2026-01-15,2026-02-28,,2026-02-28,66.32,1
amentum,CO,56.0,72.0,closure,closure,,2024-07-29,2024-09-30,2024-09-30,2024-09-30,65.81,0
navitor,OH,32.0,83.0,closure,closure,2025-05-15,,2025-07-18,2025-12-31,2025-07-18,65.85,0
rainbow beach care center,IL,,99.0,closing,closure,2024-04-25,2024-04-25,2024-06-24,2024-07-01,2024-06-24,66.02,1
usf reddaway,CO,,48.0,layoff,layoff,,2023-07-30,2023-07-30,,2023-07-30,66.82,1
longwood elastomers,TX,32.0,52.0,layoff,layoff,,,2024-04-01,,2024-04-01,65.67,0
depuy spine limited partnership johnson johnson,CO,33.0,10.0,mass layoff,mass_layoff,,2023-08-07,2023-10-06,2023-10-19,2023-10-06,65.62,0
zurn water,IL,33.0,25.0,closing,closure,2024-10-04,2024-10-04,2024-12-06,,2024-12-06,65.66,0
invincible boat,FL,33.0,80.0,layoff,layoff,,2025-11-20,2026-01-20,2026-01-20,2026-01-20,65.87,0
cummins,SC,33.0,72.0,closure,closure,,2023-10-09,2023-12-15,2024-07-31,2023-12-15,65.8,0
autism home support services,IL,32.0,70.0,closing,closure,2023-06-20,2023-06-20,2023-08-21,2023-09-18,2023-08-21,65.84,0
10x genomics inc 6210,CA,33.0,2.0,layoff permanent,layoff,2025-05-08,2025-05-06,2025-07-07,,2025-07-07,65.63,0
wells fargo,FL,52.0,103.0,layoff,layoff,,2023-07-12,2023-07-11,2023-09-08,2023-07-11,66.0,1
boeing,FL,33.0,5.0,layoff,layoff,,2024-11-18,2025-01-17,2025-01-17,2025-01-17,65.62,0
flagstar bank n a,MI,52.0,12.0,layoff,layoff,,,2025-06-30,,2025-06-30,65.55,0
safeway inc store 2915,CO,,50.0,closure,closure,,2025-09-09,2025-11-07,2025-11-07,2025-11-07,65.62,0
nyx,IN,32.0,100.0,layoff,layoff,,2023-10-17,2023-10-16,,2023-10-16,65.96,1
texana center north street group home,TX,62.0,7.0,layoff,layoff,,,2025-05-21,,2025-05-21,65.64,0
bristol myers squibb,CA,32.0,57.0,layoff permanent,layoff,2025-02-27,2025-02-26,2025-04-22,,2025-04-22,65.69,0
uma enterprises,CA,42.0,62.0,layoff permanent,layoff,2024-12-13,2024-12-13,2025-01-31,,2025-01-31,65.74,0
peraton,CA,54.0,52.0,layoff permanent,layoff,2024-10-09,2024-10-09,2024-11-14,,2024-11-14,65.65,0
kaleo,CO,,1.0,medical sales specialist,other,,2024-09-30,2024-11-30,2024-11-30,2024-11-30,65.62,0
friday health plans,CO,52.0,98.0,reduction in business,layoff,,2023-03-01,2023-04-30,2023-04-30,2023-04-30,65.97,1
freudenberg residential filtration technologies,IN,33.0,173.0,closure,closure,,2025-10-06,2025-12-05,,2025-12-05,66.24,1
google us mtv stln2061,CA,51.0,28.0,layoff permanent,layoff,2024-01-25,2024-01-10,2024-03-10,,2024-03-10,65.63,0
corteva agriscience,CA,11.0,10.0,layoff permanent,layoff,2025-08-19,2025-08-19,2025-10-24,,2025-10-24,65.63,0
replimune,MA,54.0,80.0,layoff,layoff,2026-04-17,,2026-04-17,2026-04-24,2026-04-17,65.87,0
federal express,IL,49.0,32.0,closing,closure,2023-08-04,2023-08-04,2023-11-03,2023-11-03,2023-11-03,65.66,0
u s magnesium,UT,33.0,186.0,layoff,layoff,,2024-11-25,,,2024-11-25,66.34,1
tenneco automotive operating,TN,33.0,25.0,unknown,other,2025-05-21,,2025-06-27,2025-09-30,2025-06-27,65.61,0
sm cargo,TX,48.0,194.0,layoff,layoff,,,2025-09-21,,2025-09-21,66.35,1
nbcuniversal media bldgs 1280 1320 1360 and 4250,CA,51.0,41.0,layoff permanent,layoff,2025-05-22,2025-05-21,2025-06-27,,2025-06-27,65.63,0
emd serono,MA,,48.0,layoff,layoff,2024-06-27,,2024-09-03,,2024-09-03,66.83,1
wedriveu dba kiessling transit,MA,48.0,7.0,layoff,layoff,2025-04-21,,2025-06-30,,2025-06-30,65.63,0
at t,NJ,51.0,20.0,layoff,layoff,,2023-11-23,,,2023-11-23,65.58,0
virgin galactic,CA,48.0,1.0,layoff permanent,layoff,2023-12-18,2023-11-08,2024-01-08,,2024-01-08,65.63,0
taskus,AZ,54.0,91.0,layoff,layoff,,2023-03-01,,,2023-03-01,65.96,1
centerra group,CA,62.0,1.0,layoff permanent,layoff,2023-11-08,2023-08-10,2023-09-30,,2023-09-30,65.63,0
thermo fisher scientific,CA,33.0,66.0,layoff permanent,layoff,2023-08-02,2023-06-29,2023-08-27,,2023-08-27,65.77,0
sunpower corporation waterford,TX,,6.0,layoff,layoff,,,2024-09-24,,2024-09-24,65.64,0
scoreboard pizza brooklyn center,MN,72.0,1.0,closure,closure,,,2024-11-06,,2024-11-06,65.65,0
centerra,CT,56.0,63.0,closure,closure,2023-08-10,2023-08-10,2023-09-30,,2023-09-30,65.75,0
transit management of canyon county,ID,,28.0,layoff,layoff,,2025-07-31,2025-09-30,,2025-09-30,65.66,0
summit interconnect,CA,,74.0,closure permanent,closure,2025-01-09,2025-01-08,2025-03-31,,2025-03-31,65.83,0
nep group,NY,51.0,26.0,contract expiration,other,,2025-03-01,2025-06-02,2025-06-16,2025-06-02,65.76,0
movate,TX,54.0,51.0,layoff,layoff,,,2025-05-31,,2025-05-31,65.66,0
equiniti trust,WI,52.0,8.0,layoff,layoff,,2025-10-24,2026-01-16,,2026-01-16,65.64,0
wells fargo,IA,52.0,24.0,amendment - additional employees,amendment,,2024-07-09,2024-09-11,,2024-09-11,65.7,0
east lake golf club,GA,71.0,48.0,permanent layoff / reduction in force,layoff,,,2023-09-05,,2023-09-05,65.71,0
134 san diego lgbt community center,CA,81.0,1.0,layoff permanent,layoff,2025-07-10,2025-07-03,2025-09-06,,2025-09-06,65.63,0
voyant beauty,VA,,95.0,closure,closure,,2026-04-10,2026-06-30,,2026-06-30,65.89,0
primo brands,CA,,4.0,layoff permanent,layoff,2025-07-18,2025-07-18,2025-09-16,,2025-09-16,65.63,0
amazon,NJ,45.0,72.0,layoff,layoff,,2026-01-26,,,2026-01-26,65.77,0
draftkings,NJ,71.0,101.0,layoff,layoff,,2025-01-31,,,2025-01-31,65.95,1
guidehouse digital,MD,54.0,38.0,layoff,layoff,,2024-04-11,2024-06-11,,2024-06-11,65.68,0
geodis logistics,PA,49.0,71.0,layoff,layoff,,,2024-09-30,,2024-09-30,65.83,0
amazon fresh,IL,44.0,155.0,closing,closure,2026-01-28,2026-01-28,2026-04-28,,2026-04-28,66.25,1
99 cents only store llc humble,TX,45.0,20.0,layoff,layoff,,,2024-06-03,,2024-06-03,65.64,0
google,CA,51.0,73.0,closure permanent,closure,2024-01-17,2023-12-08,2024-08-09,,2024-08-09,65.82,0
jacmar foodservice distribution,CA,42.0,92.0,layoff permanent,layoff,2024-02-22,2024-02-21,2024-05-20,,2024-05-20,65.94,1
the pictsweet,TX,,77.0,layoff,layoff,,,2023-03-17,,2023-03-17,65.87,0
brookfield properties usa ii,CA,53.0,29.0,layoff permanent,layoff,2024-02-08,2024-01-25,2024-04-01,,2024-04-01,65.63,0
general shale,NC,32.0,65.0,closure,closure,2025-01-31,2025-01-31,2025-04-01,,2025-04-01,65.75,0
ebay,NV,45.0,28.0,layoff,layoff,2024-01-23,2024-01-23,2024-01-24,,2024-01-24,65.68,0
depuy synthes products,CA,33.0,25.0,layoff permanent,layoff,2024-01-18,2023-11-29,2024-02-02,,2024-02-02,65.63,0
certified freight logistics,CA,48.0,150.0,closure permanent,closure,2023-09-21,2023-08-22,2023-10-21,,2023-10-21,66.2,1
dakkota integrated systems llc louisville westport,KY,33.0,75.0,layoff,layoff,2025-05-05,,2025-07-01,,2025-07-01,65.82,0
hdt global,KY,33.0,94.0,closure,closure,2024-05-30,,2024-12-31,,2024-12-31,65.94,1
primo brands,CA,,1.0,layoff permanent,layoff,2025-03-26,2025-03-26,2025-07-01,,2025-07-01,65.63,0
brown toland physician services organization,CA,62.0,1.0,layoff permanent,layoff,2023-01-27,2022-12-22,2023-01-01,,2023-01-01,65.63,0
emd serono research development institute,MA,54.0,133.0,layoff,layoff,2023-01-19,,2023-03-21,,2023-03-21,66.14,1
clarion management,CA,56.0,3.0,closure permanent,closure,2025-02-19,2025-02-18,2025-04-20,,2025-04-20,65.63,0
sakata seed america,CA,11.0,36.0,closure permanent,closure,2024-04-03,2024-03-29,2024-05-31,,2024-05-31,65.63,0
centerra group,CA,62.0,3.0,layoff permanent,layoff,2023-11-13,2023-08-10,2023-09-30,,2023-09-30,65.63,0
cepheid b7,CA,32.0,1.0,layoff permanent,layoff,2025-10-30,2025-10-29,2025-12-31,,2025-12-31,65.63,0
kaiser foundation hospitals 9521,CA,62.0,1.0,layoff permanent,layoff,2025-10-07,2025-10-06,2025-09-17,,2025-09-17,65.63,0
the beverage works,NJ,42.0,122.0,layoff,layoff,,2024-06-03,,,2024-06-03,66.05,1
cruise llc 1201 bryant,CA,33.0,85.0,layoff permanent,layoff,2025-07-03,2025-07-03,2025-07-03,,2025-07-03,65.9,1
greif packaging,CA,32.0,43.0,closure permanent,closure,2025-07-31,2025-07-31,2025-09-29,,2025-09-29,65.63,0
commute is great logistics,CA,48.0,96.0,closure permanent,closure,2024-05-28,2024-05-27,2024-07-27,,2024-07-27,65.96,1
comprehensive logistics,GA,49.0,13.0,closure,closure,,,2026-03-07,,2026-03-07,65.71,0
carbon health,CA,62.0,5.0,layoff permanent,layoff,2023-10-18,2023-08-10,2023-10-09,,2023-10-09,65.63,0
the dock stillwater,MN,72.0,1.0,closure,closure,,,2025-02-23,,2025-02-23,65.65,0
xifin,TN,,58.0,unknown,other,2024-04-26,,2024-06-24,,2024-06-24,65.69,0
collins aerospace,NC,33.0,13.0,layoff,layoff,2023-03-17,2023-03-17,2023-08-30,,2023-08-30,65.61,0
nordson medical,MN,33.0,36.0,closure,closure,2024-05-29,2024-05-29,2024-10-01,,2024-10-01,65.65,0
ocular therapeutix,MA,,37.0,layoff,layoff,2024-06-03,,2024-08-02,,2024-08-02,65.63,0
takeda shire human genetic therapies inc shgt,MA,32.0,1.0,layoff,layoff,2023-05-01,,,,2023-05-01,65.63,0
buca restaurants 2 inc dba buca di beppo,CA,72.0,46.0,layoff permanent,layoff,2024-07-31,2024-07-26,2024-07-29,,2024-07-29,65.63,0
amazon warehouse workers,NJ,45.0,55.0,layoff,layoff,,2023-07-25,,,2023-07-25,65.63,0
transaxle,NC,,9.0,layoff,layoff,2025-05-16,2025-05-16,2025-07-29,,2025-07-29,65.61,0
simos insourcing solutions,GA,56.0,90.0,permanent layoff / reduction in force,layoff,,,2024-07-01,,2024-07-01,66.01,1
dairyland produce,CA,72.0,21.0,closure permanent,closure,2025-11-05,2025-10-23,2025-12-24,,2025-12-24,65.63,0
yellow,CA,52.0,15.0,closure permanent,closure,2023-08-15,2023-08-01,2023-07-30,,2023-07-30,69.0,1
laclede chain manufacturing,MS,33.0,50.0,closure,closure,,2024-09-19,2024-09-26,,2024-09-26,65.58,0
superior die set,WI,,133.0,closure,closure,,2023-09-22,2023-11-20,,2023-11-20,66.15,1
thermo fisher scientific,CA,33.0,1.0,layoff permanent,layoff,2023-06-13,2023-05-25,2023-06-27,,2023-06-27,65.63,0
downtown college preparatory alum rock middle school,CA,61.0,20.0,closure permanent,closure,2025-05-08,2025-04-30,2025-06-30,,2025-06-30,65.63,0
ornua ingredients,PA,31.0,66.0,closure,closure,,,2024-02-24,2024-04-23,2024-02-24,65.8,0
tesla,CA,33.0,164.0,layoff permanent,layoff,2024-05-13,2024-05-13,2024-06-20,,2024-06-20,66.24,1
applied materials inc 3320 scott blvd,CA,33.0,36.0,layoff permanent,layoff,2025-10-24,2025-10-23,2025-12-23,,2025-12-23,65.63,0
united states cellular,CA,51.0,8.0,layoff permanent,layoff,2025-04-09,2025-03-26,2025-06-02,,2025-06-02,65.63,0
gmri inc d b a eddie v s,CA,72.0,61.0,closure permanent,closure,2025-04-16,2025-04-16,2025-06-16,,2025-06-16,65.73,0
right at school,CA,61.0,12.0,layoff permanent,layoff,2025-04-10,2025-04-09,2025-06-10,,2025-06-10,65.63,0
commerce distribution,CA,42.0,89.0,layoff permanent,layoff,2024-06-06,2024-06-06,2024-08-07,,2024-08-07,65.93,1
amazon,CA,45.0,76.0,closure permanent,closure,2025-03-14,2025-03-12,2025-05-13,,2025-05-13,65.84,0
waterbury gardens nursing and rehab,CT,,48.0,closure,closure,,2023-11-15,2023-12-03,,2023-12-03,66.83,1
ubs,NJ,52.0,50.0,layoff,layoff,,2025-03-25,,,2025-03-25,65.58,0
nd paper,WV,32.0,90.0,layoff,layoff,,2023-03-28,2023-05-01,,2023-05-01,65.79,0
trigo tesla,TX,54.0,50.0,layoff,layoff,,,2025-04-28,,2025-04-28,65.64,0
prevea clinic,WI,,16.0,closure,closure,,2024-01-22,2024-03-22,,2024-03-22,65.64,0
amentum at nas lemoore,CA,56.0,32.0,layoff permanent,layoff,2023-07-25,2023-05-19,2023-07-30,,2023-07-30,65.63,0
bristol myers squibb,NJ,32.0,75.0,layoff,layoff,,2024-04-22,,,2024-04-22,65.79,0
fujifilm irvine scientific,CA,32.0,1.0,layoff permanent,layoff,2023-10-02,2023-08-02,2023-10-06,,2023-10-06,65.63,0
trilink biotechnologies llc 10240,CA,54.0,5.0,layoff permanent,layoff,2025-08-08,2025-08-08,2025-10-06,,2025-10-06,65.63,0
ipic theaters,MD,71.0,116.0,closure,closure,,2026-03-02,2026-04-28,,2026-04-28,66.12,1
amazon,CA,45.0,173.0,closure permanent,closure,2025-10-03,2025-10-02,2026-01-06,,2026-01-06,66.27,1
pride industries,CA,,54.0,layoff permanent,layoff,2024-12-31,2024-12-30,2025-02-28,,2025-02-28,65.67,0
cygnus home service llc schwans home service yelloh winchester,KY,45.0,8.0,closure,closure,2024-05-29,,2024-07-27,,2024-07-27,65.61,0
abm general services inc at sna 4 amazon,CA,56.0,25.0,layoff permanent,layoff,2024-01-31,2024-01-17,2024-03-19,,2024-03-19,65.63,0
cnh industrial america,IA,33.0,27.0,amendement - change in number,other,,2026-02-27,2026-05-01,,2026-05-01,65.7,0
restoration hardware,CA,44.0,58.0,layoff permanent,layoff,2023-03-29,2023-03-24,2023-05-24,,2023-05-24,65.7,0
americold logistics,GA,49.0,58.0,closure,closure,,,2024-12-31,,2024-12-31,65.78,0
google,CA,51.0,10.0,layoff permanent,layoff,2025-02-27,2025-02-26,2025-04-27,,2025-04-27,65.63,0
pomona hospital medical center 1601,CA,62.0,1.0,layoff permanent,layoff,2026-01-13,2026-01-07,2026-03-08,,2026-03-08,65.63,0
blue shield of california,CA,52.0,3.0,layoff permanent,layoff,2026-03-16,2026-03-13,2026-04-08,,2026-04-08,65.63,0
blount memorial hospital,TN,62.0,85.0,unknown,other,2026-03-24,,2026-05-01,,2026-05-01,65.89,0
giliberto s mexican taco shop,MN,11.0,1.0,layoff,layoff,,,2026-01-15,,2026-01-15,65.65,0
walgreens,CA,,8.0,closure permanent,closure,2025-01-31,2025-01-31,2025-03-24,,2025-03-24,65.63,0
fedex supply chain,OH,49.0,56.0,closure,closure,2025-08-28,,2025-10-31,,2025-10-31,65.65,0
qualcomm incorporated,CA,33.0,2.0,layoff permanent,layoff,2026-04-09,2026-04-08,2026-06-08,,2026-06-08,65.63,0
eq,MN,52.0,55.0,layoff,layoff,2024-07-12,2024-07-12,2024-09-30,,2024-09-30,65.7,0
wells fargo,IA,52.0,11.0,amendment - additional employees,amendment,,2025-07-08,2025-09-08,,2025-09-08,65.7,0
dropbox,CA,51.0,182.0,layoff permanent,layoff,2023-05-10,2023-04-27,2023-04-28,,2023-04-28,66.3,1
enzo clinical labs,NJ,62.0,43.0,layoff,layoff,,2023-07-17,,,2023-07-17,65.58,0
a i solutions,AL,54.0,86.0,layoff,layoff,,2025-10-17,2025-12-03,,2025-12-03,65.87,0
kohler,TX,33.0,93.0,layoff,layoff,,,2024-06-14,,2024-06-14,65.97,1
boeing,FL,33.0,4.0,layoff,layoff,,2024-11-18,2025-01-17,2025-01-17,2025-01-17,65.62,0
fish market restaurants,CA,72.0,85.0,closure permanent,closure,2023-08-23,2023-07-14,2023-09-14,,2023-09-14,65.9,1
nordstrom,AZ,45.0,10.0,layoff,layoff,,2025-08-21,,,2025-08-21,65.65,0
winnebago industries,IA,33.0,3.0,amendment - additional employees,amendment,,2025-09-09,2025-10-10,,2025-10-10,65.7,0
dowco,WI,33.0,53.0,layoff,layoff,,2023-10-16,2023-12-11,,2023-12-11,65.67,0
pentair water pool and spa,CA,33.0,11.0,closure permanent,closure,2023-02-07,2023-02-02,2023-05-01,,2023-05-01,65.63,0
ymca arellanes junior high,CA,71.0,4.0,layoff permanent,layoff,2026-04-20,2026-04-17,2026-06-09,,2026-06-09,65.63,0
dynaflex prodcuts,CA,32.0,14.0,closure permanent,closure,2024-01-16,2023-11-13,2024-03-29,,2024-03-29,65.63,0
wit services,OK,56.0,48.0,layoff,layoff,,2024-10-22,,,2024-10-22,66.78,1
t mobile usa,IL,51.0,25.0,layoff,layoff,2023-09-20,2023-09-25,2023-11-02,2024-03-31,2023-11-02,65.66,0
block,CA,51.0,51.0,layoff permanent,layoff,2024-01-10,2023-11-27,2024-01-29,,2024-01-29,65.64,0
gxo logistics supply chain,CA,49.0,41.0,layoff permanent,layoff,2025-04-30,2025-04-29,2025-04-30,,2025-04-30,65.63,0
itc federal,CA,54.0,125.0,layoff permanent,layoff,2024-02-02,2024-01-29,2024-03-29,,2024-03-29,66.1,1
carbon health,CA,62.0,5.0,layoff permanent,layoff,2023-10-16,2023-08-10,2023-10-09,,2023-10-09,65.63,0
barnes group,CT,33.0,28.0,closure,closure,2025-03-07,2025-03-07,,,2025-03-07,65.63,0
enervenue,CA,33.0,65.0,layoff permanent,layoff,2024-09-04,2024-09-04,2024-11-08,,2024-11-08,65.76,0
imperial bag paper co llc dba imperial dade,CA,42.0,20.0,closure permanent,closure,2024-01-29,2024-01-15,2024-04-05,,2024-04-05,65.63,0
congo llc updated march 2026,TX,,31.0,layoff,layoff,,,2026-03-13,,2026-03-13,65.64,0
richelieu foods,IA,31.0,81.0,closing,closure,,2023-02-28,2023-04-28,,2023-04-28,65.95,1
cardinal health,MO,42.0,131.0,closure,closure,,2023-03-31,2023-05-31,,2023-05-31,66.09,1
main street sports group cincinnati,OH,71.0,8.0,closure,closure,2026-02-23,,2026-04-14,,2026-04-14,65.59,0
federal express,TN,49.0,88.0,unknown,other,2025-02-05,,2025-03-31,,2025-03-31,65.9,1
maxar space llc fabian,CA,33.0,48.0,layoff permanent,layoff,2024-02-02,2024-02-01,2024-02-02,,2024-02-02,65.63,0
ups,WI,,42.0,closure,closure,,2025-04-04,2025-06-10,,2025-06-10,65.64,0
masimo,CA,33.0,1.0,layoff permanent,layoff,2024-11-14,2024-11-13,2025-01-13,,2025-01-13,65.63,0
herbalife international of america,CA,31.0,41.0,layoff permanent,layoff,2023-04-26,2023-04-10,2023-04-28,,2023-04-28,65.63,0
campiello eden prairie,MN,72.0,40.0,closure,closure,,,2023-10-23,,2023-10-23,65.65,0
alderson broaddus university,WV,61.0,145.0,closure,closure,,2023-08-04,2023-08-04,,2023-08-04,66.04,1
promedica employment services ii,OH,62.0,122.0,layoff,layoff,2023-10-17,,2023-12-16,2023-12-30,2023-12-16,66.05,1
amazon lax16,CA,45.0,46.0,layoff permanent,layoff,2026-01-30,2026-01-29,2026-04-28,,2026-04-28,65.63,0
crossville hardwoods,TN,42.0,67.0,unknown,other,2024-01-24,,2024-03-23,,2024-03-23,65.76,0
rheem manufacturing,CT,33.0,76.0,layoff,layoff,2025-02-24,2025-02-24,,,2025-02-24,65.84,0
alstom mass transit,CA,33.0,50.0,layoff permanent,layoff,2023-05-12,2023-04-25,2023-06-25,,2023-06-25,65.63,0
nitto inc 809 principal ct chesapeake va 23320,VA,32.0,86.0,closure,closure,,2025-01-08,2025-03-07,,2025-03-07,65.84,0
refresco,IN,31.0,45.0,closure,closure,,2024-02-13,2024-03-28,,2024-03-28,65.59,0
magnesium alloy products,CA,33.0,61.0,closure permanent,closure,2025-10-20,2025-10-10,2025-11-26,,2025-11-26,65.73,0
city national bank 350 s grand ave,CA,52.0,3.0,layoff not known at this time,layoff,2026-03-23,2026-03-20,2026-05-29,,2026-05-29,65.63,0
blue shield of california 3300,CA,52.0,13.0,layoff permanent,layoff,2025-10-13,2025-10-13,2025-12-02,,2025-12-02,65.63,0
kaiser foundation hospitals,CA,62.0,1.0,layoff permanent,layoff,2024-09-23,2024-09-23,2024-11-22,,2024-11-22,65.63,0
wells fargo,IA,52.0,12.0,amendment - additional employees,amendment,,2025-09-16,2025-11-14,,2025-11-14,65.7,0
cvs health,CT,44.0,164.0,closure,closure,,2024-12-20,,,2024-12-20,66.25,1
pixar,CA,51.0,4.0,layoff permanent,layoff,2024-07-18,2024-07-17,2024-09-20,,2024-09-20,65.63,0
kaiser foundation hospitals,CA,62.0,7.0,layoff permanent,layoff,2024-09-23,2024-09-23,2024-11-22,,2024-11-22,65.63,0
advance stores company incorporated and its subsidiary golden state supply,CA,44.0,13.0,closure permanent,closure,2024-11-15,2024-11-14,2025-03-05,,2025-03-05,65.63,0
amentum,KY,56.0,20.0,closure,closure,2024-11-11,,2025-01-15,,2025-01-15,65.61,0
kaiser foundation hospitals,CA,62.0,2.0,layoff permanent,layoff,2025-02-25,2025-02-24,2025-04-25,,2025-04-25,65.63,0
bcs automotive interface solutions u s,WI,33.0,10.0,closure,closure,,2023-04-20,2023-05-26,,2023-05-26,65.64,0
herbalife international of america,CA,31.0,59.0,layoff permanent,layoff,2024-04-23,2024-04-22,2024-05-31,,2024-05-31,65.71,0
sunrun,CA,,31.0,layoff permanent,layoff,2023-10-17,2023-08-02,2023-10-02,,2023-10-02,65.63,0
spartech,IN,,125.0,closure,closure,,2025-12-12,2025-12-23,,2025-12-23,66.07,1
conn appliances,NC,44.0,46.0,closure,closure,2024-09-17,2024-08-30,2024-10-31,,2024-10-31,65.61,0
calpac pizza dba pizza hut 027383,CA,72.0,4.0,layoff permanent,layoff,2024-01-24,2023-12-14,2024-02-16,,2024-02-16,65.63,0
blue shield of california rancho cordova,CA,52.0,5.0,layoff permanent,layoff,2025-11-19,2025-11-18,2026-01-27,,2026-01-27,65.63,0
trilogy management services,MA,32.0,48.0,layoff,layoff,2024-11-04,,2024-12-31,,2024-12-31,66.83,1
jefferson health,NJ,62.0,108.0,layoff,layoff,,2026-01-13,,,2026-01-13,65.99,1
paramount global 1575 gower,CA,,41.0,layoff permanent,layoff,2025-06-18,2025-06-17,2025-08-09,,2025-08-09,65.63,0
amazon sjc38,CA,45.0,50.0,layoff permanent,layoff,2025-10-29,2025-10-28,2026-01-26,,2026-01-26,65.63,0
intel corporation sc 9,CA,33.0,16.0,layoff permanent,layoff,2025-07-14,2025-07-10,2025-07-15,,2025-07-15,65.63,0
minnesota makers robbinsdale,MN,45.0,1.0,closure,closure,,,2024-08-24,,2024-08-24,65.65,0
quad county corn processors cooperative,IA,32.0,41.0,closing,closure,,2025-01-24,2025-02-25,,2025-02-25,65.7,0
nordson,CA,33.0,69.0,layoff permanent,layoff,2024-02-14,2024-02-13,2024-04-26,,2024-04-26,65.79,0
8x8,CA,51.0,61.0,layoff permanent,layoff,2023-01-20,2023-01-18,2023-03-20,,2023-03-20,65.73,0
all for kids,CA,62.0,66.0,layoff permanent,layoff,2025-04-01,2025-03-17,2025-05-17,,2025-05-17,65.77,0
pacific biosciences of california,CA,54.0,108.0,closure permanent,closure,2024-05-08,2024-04-29,2024-06-28,,2024-06-28,66.03,1
smithfield packaged meats,MA,31.0,190.0,layoff,layoff,2026-02-06,,2026-04-10,2026-09-11,2026-04-10,66.32,1
accelore group amazon logistics ddf2 balch springs,TX,48.0,107.0,layoff,layoff,,,2025-11-01,,2025-11-01,66.04,1
palo verde hospital,CA,,99.0,layoff permanent,layoff,2025-12-03,2025-11-25,2026-01-24,,2026-01-24,65.98,1
haemonetics,CA,33.0,75.0,closure permanent,closure,2024-11-06,2024-10-22,2024-12-31,,2024-12-31,65.84,0
railcrew xpress rcx,NC,,25.0,closure,closure,2025-12-22,2025-12-22,2026-02-27,,2026-02-27,65.61,0
immunitybio,AZ,54.0,1.0,layoff,layoff,,2023-08-21,,,2023-08-21,65.65,0
netapp,CA,33.0,56.0,layoff permanent,layoff,2025-04-29,2025-04-28,2025-06-28,,2025-06-28,65.68,0
tyson foods,PA,31.0,110.0,closure,closure,,,2025-01-31,,2025-01-31,66.06,1
southwest key programs national headquarters austin,TX,,3.0,layoff,layoff,,,2025-11-05,,2025-11-05,65.64,0
kaiser foundation hospitals 90706,CA,62.0,1.0,layoff permanent,layoff,2025-04-23,2025-04-21,2025-04-21,,2025-04-21,65.63,0
nfi national distribution centers,CA,49.0,40.0,closure permanent,closure,2024-08-15,2024-08-08,2024-09-30,,2024-09-30,65.63,0
delta apparel,AZ,31.0,38.0,layoff,layoff,,2024-07-01,,,2024-07-01,65.65,0
verizon,CA,51.0,139.0,layoff permanent,layoff,2025-11-21,2025-11-20,2026-01-23,,2026-01-23,66.16,1
masonite,IA,32.0,43.0,mass layoff,mass_layoff,,2023-10-02,2023-09-22,,2023-09-22,65.7,0
heritage on the marina,CA,62.0,26.0,layoff permanent,layoff,2023-01-31,2023-01-25,2023-04-01,,2023-04-01,65.63,0
bridge staffing,CA,56.0,115.0,closure permanent,closure,2024-01-29,2024-01-05,2024-03-05,,2024-03-05,66.06,1
ari ben aviator,FL,48.0,50.0,layoff,layoff,,2026-04-13,2026-04-15,2026-04-15,2026-04-15,65.62,0
qualcomm incorporated,CA,33.0,11.0,layoff permanent,layoff,2026-04-09,2026-04-08,2026-06-08,,2026-06-08,65.63,0
intel corporation robert noyce,CA,33.0,46.0,layoff permanent,layoff,2025-08-26,2025-08-25,2025-07-15,,2025-07-15,65.63,0
fedex floa facility,SC,49.0,50.0,closure,closure,,2024-06-06,2024-09-03,,2024-09-03,65.61,0
innodata services,FL,51.0,1.0,layoff,layoff,,2026-02-03,2026-02-06,2026-03-13,2026-02-06,65.62,0
railcrew xpress,FL,,34.0,layoff,layoff,,2025-12-22,2026-02-27,2026-02-27,2026-02-27,65.62,0
alameda health system park bridge,CA,62.0,3.0,layoff permanent,layoff,2026-01-08,2026-01-06,2026-03-09,,2026-03-09,65.63,0
aspen sports snowmass retail store,CO,45.0,3.0,layoff,layoff,,2023-02-27,,,2023-02-27,65.62,0
ipro tech,AZ,51.0,79.0,layoff,layoff,,2023-08-29,,,2023-08-29,65.88,0
kennametal,MA,33.0,54.0,layoff,layoff,2025-02-12,,2025-04-15,,2025-04-15,65.67,0
east coast migrant head start project ecmhsp,NC,61.0,47.0,closure,closure,2025-10-22,2025-10-17,2025-11-01,,2025-11-01,65.61,0
wescom financial,CA,52.0,1.0,layoff permanent,layoff,2026-02-19,2026-02-19,2026-04-21,,2026-04-21,65.63,0
ymca robert bruce elementary school,CA,71.0,8.0,layoff permanent,layoff,2026-04-20,2026-04-17,2026-06-09,,2026-06-09,65.63,0
lcp lake tahoe emp,CA,,110.0,closure permanent,closure,2025-08-19,2025-08-19,2025-10-30,,2025-10-30,66.04,1
surveillance security inc of unarmed security guards,CA,56.0,1.0,layoff permanent,layoff,2025-01-31,2025-01-31,2025-03-31,,2025-03-31,65.63,0
dura line,NV,32.0,79.0,closure,closure,2024-01-16,2024-01-16,2024-03-18,,2024-03-18,65.92,1
thermo fisher scientific,CA,33.0,52.0,layoff permanent,layoff,2023-04-26,2023-04-11,2023-06-10,,2023-06-10,65.65,0
hcl america inc hcl tech,TX,54.0,43.0,layoff,layoff,,,2024-11-01,,2024-11-01,65.64,0
cepheid,CA,32.0,6.0,layoff permanent,layoff,2025-03-13,2025-03-12,2025-05-12,,2025-05-12,65.63,0
mothership pizza paradise,MN,72.0,1.0,layoff,layoff,,,2026-01-12,,2026-01-12,65.65,0
kaiser foundation hospitals 99,CA,62.0,3.0,layoff permanent,layoff,2025-07-29,2025-07-28,2025-07-28,,2025-07-28,65.63,0
aruze gaming america,NV,71.0,100.0,closure,closure,2023-06-16,2023-06-16,2023-08-18,,2023-08-18,66.04,1
yellow corporation green,OH,48.0,107.0,layoff,layoff,2023-03-16,,2023-05-28,2023-06-10,2023-05-28,65.98,1
block,AZ,51.0,83.0,layoff,layoff,,2026-02-26,,,2026-02-26,65.91,1
cue health moda north,CA,33.0,9.0,layoff permanent,layoff,2024-02-02,2024-01-25,2024-03-26,,2024-03-26,65.63,0
autism home support services,IL,32.0,40.0,closing,closure,2023-06-20,2023-06-20,2023-08-21,2023-09-18,2023-08-21,65.66,0
carbon health,CA,62.0,2.0,layoff permanent,layoff,2023-10-18,2023-08-10,2023-10-09,,2023-10-09,65.63,0
organic milling acacia facility,CA,31.0,1.0,layoff permanent,layoff,2023-12-07,2023-11-01,2023-11-01,,2023-11-01,65.63,0
optum select management,NJ,62.0,11.0,layoff,layoff,,2026-02-02,,,2026-02-02,65.58,0
vectrus systems corporation v2x sheppard air force base,TX,56.0,123.0,layoff,layoff,,,2024-09-30,,2024-09-30,66.11,1
ebay,CA,45.0,198.0,closure permanent,closure,2026-04-10,2026-04-10,2026-09-30,,2026-09-30,66.34,1
scripps health,CA,62.0,13.0,layoff permanent,layoff,2024-03-15,2024-03-14,2024-05-13,,2024-05-13,65.63,0
bimbo bakeries,NM,31.0,123.0,layoff,layoff,2024-01-17,2024-01-16,2024-04-16,,2024-04-16,66.24,1
trade winds boutique,MN,,5.0,closure,closure,,,2024-06-01,,2024-06-01,65.65,0
systems integration,NM,54.0,80.0,layoff,layoff,2023-10-02,2023-10-02,2023-11-30,,2023-11-30,66.02,1
fm restaurant hq llc rescinded by employer 5 28 2024,NV,72.0,75.0,closure,closure,2024-03-26,2024-03-26,2024-05-26,,2024-05-26,65.89,0
the roomplace and harlem furniture,IL,44.0,35.0,closing,closure,2025-09-08,2025-09-08,2025-11-02,,2025-11-02,65.66,0
carbon health,CA,62.0,4.0,layoff permanent,layoff,2023-10-16,2023-08-10,2023-10-09,,2023-10-09,65.63,0
the bungalow kitchen,CA,72.0,86.0,closure permanent,closure,2023-01-13,2023-01-13,2023-03-14,,2023-03-14,65.91,1
pop culture frozen yogurt,MN,72.0,1.0,closure,closure,,,2024-09-22,,2024-09-22,65.65,0
sunrun,CA,,37.0,layoff permanent,layoff,2024-01-08,2023-11-14,2024-01-13,,2024-01-13,65.63,0
coats america,NC,31.0,97.0,layoff,layoff,2023-02-24,2023-02-22,2023-08-31,,2023-08-31,65.96,1
gxo logistics worldwide,PA,49.0,69.0,layoff,layoff,,,2026-01-12,2026-05-30,2026-01-12,65.82,0
hey bear cafe st paul,MN,72.0,1.0,closure,closure,,,2025-05-14,,2025-05-14,65.65,0
google us mtv stln2051,CA,51.0,1.0,layoff permanent,layoff,2024-01-25,2024-01-10,2024-03-10,,2024-03-10,65.63,0
yellow,OH,52.0,48.0,layoff,layoff,2023-08-01,,2023-07-30,,2023-07-30,69.0,1
raydia food group,IN,,200.0,closure,closure,,2025-09-19,2025-11-26,,2025-11-26,66.32,1
avon protection systems,CA,54.0,128.0,layoff permanent,layoff,2024-10-03,2024-10-03,2024-12-20,,2024-12-20,66.11,1
aurorium,IN,54.0,159.0,closure,closure,,2023-08-02,2023-10-03,,2023-10-03,66.2,1
pajarito,MN,,1.0,layoff,layoff,,,2026-01-19,,2026-01-19,65.65,0
roseburg forest products,MT,32.0,159.0,layoff,layoff,,2024-03-20,2024-05-22,,2024-05-22,66.12,1
gulfmark energy,TX,21.0,7.0,layoff,layoff,,,2023-11-01,,2023-11-01,65.64,0
takeda shire human genetic therapies inc shgt,MA,32.0,5.0,layoff,layoff,2023-05-01,,,,2023-05-01,65.63,0
h s mfg,WI,33.0,42.0,closure,closure,,2024-02-08,2024-04-04,,2024-04-04,65.64,0
drizly llc and uber technologies,MA,42.0,168.0,layoff,layoff,2024-01-31,,2024-04-01,2024-09-01,2024-04-01,66.26,1
intel corporation sc 9,CA,33.0,4.0,layoff permanent,layoff,2025-06-30,2025-06-25,2025-07-15,,2025-07-15,65.63,0
calpac pizza dba pizza hut 027403,CA,72.0,5.0,layoff permanent,layoff,2024-01-24,2023-12-14,2024-02-15,,2024-02-15,65.63,0
planet labs pbc,CA,51.0,85.0,layoff permanent,layoff,2023-09-08,2023-08-01,2023-10-02,,2023-10-02,65.9,1
silgan containers,CA,33.0,180.0,layoff temporary,layoff,2025-10-24,2025-08-25,2025-10-27,,2025-10-27,66.29,1
howard miller,NC,33.0,39.0,closure,closure,2025-08-14,2025-08-13,2025-11-02,,2025-11-02,65.61,0
lgstx cargo services,TN,49.0,97.0,unknown,other,2024-04-22,,2024-06-18,,2024-06-18,65.95,1
valu merchandisers,TN,42.0,60.0,unknown,other,2023-07-31,,2023-10-01,,2023-10-01,65.7,0
u s gypsum,UT,32.0,55.0,layoff,layoff,,2025-06-16,,,2025-06-16,65.71,0
curiosi tea house,MN,72.0,4.0,closure,closure,,,2025-03-31,,2025-03-31,65.65,0
peraton,PA,54.0,153.0,layoff,layoff,,,2025-12-13,,2025-12-13,66.23,1
advance stores company incorporated and its subsidiary golden state supply,CA,44.0,11.0,closure permanent,closure,2024-11-15,2024-11-14,2025-03-06,,2025-03-06,65.63,0
first student transportation,OH,48.0,81.0,layoff,layoff,2024-03-13,,2024-06-30,,2024-06-30,65.84,0
legacy supply chain operations,AL,49.0,6.0,closure,closure,,2026-04-09,2026-06-06,,2026-06-06,65.59,0
amazon sna19,CA,45.0,16.0,layoff permanent,layoff,2025-10-29,2025-10-28,2026-01-26,,2026-01-26,65.63,0
target,CA,45.0,63.0,closure permanent,closure,2023-11-09,2023-09-26,2023-12-30,,2023-12-30,65.75,0
united states cellular,CA,51.0,7.0,layoff permanent,layoff,2025-04-09,2025-03-26,2025-06-02,,2025-06-02,65.63,0
railcrew xpress,AL,,85.0,closure,closure,,2023-01-17,2023-02-20,,2023-02-20,65.86,0
newport timber,GA,11.0,13.0,closure,closure,,,2025-10-20,,2025-10-20,65.71,0
triple canopy,CA,32.0,1.0,layoff permanent,layoff,2024-04-22,2024-03-27,2024-05-31,,2024-05-31,65.63,0
heartland alliance,IL,62.0,48.0,layoff,layoff,2023-09-29,2023-10-28,2023-10-28,,2023-10-28,65.66,0
compass group,IL,52.0,24.0,closing,closure,2024-12-05,2024-12-05,2025-02-01,2025-02-01,2025-02-01,69.0,1
center point inc 7707 austin,CA,62.0,20.0,layoff permanent,layoff,2025-05-02,2025-04-28,2025-06-30,,2025-06-30,65.63,0
prescient,CO,56.0,50.0,mass layoff,mass_layoff,,2023-03-31,2023-03-31,2023-12-31,2023-03-31,65.0,0
brookfield properties usa ii,CA,53.0,2.0,layoff permanent,layoff,2024-02-08,2024-01-25,2024-04-01,,2024-04-01,65.63,0
doubletree by memphis,TN,72.0,88.0,unknown,other,2025-09-30,,2025-11-30,,2025-11-30,65.9,1
modine manufacturing,TN,33.0,162.0,unknown,other,2025-02-05,,2025-04-01,2025-07-31,2025-04-01,66.22,1
impact outsourcing solutions vi,GA,56.0,76.0,closure,closure,,,2026-04-13,,2026-04-13,65.92,1
globe motors,AL,33.0,73.0,layoff,layoff,,2025-05-27,2025-07-25,,2025-07-25,65.78,0
hgs cx technologies inc f k a hgs usa,MD,54.0,92.0,layoff,layoff,,2026-02-04,2026-03-31,2026-04-14,2026-03-31,66.0,1
cnh,MN,33.0,175.0,layoff,layoff,2025-02-07,2025-02-07,2025-04-11,,2025-04-11,66.31,1
legends global dba legends attractions llc and legends music,MA,71.0,41.0,layoff,layoff,2026-02-18,,2026-04-22,,2026-04-22,65.63,0
social development commission,WI,92.0,28.0,layoff,layoff,,2024-03-20,2024-03-21,,2024-03-21,65.64,0
primo brands,CA,,1.0,layoff permanent,layoff,2025-07-18,2025-07-18,2025-09-16,,2025-09-16,65.63,0
google,CA,51.0,4.0,layoff permanent,layoff,2023-01-24,2023-01-20,2023-03-31,,2023-03-31,65.63,0
gold bond building products,CA,32.0,50.0,closure permanent,closure,2024-10-28,2024-10-28,2024-12-27,,2024-12-27,65.63,0
bakery barn,PA,31.0,82.0,closure,closure,,,2025-08-01,,2025-08-01,65.91,1
dtsv inc itc federal,TX,54.0,169.0,layoff,layoff,,,2025-11-30,,2025-11-30,66.28,1
illumina inc worldwide headquarters,CA,54.0,1.0,layoff permanent,layoff,2026-01-23,2026-01-14,2026-03-09,,2026-03-09,65.63,0
allergan aesthetics,CA,32.0,202.0,layoff permanent,layoff,2025-05-21,2025-05-21,2025-07-22,,2025-07-22,66.35,1
avelo airlines,CA,62.0,11.0,closure permanent,closure,2025-09-26,2025-09-26,2025-11-18,,2025-11-18,65.63,0
fedex corporation plano,TX,49.0,50.0,layoff,layoff,,,2025-09-01,,2025-09-01,65.64,0
trilink biotechnologies llc and maravai intermediate holdings,CA,56.0,1.0,layoff permanent,layoff,2023-12-15,2023-11-06,2024-01-05,,2024-01-05,65.63,0
ll flooring woodbury,MN,44.0,4.0,closure,closure,,,2024-11-27,,2024-11-27,65.65,0
paramount global,NY,32.0,1.0,economic,other,,2024-09-24,2024-05-17,2025-03-14,2024-05-17,64.0,0
scale ai,CA,51.0,2.0,layoff permanent,layoff,2023-01-11,2023-01-09,2023-01-19,,2023-01-19,65.63,0
bhfo,IA,45.0,46.0,closing,closure,,2025-10-28,2025-11-26,,2025-11-26,65.7,0
avante health,NC,62.0,4.0,layoff,layoff,2024-08-05,2024-07-31,2024-08-01,,2024-08-01,65.61,0
emery county coal resources aka lila canyon mine,UT,21.0,150.0,layoff,layoff,,2024-01-19,,,2024-01-19,66.23,1
lennox industries,IA,33.0,49.0,amendment - additional employees,amendment,,2025-08-29,2025-09-28,,2025-09-28,65.7,0
smurfit westrock,GA,32.0,55.0,permanent layoff / reduction in force,layoff,,,2026-01-05,,2026-01-05,65.76,0
healthhelp nurse triage 24,WV,62.0,52.0,closure,closure,,2023-01-23,2023-03-24,,2023-03-24,65.5,0
denison landscape,MD,56.0,52.0,layoff,layoff,,2025-02-10,2025-04-11,,2025-04-11,65.7,0
vionic consumer care operations,CA,44.0,6.0,closure permanent,closure,2023-08-23,2023-07-19,2023-09-17,,2023-09-17,65.63,0
alchemee,CA,32.0,77.0,closure permanent,closure,2023-06-20,2023-06-01,2023-09-29,,2023-09-29,65.85,0
right at school llc fairview elementary,CA,61.0,8.0,closure permanent,closure,2025-04-10,2025-04-09,2025-06-09,,2025-06-09,65.63,0
marshfield clinic health system,WI,62.0,14.0,layoff,layoff,,2023-03-01,2023-05-19,,2023-05-19,65.64,0
right at school,CA,61.0,3.0,layoff permanent,layoff,2025-04-10,2025-04-09,2025-06-09,,2025-06-09,65.63,0
aaron thomas,CA,31.0,64.0,layoff permanent,layoff,2024-05-10,2024-04-30,2024-07-09,,2024-07-09,65.75,0
devine holdings,CA,,39.0,layoff not known at this time,layoff,2024-05-09,2024-04-30,2024-07-01,,2024-07-01,65.63,0
gamestop brooklyn park,MN,44.0,1.0,closure,closure,,,2026-01-14,,2026-01-14,65.65,0
endologix,CA,33.0,23.0,closure permanent,closure,2026-03-09,2026-03-05,2026-05-06,,2026-05-06,65.63,0
general mills operations,IA,31.0,211.0,closing,closure,,2023-07-31,2023-10-06,,2023-10-06,66.45,1
southern pacpizza dba pizza hut 029202,CA,72.0,5.0,layoff permanent,layoff,2024-01-24,2023-12-14,2024-02-19,,2024-02-19,65.63,0
dart container,CA,32.0,75.0,closure permanent,closure,2024-10-23,2024-10-23,2024-12-23,,2024-12-23,65.84,0
leaf home,WI,23.0,37.0,layoff,layoff,,2023-09-12,2023-11-11,,2023-11-11,65.64,0
dji services,CA,56.0,61.0,layoff permanent,layoff,2025-11-03,2025-11-03,2025-11-07,,2025-11-07,65.73,0
expedia group inc austin,TX,51.0,100.0,layoff,layoff,,,2026-04-01,,2026-04-01,66.01,1
mattel,CA,33.0,120.0,layoff permanent,layoff,2025-03-17,2025-03-17,2025-05-19,,2025-05-19,66.08,1
ben group,CA,51.0,72.0,layoff permanent,layoff,2024-05-29,2024-05-24,2024-07-23,,2024-07-23,65.82,0
kaiser foundation hospitals,CA,62.0,1.0,layoff permanent,layoff,2024-09-23,2024-09-23,2024-11-22,,2024-11-22,65.63,0
qualcomm incorporated,CA,33.0,8.0,layoff permanent,layoff,2023-06-14,2023-05-17,2023-07-18,,2023-07-18,65.63,0
chevron n fm 1788,TX,21.0,14.0,layoff,layoff,,,2025-07-15,,2025-07-15,65.64,0
wayne board of education sodexo,NJ,61.0,70.0,layoff,layoff,,2024-06-28,,,2024-06-28,65.76,0
the timken,MO,33.0,97.0,layoff,layoff,,2025-01-07,2025-03-21,2025-09-30,2025-03-21,65.93,1
vectrus system corporation keesler base services,MS,56.0,191.0,layoff,layoff,,2023-06-09,,,2023-06-09,66.28,1
agilent technologies,CA,33.0,3.0,layoff permanent,layoff,2023-12-18,2023-11-09,2024-01-26,,2024-01-26,65.63,0
lonza biologics,CA,32.0,218.0,closure permanent,closure,2024-01-11,2023-11-30,2024-02-02,,2024-02-02,66.39,1
american nursery services,CO,11.0,25.0,closure,closure,,2023-09-05,2023-12-31,2023-12-31,2023-12-31,65.62,0
hotel mahwah dba sheraton mahwah,NJ,72.0,91.0,layoff,layoff,,2023-12-15,,,2023-12-15,65.9,1
brasa premium rotisserie st paul,MN,72.0,1.0,layoff,layoff,,,2026-01-12,,2026-01-12,65.65,0
jabil,CA,33.0,51.0,closure temporary,closure,2023-10-13,2023-09-19,2023-12-25,,2023-12-25,65.64,0
cavallin ford,MN,53.0,6.0,closure,closure,,,2024-05-24,,2024-05-24,65.65,0
yellow freight waco,TX,48.0,17.0,layoff,layoff,,,2023-07-28,,2023-07-28,65.64,0
chevron,CA,21.0,68.0,layoff permanent,layoff,2025-10-14,2025-08-22,2025-10-23,,2025-10-23,65.79,0
kcarc,IN,62.0,15.0,closure,closure,,2024-04-15,2024-05-10,,2024-05-10,65.59,0
the academy of magical arts,CA,71.0,174.0,layoff permanent,layoff,2025-10-07,2025-10-07,2025-12-31,,2025-12-31,66.27,1
tropitone furniture,CA,33.0,117.0,closure permanent,closure,2024-05-14,2024-05-13,2024-08-30,,2024-08-30,66.07,1
thermo fisher scientific,CA,33.0,123.0,layoff permanent,layoff,2023-03-07,2023-03-07,2023-05-06,,2023-05-06,66.09,1
juniper networks,CA,51.0,108.0,layoff permanent,layoff,2023-11-06,2023-10-03,2023-12-04,,2023-12-04,66.03,1
applied materials inc 3330 scott blvd,CA,33.0,6.0,layoff permanent,layoff,2025-10-24,2025-10-23,2025-12-23,,2025-12-23,65.63,0
audible,NJ,51.0,67.0,layoff,layoff,,2026-01-26,,,2026-01-26,65.74,0
advanced auto parts garland,TX,44.0,10.0,layoff,layoff,,,2025-02-12,,2025-02-12,65.64,0
takeda pharmaceuticals usa,MA,32.0,34.0,layoff,layoff,2024-10-15,,,,2024-10-15,65.63,0
david s bridal llc north austin,TX,44.0,43.0,layoff,layoff,,,2023-07-17,,2023-07-17,65.64,0
gap,CA,44.0,1.0,layoff permanent,layoff,2023-05-24,2023-04-27,2023-04-27,,2023-04-27,65.63,0
ecamsecure,CA,56.0,2.0,layoff permanent,layoff,2024-12-17,2024-12-16,2025-02-14,,2025-02-14,65.63,0
family dollar stores,NJ,45.0,94.0,layoff,layoff,,2024-04-20,,,2024-04-20,65.91,1
monarch litho,CA,32.0,117.0,closure permanent,closure,2024-06-03,2024-05-29,2024-08-02,,2024-08-02,66.07,1
kira services and kira training services tlingit haida tribal business corporation 601 oceana blvd virginia beach va 23460,VA,54.0,46.0,layoff,layoff,,2025-07-15,2025-08-11,,2025-08-11,65.56,0
family ymca of the desert at palm desert aquatic center,CA,71.0,85.0,layoff not known at this time,layoff,2023-11-28,2023-11-01,2023-12-31,,2023-12-31,65.9,1
st bernard soap,OH,32.0,127.0,layoff,layoff,2023-10-12,,2023-12-10,2023-12-24,2023-12-10,66.07,1
lumentum operations,CA,33.0,11.0,layoff permanent,layoff,2024-03-06,2024-03-06,2024-05-06,,2024-05-06,65.63,0
grit delivers,IA,49.0,62.0,closing,closure,,2023-01-04,2023-02-05,,2023-02-05,65.81,0
procaps laboratories,NV,32.0,72.0,layoff,layoff,2024-08-07,2024-08-07,2024-08-07,,2024-08-07,65.87,0
cue health vista ii,CA,33.0,3.0,layoff permanent,layoff,2023-01-10,2023-01-05,2023-03-07,,2023-03-07,65.63,0
northspan,MN,54.0,2.0,layoff,layoff,,,2025-06-27,,2025-06-27,65.65,0
plenty unlimited,CA,11.0,55.0,layoff permanent,layoff,2024-01-31,2024-01-19,2024-01-18,,2024-01-18,65.67,0
pt solutions,CA,62.0,1.0,closure permanent,closure,2025-03-04,2025-03-04,2025-05-03,,2025-05-03,65.63,0
revol greens ca,CA,11.0,42.0,closure permanent,closure,2025-09-09,2025-09-09,2025-11-08,,2025-11-08,65.63,0
elevate textiles,SC,31.0,53.0,closure,closure,,2024-05-21,2024-07-31,,2024-07-31,65.64,0
sap america,CA,51.0,65.0,layoff permanent,layoff,2023-02-23,2023-02-15,2023-04-19,,2023-04-19,65.76,0
equiniti trust,WI,52.0,8.0,layoff,layoff,,2024-09-17,2024-12-16,,2024-12-16,65.64,0
southwest airlines terminal rd,TX,48.0,97.0,layoff,layoff,,,2024-08-04,,2024-08-04,65.99,1
solero technologies shelby,NC,23.0,102.0,layoff,layoff,2025-09-29,2025-09-29,2026-03-31,,2026-03-31,65.99,1
moog industrial group 1120 rock road west radford va 24141,VA,33.0,156.0,closure,closure,,2024-02-21,2024-05-10,,2024-05-10,66.15,1
appfolio,CA,51.0,13.0,layoff permanent,layoff,2023-10-04,2023-08-17,2023-10-16,,2023-10-16,65.63,0
stryker employment,FL,,12.0,layoff,layoff,,2024-11-14,2025-01-14,2025-01-14,2025-01-14,65.62,0
advance stores company incorporated and its subsidiary golden state supply,CA,44.0,12.0,closure permanent,closure,2024-11-15,2024-11-14,2025-03-05,,2025-03-05,65.63,0
avelo airlines,AZ,62.0,97.0,layoff,layoff,,2026-01-07,,,2026-01-07,65.99,1
stanley black decker,TN,33.0,84.0,unknown,other,2024-06-14,,2024-08-05,,2024-08-05,65.88,0
chistmas tree shops location 3,NJ,45.0,40.0,layoff,layoff,,2023-07-07,,,2023-07-07,65.58,0
key energy services,CA,21.0,14.0,layoff permanent,layoff,2025-03-25,2025-03-24,2025-05-23,,2025-05-23,65.63,0
99 cents only stores,CA,45.0,39.0,closure permanent,closure,2024-04-16,2024-04-04,2024-06-03,,2024-06-03,65.63,0
catholic charities diocese of madison,WI,62.0,59.0,layoff,layoff,,2023-09-06,2023-10-31,,2023-10-31,65.72,0
advance stores company incorporated and its subsidiary golden state supply,CA,44.0,10.0,closure permanent,closure,2024-11-15,2024-11-14,2025-02-17,,2025-02-17,65.63,0
anchor glass container,FL,32.0,144.0,layoff,layoff,,2024-11-18,2025-01-17,2025-04-30,2025-01-17,66.17,1
paramount global,CA,32.0,1.0,layoff permanent,layoff,2024-11-25,2024-11-22,2024-12-23,,2024-12-23,64.0,0
agilent technologies,CA,33.0,3.0,layoff permanent,layoff,2024-06-07,2024-06-07,2024-08-09,,2024-08-09,65.63,0
fellers,OH,42.0,2.0,closure,closure,2025-07-09,,2025-09-12,,2025-09-12,65.59,0
morrison healthcare,OH,62.0,55.0,closure,closure,2025-05-22,,2025-07-25,,2025-07-25,65.64,0
experian,CA,51.0,3.0,layoff permanent,layoff,2026-04-01,2026-03-30,2026-05-22,,2026-05-22,65.63,0
ynap,NJ,45.0,68.0,layoff,layoff,,2025-11-15,,,2025-11-15,65.74,0
all trego dugan aviation of grand island,IA,48.0,36.0,mass layoff,mass_layoff,,2023-07-06,2023-08-05,,2023-08-05,65.7,0
quiet logistics,IL,,76.0,closing,closure,2025-03-20,2025-03-20,2025-05-23,2025-05-31,2025-05-23,65.88,0
rr donnelley,IN,32.0,79.0,closure,closure,,2023-03-15,2023-05-14,,2023-05-14,65.83,0
customized distribution,GA,49.0,165.0,closure,closure,,,2024-12-08,,2024-12-08,66.33,1
southern california edison,CA,22.0,79.0,layoff permanent,layoff,2025-03-17,2025-03-17,2025-05-20,,2025-05-20,65.86,0
the orvis,VT,,56.0,layoff,layoff,,2025-06-18,,,2025-06-18,65.58,0
giant delivers 7413 cushin road suite 160 manassas va 20109,VA,42.0,72.0,closure,closure,,2023-08-28,2023-10-21,,2023-10-21,65.75,0
community development institute head start cdi hs serving st clair county mi,MI,61.0,60.0,layoff,layoff,,,2025-09-30,,2025-09-30,65.65,0
mini pharmacy enterprises,CA,62.0,50.0,closure permanent,closure,2024-09-24,2024-09-24,2024-12-27,,2024-12-27,63.0,0
panera llc panera bread,IL,,119.0,closing,closure,2026-02-13,2026-02-13,2026-03-25,2026-03-27,2026-03-25,66.11,1
medical device business services,CA,33.0,3.0,layoff permanent,layoff,2023-03-14,2023-03-01,2023-04-30,,2023-04-30,65.63,0
revvity,MA,54.0,51.0,layoff,layoff,2025-10-08,,2026-01-01,2026-12-31,2026-01-01,65.64,0
yellow,CA,52.0,1.0,closure permanent,closure,2023-08-17,2023-08-01,2023-07-30,,2023-07-30,69.0,1
heritage bank of commerce san jose,CA,52.0,85.0,layoff permanent,layoff,2026-03-17,2026-02-27,2026-04-17,,2026-04-17,65.9,1
lx pantos america,TX,48.0,131.0,layoff,layoff,,,2025-04-04,,2025-04-04,66.15,1
hewlett packard enterprise company hpe,CA,33.0,61.0,layoff permanent,layoff,2025-05-22,2025-05-22,2025-05-02,,2025-05-02,65.73,0
parker hannifin corporation bwf division,CA,,8.0,closure permanent,closure,2024-02-02,2024-02-01,2024-05-31,,2024-05-31,65.63,0
adient,MO,33.0,172.0,layoff,layoff,,2024-09-13,2024-11-11,2025-01-06,2024-11-11,66.23,1
comtrans,AZ,48.0,128.0,layoff,layoff,,2023-12-19,,,2023-12-19,66.14,1
equus workforce solutions n tenth st arbor e t,TX,56.0,10.0,layoff,layoff,,,2025-09-30,,2025-09-30,65.64,0
abbvie,CA,32.0,2.0,closure permanent,closure,2025-11-13,2025-11-10,2026-01-09,,2026-01-09,65.63,0
crst lincoln sales inc dba crst equipment solutions,CA,48.0,21.0,closure permanent,closure,2025-10-08,2025-10-08,2025-12-07,,2025-12-07,65.63,0
google us sfo mkt1,CA,51.0,1.0,layoff permanent,layoff,2024-05-08,2024-04-29,2024-06-09,,2024-06-09,65.63,0
management training corporation cleveland tx,TX,92.0,107.0,layoff,layoff,,,2023-08-31,,2023-08-31,66.04,1
adidas america,MD,44.0,11.0,closure,closure,,2024-11-18,2025-01-31,,2025-01-31,65.68,0
job1 usa houston,TX,56.0,13.0,layoff,layoff,,,2025-11-15,,2025-11-15,65.64,0
inoac exterior systems,OH,32.0,5.0,closure,closure,2025-03-14,,2025-05-13,,2025-05-13,65.59,0
kroger delivery,IL,49.0,72.0,closing,closure,2026-01-30,2026-01-30,2026-02-01,2026-05-01,2026-02-01,65.85,0
center point inc 100 prison rd,CA,62.0,17.0,layoff permanent,layoff,2025-05-02,2025-04-28,2025-06-30,,2025-06-30,65.63,0
yellow,CA,52.0,39.0,closure permanent,closure,2023-08-15,2023-08-01,2023-07-30,,2023-07-30,69.0,1
the trevor project,CA,81.0,12.0,layoff permanent po box,layoff,2025-06-25,2025-06-25,2025-07-17,,2025-07-17,65.63,0
inoac exterior systems,OH,32.0,3.0,closure,closure,2025-05-13,,2025-07-12,,2025-07-12,65.59,0
b braun medical,CA,32.0,13.0,layoff permanent,layoff,2024-01-17,2023-12-07,2024-02-05,,2024-02-05,65.63,0
danfoss power solutions,IA,31.0,40.0,mass layoff,mass_layoff,,2024-08-14,2024-08-31,,2024-08-31,65.7,0
genedx,CT,54.0,19.0,layoff,layoff,,2023-03-29,2023-05-28,,2023-05-28,65.63,0
american institutes of research air,NC,54.0,19.0,layoff,layoff,2025-03-11,2025-03-10,2026-01-05,,2026-01-05,65.61,0
kaiser foundation hospitals walnut,CA,62.0,8.0,layoff permanent,layoff,2023-10-03,2023-09-12,2023-11-10,,2023-11-10,65.63,0
qualcomm incorporated 10001 pacific heights blvd,CA,33.0,2.0,layoff permanent,layoff,2026-04-02,2026-04-02,2026-05-26,,2026-05-26,65.63,0
tdg operations,AL,,113.0,closure,closure,,2023-02-08,2023-04-27,,2023-04-27,66.01,1
liminex inc dba goguardian,CA,51.0,95.0,layoff permanent,layoff,2023-11-14,2023-10-12,2023-12-11,,2023-12-11,65.96,1
wells fargo,IA,52.0,16.0,amendment - additional employees,amendment,,2024-08-20,2024-10-20,,2024-10-20,65.7,0
furnishare,NJ,44.0,171.0,layoff,layoff,,2024-08-23,,,2024-08-23,66.22,1
coronado brewing,CA,31.0,27.0,closure permanent,closure,2023-10-03,2023-09-08,2023-11-07,,2023-11-07,65.63,0
tusimple,CA,54.0,151.0,layoff permanent,layoff,2023-06-06,2023-05-22,2023-07-20,,2023-07-20,66.2,1
marketsource,GA,54.0,57.0,permanent layoff / reduction in force,layoff,,,2026-02-26,,2026-02-26,65.78,0
cirque du soleil nevada newco,NV,71.0,204.0,closure,closure,2024-04-10,2024-04-10,2024-07-07,,2024-07-07,66.42,1
blue shield of california building c,CA,52.0,17.0,layoff permanent,layoff,2025-04-22,2025-04-21,2025-05-01,,2025-05-01,65.63,0
first savings bank,NC,52.0,5.0,layoff,layoff,2023-09-29,2023-09-29,2023-11-30,,2023-11-30,65.61,0
children s center montessori,MN,61.0,3.0,closure,closure,,,2025-06-30,,2025-06-30,65.65,0
cygnus home services llc d b a yelloh,FL,45.0,6.0,layoff,layoff,,2023-10-25,2023-12-15,2023-12-15,2023-12-15,65.62,0
aramark campus,MI,72.0,137.0,layoff,layoff,,,2025-06-30,,2025-06-30,66.08,1
mercyone des moines medical center,IA,62.0,67.0,mass layoff,mass_layoff,,2026-01-26,2026-03-17,,2026-03-17,65.85,0
zeco systems,FL,33.0,1.0,layoff,layoff,,2025-08-18,2025-10-04,2025-12-31,2025-10-04,65.62,0
david s bridal,NE,44.0,48.0,layoff,layoff,,2023-06-12,,,2023-06-12,66.8,1
pt solutions,CA,62.0,7.0,closure permanent,closure,2025-03-04,2025-03-04,2025-05-03,,2025-05-03,65.63,0
boeing,FL,33.0,1.0,layoff,layoff,,2024-11-18,2025-01-17,2025-01-17,2025-01-17,65.62,0
snohetta architecture landscape architecture pc,CA,54.0,5.0,closure permanent,closure,2024-09-10,2024-09-09,2024-12-23,,2024-12-23,65.63,0
heritage bank of commerce mateo,CA,52.0,5.0,layoff permanent,layoff,2026-03-17,2026-02-27,2026-04-17,,2026-04-17,65.63,0
charles river laboratories,IL,54.0,1.0,layoff,layoff,2024-11-06,2025-02-03,2025-01-31,,2025-01-31,65.66,0
aultman alliance community hospital dba community care center facility,OH,62.0,56.0,layoff,layoff,2023-02-01,,2023-04-02,2023-04-02,2023-04-02,65.65,0
wayforth,MA,56.0,30.0,layoff,layoff,2023-08-15,,2023-08-18,,2023-08-18,65.63,0
copeland,IN,33.0,75.0,closure,closure,,2024-09-27,2025-01-13,,2025-01-13,65.81,0
daniel rp management,NC,32.0,151.0,layoff,layoff,2025-10-29,2025-10-29,2025-12-31,,2025-12-31,66.19,1
farmers group,CA,52.0,20.0,layoff permanent,layoff,2023-11-15,2023-09-14,2023-11-14,,2023-11-14,65.63,0
sdh services west,CA,,18.0,closure permanent,closure,2024-12-17,2024-12-15,2025-02-24,,2025-02-24,65.63,0
customized distribution services inc layoff 2,CA,49.0,13.0,closure permanent,closure,2023-06-08,2023-05-10,2023-08-11,,2023-08-11,65.63,0
epic games,NC,51.0,85.0,layoff,layoff,2023-10-04,2023-09-28,2023-12-01,,2023-12-01,65.89,0
linkedin,CA,51.0,49.0,layoff permanent,layoff,2023-02-27,2023-02-14,2023-02-13,,2023-02-13,65.63,0
southern california pizza,CA,72.0,9.0,layoff permanent,layoff,2024-02-23,2023-12-01,2024-02-05,,2024-02-05,65.63,0
international converter,MS,32.0,38.0,closure,closure,,2023-07-26,2023-08-08,,2023-08-08,65.58,0
prisma health,SC,62.0,215.0,layoff,layoff,,2023-07-13,2023-08-31,,2023-08-31,66.37,1
the mitchell gold co d b a mitchell gold bob williams,NC,,47.0,closure,closure,2023-08-28,2023-08-26,2023-08-26,,2023-08-26,65.61,0
kuehne nagel,MS,49.0,110.0,layoff,layoff,,2023-08-29,2023-08-31,,2023-08-31,65.99,1
ford walker haggerty behar llp fwhb,CA,54.0,9.0,closure permanent,closure,2025-05-05,2025-05-01,2025-06-30,,2025-06-30,65.63,0
thermo fisher scientific,CA,33.0,38.0,layoff permanent,layoff,2023-07-31,2023-06-22,2023-08-22,,2023-08-22,65.63,0
paramount global,CA,32.0,1.0,layoff permanent,layoff,2024-11-25,2024-11-22,2024-12-23,,2024-12-23,64.0,0
spiral binding,CA,,135.0,closure permanent,closure,2025-07-28,2025-07-28,2025-09-26,,2025-09-26,66.14,1
boardriders wholesale,CA,42.0,139.0,layoff permanent,layoff,2024-01-11,2023-12-06,2024-02-04,,2024-02-04,66.16,1
a c vroman inc dba vroman s bookstore and book soup,CA,45.0,12.0,closure permanent,closure,2024-04-03,2024-03-25,2024-05-25,,2024-05-25,65.63,0
piedmont airlines inc at long beach airport,CA,48.0,43.0,closure permanent,closure,2023-01-10,2023-01-04,2023-02-28,,2023-02-28,65.63,0
nextier completion solutions inc san angelo ii,TX,21.0,104.0,layoff,layoff,,,2024-04-17,,2024-04-17,66.03,1
twenty twenty therapeutics,CA,54.0,76.0,closure permanent,closure,2024-04-29,2024-04-23,2024-06-26,,2024-06-26,65.84,0
amazon fresh,IL,44.0,118.0,closing,closure,2026-01-28,2026-01-28,2026-04-28,,2026-04-28,66.11,1
united rentals,NV,42.0,119.0,layoff,layoff,2023-01-05,2023-01-05,2023-01-06,,2023-01-06,66.14,1
cepheid b5,CA,32.0,4.0,layoff permanent,layoff,2025-10-30,2025-10-29,2025-12-31,,2025-12-31,65.63,0
furhaven pet products,KY,45.0,148.0,closure,closure,2024-06-05,,2024-08-07,,2024-08-07,66.18,1
propio language services,TX,54.0,40.0,layoff,layoff,,,2025-02-11,,2025-02-11,65.64,0
ttm technologies inc subsidiary of ttm technologies north america,CA,33.0,102.0,closure permanent,closure,2023-07-27,2023-06-28,2023-09-01,,2023-09-01,66.0,1
pmi u s corporate services phillip morris,VA,31.0,135.0,closure,closure,,2026-01-28,2026-04-17,,2026-04-17,66.07,1
pitney bowes,IN,33.0,107.0,closure,closure,,2024-01-08,2024-03-09,,2024-03-09,65.99,1
childhelp,CA,62.0,110.0,layoff permanent,layoff,2023-04-05,2023-03-29,2023-05-27,,2023-05-27,66.04,1
urology center of columbus,GA,,32.0,closure,closure,,,2025-12-05,,2025-12-05,65.71,0
ameri kleen dba sanitation specialists,CA,56.0,20.0,closure permanent,closure,2025-02-10,2025-02-07,2025-04-06,,2025-04-06,65.63,0
anchor brewing,CA,31.0,55.0,closure permanent,closure,2023-07-19,2023-07-12,2023-08-01,,2023-08-01,65.67,0
resilience government services,FL,54.0,105.0,layoff,layoff,,2024-12-05,2025-02-03,2025-06-01,2025-02-03,66.01,1
ymca early childhood learning,MN,71.0,1.0,closure,closure,,,2024-08-16,,2024-08-16,65.65,0
advance stores company incorporated and its subsidiary golden state supply,CA,44.0,17.0,closure permanent,closure,2024-11-15,2024-11-14,2025-03-08,,2025-03-08,65.63,0
otscon,MO,,160.0,closure,closure,,2024-07-01,2024-10-31,,2024-10-31,66.19,1
10 roads express llc 10 roads service llc 10 roads logistics,IA,48.0,42.0,closing,closure,,2025-12-01,2026-01-30,,2026-01-30,65.7,0
united states cellular,IA,51.0,7.0,amendment - change in date,amendment,,2025-06-11,2025-07-01,,2025-07-01,65.7,0
flatirons health and rehabilitation axiom healthcare services,CO,62.0,124.0,facility closure,closure,,2024-01-04,2024-03-04,2024-03-04,2024-03-04,66.09,1
boeing,FL,33.0,1.0,layoff,layoff,,2024-11-18,2025-01-17,2025-01-17,2025-01-17,65.62,0
jhpiego,MD,54.0,130.0,layoff,layoff,,2025-03-13,2025-05-12,,2025-05-12,66.18,1
oracle america,CA,51.0,50.0,layoff permanent,layoff,2026-04-02,2026-04-01,2026-06-01,,2026-06-01,65.63,0
corecivic of tennessee llc thomas,OK,,48.0,unknown,other,,2023-07-31,,,2023-07-31,66.78,1
carlos n charlie s,NV,72.0,79.0,closure,closure,2025-09-26,2025-09-26,2025-11-18,,2025-11-18,65.92,1
cepheid b1,CA,32.0,15.0,layoff permanent,layoff,2025-10-30,2025-10-29,2025-12-31,,2025-12-31,65.63,0
illumina,CA,54.0,49.0,layoff permanent,layoff,2024-08-01,2024-07-31,2024-10-01,,2024-10-01,65.63,0
america s gardening resouces inc dba gardeners supply,VT,44.0,60.0,layoff,layoff,,2025-07-24,,,2025-07-24,65.61,0
block,AZ,51.0,6.0,layoff,layoff,,2024-01-30,,,2024-01-30,65.65,0
tyson foods,IA,31.0,19.0,amendment - change in date,amendment,,2024-09-09,2024-11-01,,2024-11-01,65.7,0
masimo,CA,33.0,68.0,layoff permanent,layoff,2024-11-14,2024-11-13,2025-01-13,,2025-01-13,65.79,0
providence life services,IL,62.0,82.0,closing,closure,2023-08-30,2023-08-30,2023-10-29,,2023-10-29,65.92,1
ebay,CA,45.0,20.0,layoff permanent,layoff,2024-02-01,2024-01-23,2024-01-24,,2024-01-24,65.63,0
david s bridal,MA,44.0,48.0,layoff,layoff,2023-04-14,,2023-04-14,2023-08-11,2023-04-14,66.83,1
prevea clinic,WI,,103.0,closure,closure,,2024-01-22,2024-03-22,,2024-03-22,66.01,1
railcrew xpress,OH,,68.0,layoff,layoff,2023-01-10,,2023-02-20,2023-02-20,2023-02-20,65.75,0
five guys operations,CA,72.0,17.0,closure permanent naval air station north,closure,2025-06-20,2025-06-20,2025-07-13,,2025-07-13,65.63,0
advance stores company incorporated and its subsidiary golden state supply,CA,44.0,10.0,closure permanent,closure,2024-11-15,2024-11-14,2025-03-10,,2025-03-10,65.63,0
united states cellular,IA,51.0,6.0,amendment - change in date,amendment,,2025-06-11,2025-07-01,,2025-07-01,65.7,0
alabama orthopedic clinic pc,AL,62.0,153.0,closure,closure,,2025-02-11,2025-04-11,,2025-04-11,66.17,1
management training,MD,61.0,174.0,layoff,layoff,,2023-09-11,2023-09-30,,2023-09-30,66.33,1
blue shield of california,CA,52.0,3.0,layoff permanent,layoff,2025-04-22,2025-04-21,2025-05-01,,2025-05-01,65.63,0
carbon health,CA,62.0,4.0,layoff permanent,layoff,2023-10-16,2023-08-10,2023-10-09,,2023-10-09,65.63,0
codexis,CA,54.0,31.0,layoff permanent,layoff,2023-08-30,2023-07-20,2023-09-30,,2023-09-30,65.63,0
cygnus home service 8611 virginia meadows drive manassas va 20109,VA,45.0,5.0,closure,closure,,2023-10-25,2023-12-15,,2023-12-15,65.56,0
kaiser foundation hospitals,CA,62.0,42.0,layoff permanent,layoff,2025-08-19,2025-08-18,2025-08-04,,2025-08-04,65.63,0
true value company l l c,TX,44.0,107.0,layoff,layoff,,,2024-12-14,,2024-12-14,66.04,1
yellow freight el paso,TX,48.0,45.0,layoff,layoff,,,2023-07-28,,2023-07-28,65.64,0
fellers,OH,42.0,1.0,closure,closure,2025-08-27,,2025-10-24,,2025-10-24,65.59,0
velo3d,CA,33.0,29.0,layoff permanent,layoff,2024-10-09,2024-10-09,2024-12-08,,2024-12-08,65.63,0
block,WI,51.0,1.0,layoff,layoff,,2024-01-30,2024-03-30,,2024-03-30,65.64,0
vimo inc dba,FL,54.0,1.0,layoff,layoff,,2024-12-20,2025-02-19,2025-02-19,2025-02-19,65.62,0
agilent technologes,CA,33.0,2.0,layoff permanent,layoff,2023-11-14,2023-10-13,2023-12-15,,2023-12-15,65.63,0
mcr health,FL,62.0,7.0,layoff,layoff,,2024-11-08,2024-11-08,2024-12-13,2024-11-08,65.62,0
meta platforms,CA,51.0,4.0,layoff permanent,layoff,2023-05-08,2023-04-24,2023-06-23,,2023-06-23,65.63,0
leidos,MD,54.0,7.0,layoff,layoff,,2025-06-11,2025-08-05,,2025-08-05,65.68,0
alloy surfaces,PA,33.0,52.0,closure,closure,,,2025-08-30,2025-12-31,2025-08-30,65.67,0
child care associates ja hargrave,TX,62.0,19.0,layoff,layoff,,,2025-06-30,,2025-06-30,65.64,0
intuitive surgical,NC,33.0,72.0,closure,closure,2023-08-02,2023-08-02,2023-12-31,,2023-12-31,65.8,0
feeney brothers excavation,MA,23.0,76.0,layoff,layoff,2025-05-28,,2025-04-15,2025-05-16,2025-04-15,65.85,0
wwl vehicle services americas,MS,48.0,35.0,layoff,layoff,,2025-02-18,2025-04-15,,2025-04-15,65.58,0
takeda pharmaceuticals america inc dba takeda,MA,32.0,3.0,layoff,layoff,2026-01-15,,2026-01-14,,2026-01-14,65.63,0
block by block ca,CA,56.0,82.0,layoff permanent,layoff,2025-07-25,2025-07-24,2025-09-30,,2025-09-30,65.88,0
david margaret,CA,44.0,83.0,layoff permanent,layoff,2026-03-03,2026-02-26,2026-03-31,,2026-03-31,65.89,0
crothall healthcare,FL,56.0,28.0,layoff,layoff,,2024-12-20,2024-12-15,2024-12-31,2024-12-15,65.62,0
jeld wen,OR,33.0,128.0,closure,closure,,2025-05-01,,,2025-05-01,66.18,1
matheson postal services,CA,49.0,13.0,layoff permanent,layoff,2024-01-30,2023-12-01,2024-01-31,,2024-01-31,65.63,0
sunrun inc angus,CA,,22.0,layoff permanent,layoff,2023-10-17,2023-08-02,2023-10-02,,2023-10-02,65.63,0
kira government services,FL,54.0,61.0,layoff,layoff,,2024-12-02,2025-01-31,2025-01-31,2025-01-31,65.73,0
advance stores company incorporated and its subsidiary golden state supply,CA,44.0,10.0,closure permanent,closure,2024-11-15,2024-11-14,2025-03-06,,2025-03-06,65.63,0
applovin,CA,51.0,120.0,layoff permanent,layoff,2024-11-13,2024-11-13,2024-11-15,,2024-11-15,66.08,1
motorcar parts of america,CA,33.0,94.0,layoff permanent,layoff,2024-07-03,2024-06-27,2024-06-27,,2024-06-27,65.95,1
pennymac,CA,52.0,2.0,layoff permanent,layoff,2023-12-29,2023-11-15,2024-01-16,,2024-01-16,65.63,0
amazon mag5 facility,MD,45.0,118.0,closure,closure,,2026-01-28,2026-04-28,,2026-04-28,66.13,1
nordstrom credit,IL,52.0,7.0,layoff,layoff,2025-06-03,2025-06-03,2025-08-16,2025-08-16,2025-08-16,65.66,0
kaiser aluminum sherman,TX,33.0,75.0,layoff,layoff,,,2024-07-11,,2024-07-11,65.86,0
post consumer brands,MI,31.0,71.0,layoff,layoff,,,2026-01-08,,2026-01-08,65.73,0
dhl supply chain,CA,49.0,10.0,closure permanent,closure,2023-06-29,2023-06-01,2023-08-01,,2023-08-01,65.63,0
yelloh eveleth,MN,,1.0,layoff,layoff,2024-09-23,2024-09-23,2024-11-22,,2024-11-22,65.65,0
graphic packaging international,IN,32.0,70.0,closure,closure,,2023-05-24,2023-08-04,,2023-08-04,65.77,0
uptown vfw,MN,,1.0,layoff,layoff,,,2026-01-16,,2026-01-16,65.65,0
cedars sinai medical center,CA,23.0,124.0,layoff permanent,layoff,2023-05-02,2023-04-20,2023-05-05,,2023-05-05,66.1,1
insane impact,IA,54.0,90.0,closing,closure,,2025-11-10,2025-12-17,,2025-12-17,66.0,1
hmshost,FL,72.0,166.0,layoff,layoff,,2023-11-20,2024-01-28,2024-02-11,2024-01-28,66.25,1
nordstrom,WI,45.0,1.0,layoff,layoff,,2025-11-19,2026-03-01,,2026-03-01,65.64,0
cheles,MN,72.0,1.0,closure,closure,,,2023-08-01,,2023-08-01,65.65,0
campbell soup,NC,31.0,55.0,closure,closure,2023-07-17,2023-07-14,2023-12-01,,2023-12-01,65.66,0
tusimple,CA,54.0,1.0,layoff permanent,layoff,2024-07-12,2024-07-12,2024-09-10,,2024-09-10,65.63,0
ryder integrated logistics,AZ,48.0,58.0,layoff,layoff,,2025-07-22,,,2025-07-22,65.72,0
saks,CA,45.0,97.0,closure permanent,closure,2026-03-06,2026-03-06,2026-05-06,,2026-05-06,65.97,1
blue shield of california building b,CA,52.0,7.0,layoff permanent,layoff,2026-03-16,2026-03-13,2026-04-08,,2026-04-08,65.63,0
marshfield clinic health system,WI,62.0,19.0,layoff,layoff,,2023-01-30,2023-03-31,,2023-03-31,65.64,0
coursera,CA,61.0,61.0,layoff permanent,layoff,2024-11-06,2024-11-06,2024-01-06,,2024-01-06,65.73,0
medmen enterprises,CA,45.0,7.0,layoff permanent,layoff,2024-02-02,2024-01-30,2024-01-30,,2024-01-30,65.63,0
whele hr llc dba perch,MA,54.0,94.0,layoff,layoff,2024-03-04,,2024-05-06,2024-09-06,2024-05-06,65.96,1
sleep number,MD,44.0,24.0,layoff,layoff,,2023-10-30,2023-12-29,,2023-12-29,65.68,0
pace field services,NY,56.0,57.0,economic,other,,2025-02-06,2025-02-06,2025-02-06,2025-02-06,65.82,0
sacramento motorcars llc dba nissan of elk grove mazda of elk grove quick lube and elk grove cust,CA,,112.0,closure permanent,closure,2025-02-11,2025-02-04,2025-03-31,,2025-03-31,66.05,1
san diego imaging chula vista,CA,62.0,63.0,layoff permanent,layoff,2025-10-28,2025-10-23,2025-12-29,,2025-12-29,65.75,0
emanate health system,CA,62.0,22.0,layoff permanent,layoff,2024-10-10,2024-10-10,2024-12-09,,2024-12-09,65.63,0
azure acres treatment center 1160,CA,72.0,1.0,closure permanent,closure,2025-09-17,2025-09-16,2025-11-08,,2025-11-08,65.63,0
eclipse advantage llc at rite aid,CA,56.0,11.0,closure permanent,closure,2024-01-16,2023-12-04,2024-02-02,,2024-02-02,65.63,0
united states cellular,IA,51.0,11.0,amendment - change in date,amendment,,2025-06-11,2025-07-01,,2025-07-01,65.7,0
bering global solutions,DC,54.0,108.0,layoff,layoff,,2026-03-13,2026-03-31,,2026-03-31,65.96,1
intel corporation robert noyce building,CA,33.0,184.0,layoff permanent,layoff,2025-07-08,2025-07-07,2025-07-15,,2025-07-15,66.3,1
jewish community center and federation,FL,81.0,4.0,layoff,layoff,,2025-09-12,2025-10-24,2026-05-29,2025-10-24,65.62,0
kaiser foundation hospitals 91101,CA,62.0,1.0,layoff permanent,layoff,2025-04-23,2025-04-21,2025-04-21,,2025-04-21,65.63,0
thermofisher,UT,33.0,141.0,layoff,layoff,,2023-10-01,,,2023-10-01,66.2,1
mcdonald s restaurants of california,CA,72.0,66.0,layoff temporary,layoff,2025-04-08,2025-04-08,2025-06-09,,2025-06-09,65.77,0
forman mills,OH,44.0,98.0,layoff,layoff,2023-06-12,,2023-08-04,,2023-08-04,65.94,1
certified freight logistics,CA,48.0,4.0,closure permanent,closure,2023-09-21,2023-08-22,2023-10-21,,2023-10-21,65.63,0
gtm wholesale liquidators dba discount general store warehouse,CA,45.0,18.0,layoff permanent,layoff,2025-06-03,2025-05-23,2025-07-31,,2025-07-31,65.63,0
google,CA,51.0,20.0,layoff permanent,layoff,2023-01-24,2023-01-20,2023-03-31,,2023-03-31,65.63,0
cj logistics america,CA,49.0,71.0,layoff permanent,layoff,2026-02-27,2026-02-27,2026-04-30,,2026-04-30,65.81,0
horizon therapeutics usa,MD,62.0,22.0,layoff,layoff,,2026-03-09,2026-05-08,,2026-05-08,65.68,0
harland clarke,TX,51.0,130.0,layoff,layoff,,,2023-12-01,,2023-12-01,66.14,1
promises behavioral health,TX,62.0,58.0,layoff,layoff,,,2025-10-17,,2025-10-17,65.72,0
bio rad laboratories,CA,32.0,1.0,layoff permanent,layoff,2025-02-11,2025-02-10,2025-04-11,,2025-04-11,65.63,0
networking imaging solutions,IA,54.0,70.0,closing,closure,,2025-11-14,2025-12-18,,2025-12-18,65.87,0
sodexo inc and affiliates,MD,72.0,56.0,layoff,layoff,,2024-05-29,2024-06-30,,2024-06-30,65.74,0
janssen pharmaceuticals,CA,32.0,1.0,layoff permanent,layoff,2023-01-10,2023-01-09,2023-03-10,,2023-03-10,65.63,0
advanced auto parts 8169 houston,TX,44.0,8.0,layoff,layoff,,,2025-02-13,,2025-02-13,65.64,0
volta charging industries,GA,,2.0,permanent layoff / reduction in force,layoff,,,2024-06-01,,2024-06-01,65.71,0
yellow,OR,52.0,87.0,closure,closure,,2023-08-01,,,2023-08-01,69.0,1
center point inc 4001,CA,62.0,18.0,layoff permanent,layoff,2025-05-02,2025-04-28,2025-06-30,,2025-06-30,65.63,0
right at school llc cordelia hills elementary,CA,61.0,8.0,closure permanent,closure,2025-04-10,2025-04-09,2025-06-09,,2025-06-09,65.63,0
kaiser foundation hospitals 75,CA,62.0,1.0,layoff permanent,layoff,2025-10-07,2025-10-06,2025-09-17,,2025-09-17,65.63,0
foster farms,CA,31.0,9.0,closure permanent,closure,2025-01-28,2025-01-24,2025-05-09,,2025-05-09,65.63,0
johnson matthey medical device components llc phase 2,CA,33.0,38.0,closure permanent,closure,2023-05-25,2023-05-11,2023-09-01,,2023-09-01,65.63,0
parker hannifan hvac division,TX,,76.0,layoff,layoff,,,2023-12-02,,2023-12-02,65.86,0
macy s,CA,45.0,93.0,closure permanent,closure,2025-01-10,2025-01-09,2025-03-18,,2025-03-18,65.95,1
essendant,CA,42.0,146.0,layoff permanent,layoff,2025-09-04,2025-09-04,2025-12-31,,2025-12-31,66.18,1
student transportation of america,MO,,149.0,layoff,layoff,,2024-03-25,2024-05-29,,2024-05-29,66.16,1
collins aerospace,WI,33.0,100.0,closure,closure,,2023-05-22,2023-07-28,,2023-07-28,66.0,1
western digital technologies,CA,33.0,87.0,layoff permanent,layoff,2026-01-21,2026-01-20,2026-01-20,,2026-01-20,65.91,1
western idaho cabinets,ID,33.0,55.0,layoff,layoff,,2023-01-11,2023-01-31,,2023-01-31,65.71,0
genpact rw services,WI,54.0,54.0,layoff,layoff,,2025-01-09,2025-03-10,,2025-03-10,65.68,0
tattooed chef 6305,CA,31.0,97.0,closure permanent,closure,2023-08-03,2023-06-29,2023-08-28,,2023-08-28,65.97,1
visa,CA,52.0,10.0,layoff permanent,layoff,2024-11-21,2024-11-21,2025-01-21,,2025-01-21,65.63,0
pinterest,CA,51.0,49.0,layoff permanent,layoff,2023-02-15,2023-02-03,2023-02-03,,2023-02-03,65.63,0
rambo 1,TN,,135.0,unknown,other,2025-02-07,,2025-01-31,,2025-01-31,66.13,1
trilogy management services,MA,32.0,107.0,layoff,layoff,2024-11-04,,2024-12-31,,2024-12-31,66.02,1
partnerships to uplift communities los angeles,CA,,26.0,closure permanent,closure,2026-04-06,2026-04-03,2026-06-05,,2026-06-05,65.63,0
flexport,CA,48.0,99.0,layoff permanent,layoff,2024-02-05,2024-02-02,2024-02-02,,2024-02-02,65.98,1
evergreen recycling,CA,56.0,57.0,layoff permanent,layoff,2025-01-23,2025-01-22,2025-03-24,,2025-03-24,65.69,0
pitney bowes,MD,33.0,50.0,closure,closure,,2024-08-10,2024-10-08,,2024-10-08,65.68,0
rume medical group,NV,62.0,2.0,layoff,layoff,2023-02-22,2023-02-22,2023-02-26,,2023-02-26,65.68,0
cue health,CA,33.0,10.0,layoff permanent,layoff,2024-05-21,2024-05-20,2024-05-24,,2024-05-24,65.63,0
bill operations,CA,51.0,84.0,layoff permanent,layoff,2025-10-15,2025-10-15,2025-12-15,,2025-12-15,65.9,1
baxter healthcare,WI,32.0,32.0,closure,closure,,2024-06-28,2024-08-30,,2024-08-30,65.64,0
dovenmuehle mortgage,IL,52.0,212.0,layoff,layoff,2023-12-14,2023-12-14,2024-02-16,,2024-02-16,66.42,1
corteva agriscience,CA,11.0,3.0,layoff permanent,layoff,2025-10-21,2025-10-21,2026-01-02,,2026-01-02,65.63,0
touchpoint support services llc at ascension living st anne place,IL,,37.0,layoff,layoff,2025-09-12,2025-09-12,2025-10-01,2025-10-01,2025-10-01,65.66,0
herman s bakery deli,MN,31.0,5.0,closure,closure,,,2024-07-31,,2024-07-31,65.65,0
st vincent s school for boys,CA,,52.0,closure permanent,closure,2025-05-01,2025-04-30,2025-06-30,,2025-06-30,65.65,0
marvell semiconductor,CA,33.0,43.0,layoff permanent,layoff,2024-02-27,2024-01-24,2024-03-26,,2024-03-26,65.63,0
activision blizzard,CA,51.0,130.0,layoff permanent,layoff,2024-02-02,2024-01-25,2024-03-30,,2024-03-30,66.12,1
sharon regional medical center,PA,,149.0,closure,closure,,,2025-01-06,,2025-01-06,66.22,1
mayville engineering,WI,33.0,43.0,closure,closure,,2024-09-19,2024-11-16,,2024-11-16,65.64,0
freight handlers,AZ,48.0,77.0,layoff,layoff,,2025-08-20,,,2025-08-20,65.87,0
kaiser foundation hospitals,CA,62.0,4.0,layoff permanent,layoff,2025-07-29,2025-07-28,2025-07-28,,2025-07-28,65.63,0
heartland alliance health,IL,62.0,2.0,layoff,layoff,2023-10-28,2023-12-15,2023-11-26,,2023-11-26,65.66,0
tesla,CA,33.0,32.0,layoff permanent,layoff,2024-04-25,2024-04-22,2024-06-14,,2024-06-14,65.63,0
wheels up partners,CO,48.0,65.0,closure,closure,,2024-04-17,2024-06-16,2024-06-16,2024-06-16,65.75,0
the vons companies,CA,44.0,83.0,closure permanent,closure,2023-01-12,2023-01-10,2023-02-25,,2023-02-25,65.89,0
herbalife international of america,CA,31.0,21.0,layoff permanent,layoff,2024-04-23,2024-04-22,2024-05-31,,2024-05-31,65.63,0
yellow,CA,52.0,15.0,closure permanent,closure,2023-08-18,2023-08-01,2023-07-30,,2023-07-30,69.0,1
hypro,WI,33.0,24.0,closure,closure,,2025-06-17,2025-08-15,,2025-08-15,65.64,0
winn management group,NC,53.0,159.0,layoff,layoff,2024-07-29,2024-07-24,2024-09-30,,2024-09-30,66.22,1
global medical response,OH,62.0,74.0,layoff,layoff,2024-10-09,,2024-10-09,2024-11-08,2024-10-09,65.79,0
staples,NJ,45.0,124.0,layoff,layoff,,2024-08-16,,,2024-08-16,66.06,1
packers sanitation services,AL,56.0,74.0,layoff,layoff,,2023-05-22,2023-07-08,,2023-07-08,65.79,0
coopers chaska,MN,72.0,25.0,closure,closure,,,2024-03-02,,2024-03-02,65.65,0
center point inc 1600,CA,62.0,15.0,layoff permanent,layoff,2025-05-02,2025-04-28,2025-06-30,,2025-06-30,65.63,0
target,MD,45.0,51.0,closure,closure,,2023-03-14,2023-05-13,,2023-05-13,65.69,0
artha wellness weho,CA,71.0,40.0,closure permanent,closure,2024-06-20,2024-06-20,2024-06-30,,2024-06-30,65.63,0
dradura usa,NC,33.0,119.0,layoff,layoff,2024-10-31,2024-10-31,2025-08-31,,2025-08-31,66.07,1
crown cork seal usa,MS,33.0,145.0,closure,closure,,2024-01-17,2024-02-12,,2024-02-12,66.13,1
wix com,CA,51.0,27.0,layoff permanent,layoff,2023-02-23,2023-02-15,2023-04-16,,2023-04-16,65.63,0
notrax usa,IL,32.0,63.0,closing,closure,2024-07-26,2024-07-26,2024-07-25,2024-09-23,2024-07-25,65.78,0
advance stores company incorporated and its subsidiary golden state supply,CA,44.0,10.0,closure permanent,closure,2024-11-15,2024-11-14,2025-03-07,,2025-03-07,65.63,0
amazon maf5,CA,45.0,190.0,closure permanent,closure,2026-01-28,2026-01-28,2026-04-28,,2026-04-28,66.32,1
bella bridesmaids,MN,44.0,1.0,closure,closure,,,2023-06-01,,2023-06-01,65.65,0
cvs,RI,44.0,48.0,layoff,layoff,2025-02-06,2025-02-04,2025-06-07,,2025-06-07,66.73,1
pepsico,PA,31.0,127.0,closure,closure,,,2024-12-28,,2024-12-28,66.14,1
goodfellaz pizza,WI,72.0,5.0,closure,closure,,2023-11-14,2023-10-09,,2023-10-09,65.64,0
block,CO,51.0,61.0,layoff,layoff,,2026-02-26,2026-04-28,2026-04-28,2026-04-28,65.72,0
communify jardin de suenos,CA,62.0,6.0,layoff permanent,layoff,2025-11-03,2025-11-03,2026-01-02,,2026-01-02,65.63,0
misfits market technologies inc fullfillment center,TX,45.0,121.0,layoff,layoff,,,2023-04-08,,2023-04-08,66.11,1
bcs automotive interface solutions u s,WI,33.0,10.0,closure,closure,,2023-04-05,2023-04-14,,2023-04-14,65.64,0
stachs,CA,54.0,34.0,layoff permanent,layoff,2024-10-22,2024-10-16,2024-12-31,,2024-12-31,65.63,0
berkley medical resources,PA,,48.0,closure,closure,,,2024-11-27,2024-12-31,2024-11-27,66.85,1
advance stores company incorporated and its subsidiary golden state supply,CA,44.0,8.0,closure permanent,closure,2024-11-15,2024-11-14,2025-03-05,,2025-03-05,65.63,0
chemical products,GA,32.0,121.0,closure,closure,,,2024-06-22,,2024-06-22,66.17,1
united facilities,IL,51.0,62.0,layoff,layoff,2025-04-14,2025-04-14,2025-06-16,2025-09-30,2025-06-16,65.77,0
red bull north america,CA,31.0,38.0,layoff permanent,layoff,2024-11-14,2024-11-14,2025-02-14,,2025-02-14,65.63,0
bandier texas,TX,44.0,9.0,layoff,layoff,,,2023-11-22,,2023-11-22,65.64,0
aura management,CA,55.0,13.0,closure permanent,closure,2024-04-18,2024-04-18,2024-06-13,,2024-06-13,65.63,0
paperworks,NC,,74.0,closure,closure,2024-01-04,2024-01-04,2024-03-31,,2024-03-31,65.82,0
marathon staff solutions inc w sacramento,CA,56.0,62.0,layoff permanent,layoff,2025-08-06,2025-08-05,2025-10-07,,2025-10-07,65.74,0
kaiser foundation hospitals,CA,62.0,33.0,layoff permanent,layoff,2024-05-01,2024-04-22,2024-06-21,,2024-06-21,65.63,0
logrhythm inc dba exabeam,CA,51.0,39.0,layoff permanent,layoff,2025-02-10,2025-02-04,2025-02-04,,2025-02-04,65.63,0
cepheid,CA,32.0,1.0,layoff permanent,layoff,2023-04-25,2023-04-11,2023-06-20,,2023-06-20,65.63,0
pirch,CA,44.0,6.0,layoff permanent,layoff,2024-04-30,2024-04-04,2024-04-04,,2024-04-04,65.63,0
red lobster bloomington,MN,72.0,1.0,closure,closure,,,2024-05-01,,2024-05-01,65.65,0
excalibur pizza llc dba round table pizza,CA,72.0,4.0,layoff permanent,layoff,2024-02-20,2024-02-15,2024-04-19,,2024-04-19,65.63,0
grand lux café,TX,72.0,83.0,layoff,layoff,,,2026-01-24,,2026-01-24,65.91,1
california communications access foundation,CA,54.0,10.0,layoff permanent,layoff,2024-05-08,2024-04-29,2024-07-01,,2024-07-01,65.63,0
puris proteins,WI,33.0,48.0,layoff,layoff,,2023-05-25,2023-06-02,,2023-06-02,65.64,0
institue of international education,DC,61.0,46.0,layoff,layoff,,2025-09-10,,,2025-09-10,65.56,0
nordstrom credit,IL,52.0,4.0,layoff,layoff,2025-06-03,2025-07-29,2025-08-16,2026-04-30,2025-08-16,65.66,0
azoteas mex la,CA,45.0,48.0,closure permanent,closure,2025-08-04,2025-08-01,2025-10-06,,2025-10-06,65.63,0
collins aerospace,IA,33.0,102.0,mass layoff,mass_layoff,,2025-06-12,2025-07-18,,2025-07-18,66.07,1
sonoco products,TN,32.0,62.0,unknown,other,2024-01-30,,2025-01-31,,2025-01-31,65.72,0
primo brands,CA,,4.0,layoff permanent,layoff,2025-07-18,2025-07-18,2025-09-16,,2025-09-16,65.63,0
heritage operations group,IL,62.0,69.0,mass layoff,mass_layoff,2023-02-24,2023-02-24,2023-04-30,2023-06-01,2023-04-30,65.83,0
crothall healthcare,FL,56.0,15.0,layoff,layoff,,2024-12-26,2025-01-13,2025-01-13,2025-01-13,65.62,0
legacy supply chain service ii legacy,SC,49.0,47.0,closure,closure,,2023-08-28,2023-10-29,,2023-10-29,65.61,0
healthhelp,MO,62.0,1.0,closure,closure,,2023-01-24,2023-03-24,,2023-03-24,67.0,1
maplebear inc dba instacart,CA,45.0,105.0,layoff permanent,layoff,2024-02-14,2024-02-13,2024-02-16,,2024-02-16,66.01,1
spyhouse coffee,MN,72.0,1.0,layoff,layoff,,,2026-01-20,,2026-01-20,65.65,0
advance stores company incorporated and its subsidiary golden state supply,CA,44.0,14.0,closure permanent,closure,2024-11-15,2024-11-14,2025-03-10,,2025-03-10,65.63,0
packers sanitation services inc pssi friona,TX,56.0,103.0,layoff,layoff,,,2024-01-11,,2024-01-11,66.02,1
interfor,SC,32.0,88.0,layoff,layoff,,2024-08-19,2024-08-19,2024-09-20,2024-08-19,65.91,1
cimpl s,SD,31.0,36.0,layoff,layoff,,2025-05-30,,,2025-05-30,65.44,0
center for antiracism research,MN,62.0,3.0,closure,closure,,,2025-05-30,,2025-05-30,65.65,0
packaging corporation of america pca,NC,32.0,108.0,closure,closure,2025-10-03,2025-10-03,2025-12-19,,2025-12-19,66.02,1
centerpoint health,OH,62.0,15.0,layoff,layoff,2024-01-18,,2024-01-20,,2024-01-20,65.59,0
wellmore energy company llc 1073 riverview street grundy va 24614,VA,21.0,28.0,layoff,layoff,,2025-07-07,2025-09-06,,2025-09-06,65.56,0
7 c s maintenance at trump tower chicago,IL,56.0,61.0,layoff,layoff,2024-03-06,2024-03-06,2024-05-07,,2024-05-07,65.77,0
specialized bicycle components inc 15130 concord circle morgan hill ca 95037,VA,,1.0,layoff,layoff,,2023-01-11,2023-01-13,,2023-01-13,65.56,0
novelis alr rolled products,WV,33.0,79.0,closure,closure,,2024-03-15,2024-06-13,,2024-06-13,65.72,0
bh security llc d b a brinks home,NC,56.0,1.0,layoff,layoff,2025-03-19,2025-03-18,2025-06-30,,2025-06-30,65.61,0
grupo antolin,TN,33.0,68.0,unknown,other,2023-05-30,,2023-05-19,,2023-05-19,65.77,0
pitney bowes,IL,33.0,73.0,closing,closure,2023-05-18,2023-05-18,2023-07-30,2023-08-13,2023-07-30,65.86,0
swedish match cigars,AL,31.0,54.0,layoff,layoff,,2026-04-01,2026-05-31,,2026-05-31,65.63,0
total storage solutions el monte stor it now,CA,,3.0,layoff permanent,layoff,2026-03-19,2026-03-12,2026-05-18,,2026-05-18,65.63,0
bristol myers squibb,CA,32.0,114.0,layoff permanent,layoff,2024-05-08,2024-04-29,2024-06-25,,2024-06-25,66.05,1
myovant sciences,CA,,94.0,layoff permanent,layoff,2023-04-21,2023-04-04,2023-06-30,,2023-06-30,65.95,1
the woods gift shop,MN,45.0,1.0,closure,closure,,,2026-01-09,,2026-01-09,65.65,0
david s bridal,IA,44.0,25.0,amendment,amendment,,2023-06-12,2023-08-20,,2023-08-20,65.7,0
rainberry,CA,,92.0,closure permanent,closure,2023-01-13,2023-01-13,2023-03-15,,2023-03-15,65.94,1
communify westgate center,CA,62.0,7.0,layoff permanent,layoff,2025-11-03,2025-11-03,2026-01-02,,2026-01-02,65.63,0
wedriveu dba kiessling transit,MA,48.0,124.0,layoff,layoff,2025-04-09,,2025-06-30,,2025-06-30,66.1,1
immunitybio,CA,54.0,4.0,layoff permanent,layoff,2024-09-26,2024-09-26,2024-11-25,,2024-11-25,65.63,0
leidos,MD,54.0,19.0,layoff,layoff,,2025-04-30,2025-06-30,,2025-06-30,65.68,0
omega healthcare,MO,62.0,2.0,layoff,layoff,,2024-08-05,2024-09-30,,2024-09-30,65.59,0
wellmore energy company llc paw paw 2 north 16721 hurley road hurley va 24614,VA,21.0,20.0,layoff,layoff,,2023-07-11,2023-09-10,,2023-09-10,65.56,0
exelixis,CA,54.0,74.0,layoff permanent,layoff,2025-09-02,2025-08-29,2025-08-29,,2025-08-29,65.83,0
northland college,WI,61.0,133.0,closure,closure,,2025-04-30,2025-05-31,,2025-05-31,66.15,1
chen tech industries,CA,33.0,98.0,layoff permanent,layoff,2026-04-14,2026-03-30,2026-04-02,,2026-04-02,65.98,1
orchid orthopedic solutions,CA,33.0,76.0,closure permanent,closure,2023-05-18,2023-05-02,2023-07-31,,2023-07-31,65.84,0
block,MO,51.0,67.0,layoff,layoff,,2025-03-27,2025-05-24,,2025-05-24,65.74,0
motional ad,CA,54.0,41.0,layoff permanent,layoff,2024-05-10,2024-05-07,2024-07-06,,2024-07-06,65.63,0
microsoft,CA,,41.0,layoff permanent,layoff,2023-02-08,2023-01-18,2023-03-20,,2023-03-20,65.63,0
gdi integrated facility services,KY,56.0,40.0,layoff,layoff,2024-01-08,,2024-01-08,,2024-01-08,65.61,0
topanga social manager llc topanga social food hall,CA,72.0,131.0,closure permanent,closure,2026-02-17,2026-02-13,2026-04-14,,2026-04-14,66.13,1
macy s,CA,45.0,98.0,closure permanent,closure,2025-01-10,2025-01-09,2025-03-18,,2025-03-18,65.98,1
carbon health,CA,62.0,2.0,layoff permanent,layoff,2023-10-18,2023-08-10,2023-10-09,,2023-10-09,65.63,0
simplyioa,CT,52.0,66.0,closure,closure,2025-10-07,2025-10-03,2025-12-02,,2025-12-02,65.77,0
newell brands distribution,CA,49.0,48.0,closure permanent,closure,2023-11-03,2023-10-03,2024-01-31,,2024-01-31,65.63,0
adventist health simi valley,CA,62.0,12.0,layoff permanent,layoff,2024-12-06,2024-12-06,2024-12-06,,2024-12-06,65.63,0
misfits markets,OR,45.0,64.0,closure,closure,,2024-10-30,,,2024-10-30,65.81,0
terzo enterprises incorporated,CA,,58.0,closure permanent,closure,2025-12-09,2025-12-01,2026-01-30,,2026-01-30,65.7,0
gxo logistics supply chain,OH,49.0,102.0,closure,closure,2026-03-03,,2026-05-02,,2026-05-02,65.96,1
woodward west,CA,71.0,24.0,closure permanent,closure,2025-09-10,2025-09-03,2025-11-03,,2025-11-03,65.63,0
amentum,NC,56.0,92.0,closure,closure,2023-12-14,2023-12-14,2024-02-03,,2024-02-03,65.93,1
eisai,NJ,32.0,91.0,layoff,layoff,,2023-04-30,,,2023-04-30,65.9,1
charles schwab,NJ,52.0,109.0,layoff,layoff,,2024-02-05,,,2024-02-05,65.99,1
texas scenic,CA,54.0,23.0,closure permanent,closure,2024-08-02,2024-07-25,2024-09-30,,2024-09-30,65.63,0
thermo fisher scientific,MA,33.0,160.0,layoff,layoff,2024-11-07,,2025-01-06,2026-11-06,2025-01-06,66.23,1
district photo,MD,33.0,64.0,layoff,layoff,,2024-02-14,2024-04-14,,2024-04-14,65.81,0
nidec motor corporation dba control,FL,33.0,76.0,layoff,layoff,,2024-11-07,2025-01-07,2025-03-13,2025-01-07,65.84,0
devine holdings,AZ,,6.0,layoff,layoff,,2024-05-02,,,2024-05-02,65.65,0
amazon remote workers,NJ,45.0,36.0,layoff,layoff,,2023-07-25,,,2023-07-25,65.58,0
ups athens facility,TN,,150.0,unknown,other,2025-02-05,,2025-01-10,,2025-01-10,66.18,1
lance camper mfg,CA,33.0,123.0,layoff permanent,layoff,2024-01-03,2023-11-20,2024-01-22,,2024-01-22,66.09,1
the boeing,CA,33.0,1.0,layoff permanent,layoff,2023-12-27,2023-11-08,2024-01-19,,2024-01-19,65.63,0
jeniusbank smbc manubank,OH,52.0,2.0,closure,closure,2026-01-08,,2026-03-10,,2026-03-10,65.59,0
jason pharmaceuticals,MD,32.0,62.0,closure,closure,,2024-05-09,2024-07-31,,2024-07-31,65.79,0
aspiration,MO,52.0,4.0,layoff,layoff,,2023-03-31,2023-05-26,,2023-05-26,65.59,0
metro decor,OH,42.0,80.0,layoff,layoff,2024-02-13,,2024-02-29,2024-03-31,2024-02-29,65.83,0
google,CA,51.0,41.0,layoff permanent,layoff,2023-10-30,2023-09-13,2023-11-25,,2023-11-25,65.63,0
saddle creek,TN,,88.0,unknown,other,2025-05-28,,2025-07-31,,2025-07-31,65.9,1
transit management of ada county,ID,,111.0,layoff,layoff,,2025-07-31,2025-09-30,,2025-09-30,66.07,1
management training corp dba atterbury job corp center,IN,61.0,204.0,layoff,layoff,,2024-11-13,2024-11-30,,2024-11-30,66.33,1
walmart,CA,,87.0,closure permanent,closure,2025-09-08,2025-09-04,2025-12-12,,2025-12-12,65.91,1
packers sanitation services inc s pssi,CO,,175.0,loss of contract,other,,2024-02-27,2024-04-18,2024-04-18,2024-04-18,66.27,1
packers sanitation service,IA,56.0,125.0,mass layoff,mass_layoff,,2023-06-27,2023-08-15,,2023-08-15,66.17,1
alliance healthcare system,MS,62.0,100.0,layoff,layoff,,2023-03-23,2023-03-27,,2023-03-27,65.94,1
cygnus home services llc d b a yelloh,IA,45.0,16.0,mass layoff,mass_layoff,,2024-05-28,2024-07-27,,2024-07-27,65.7,0
matheson postal services,UT,49.0,42.0,layoff,layoff,,2023-06-30,,,2023-06-30,65.66,0
aspiration,NV,52.0,27.0,layoff,layoff,2023-05-24,2023-05-24,2023-06-30,,2023-06-30,65.68,0
packers sanitation services,WV,56.0,88.0,layoff,layoff,,2024-04-23,2024-05-10,,2024-05-10,65.78,0
fast ride moto,CA,44.0,1.0,layoff permanent,layoff,2025-01-21,2025-01-16,2025-01-16,,2025-01-16,65.63,0
pbs west,OR,,50.0,layoff,layoff,,2023-07-07,,,2023-07-07,65.69,0
yanwa,NY,,74.0,insurance cancelation,other,,2024-11-27,2024-11-27,2024-11-27,2024-11-27,65.96,1
amentum,MD,56.0,9.0,layoff,layoff,,2026-03-09,2026-05-03,,2026-05-03,65.68,0
emanate health system,CA,62.0,11.0,layoff permanent,layoff,2024-10-10,2024-10-10,2024-12-09,,2024-12-09,65.63,0
centerra group,CA,62.0,6.0,layoff permanent,layoff,2023-11-08,2023-08-10,2023-09-30,,2023-09-30,65.63,0
marshfield clinic health system,WI,62.0,26.0,layoff,layoff,,2023-01-30,2023-03-31,,2023-03-31,65.64,0
abl space systems,CA,33.0,53.0,layoff permanent,layoff,2024-11-19,2024-11-15,2025-01-15,,2025-01-15,65.66,0
omnicare,MA,62.0,53.0,layoff,layoff,2023-11-02,,2024-01-07,,2024-01-07,65.66,0
beyond hello ca,CA,45.0,2.0,closure permanent,closure,2023-09-13,2023-08-04,2023-09-08,,2023-09-08,65.63,0
twelve oaks foundation dba twelve oaks senior living,CA,62.0,20.0,layoff permanent,layoff,2024-09-23,2024-09-20,2024-11-25,,2024-11-25,65.63,0
cruise,CA,33.0,1.0,layoff permanent,layoff,2025-06-02,2025-05-30,2025-05-30,,2025-05-30,65.63,0
sensata technologies,CA,,57.0,closure permanent,closure,2025-01-30,2025-01-30,2025-03-31,,2025-03-31,65.69,0
re2 llc sarcos,PA,,73.0,closure,closure,,,2024-01-16,,2024-01-16,65.85,0
southwest key programs houston headquarters,TX,62.0,10.0,layoff,layoff,,,2025-11-05,,2025-11-05,65.64,0
abm industy groups,NV,56.0,84.0,layoff,layoff,2024-01-18,2024-01-18,2024-03-18,,2024-03-18,65.95,1
wwl vehicle services americas,GA,48.0,65.0,permanent layoff / reduction in force,layoff,,,2026-04-10,,2026-04-10,65.84,0
arrow ace shakopee,MN,44.0,10.0,closure,closure,,,2024-12-31,,2024-12-31,65.65,0
eaton bussman,MO,33.0,57.0,layoff,layoff,,2025-01-27,2025-04-30,2025-06-30,2025-04-30,65.66,0
hunt sons,CA,,1.0,layoff permanent,layoff,2024-10-31,2024-10-29,2025-01-01,,2025-01-01,65.63,0
naeve family beef,IA,,46.0,mass layoff,mass_layoff,,2023-08-16,2023-08-16,,2023-08-16,65.7,0
dav force,SC,62.0,76.0,layoff,layoff,,2025-05-21,2025-08-01,2025-10-01,2025-08-01,65.83,0
tusimple,CA,54.0,6.0,layoff permanent,layoff,2024-03-18,2024-03-15,2024-03-15,,2024-03-15,65.63,0
huntington ingall industries hii mission technologies,VA,52.0,74.0,layoff,layoff,,2026-02-17,2026-04-17,,2026-04-17,65.76,0
nosco,TX,32.0,51.0,layoff,layoff,,,2024-06-02,,2024-06-02,65.66,0
blst operating,GA,,160.0,permanent layoff / reduction in force,layoff,,,2025-08-22,,2025-08-22,66.31,1
american institutes of research air,MD,54.0,34.0,layoff,layoff,,2025-03-10,2025-05-09,,2025-05-09,65.68,0
block,MO,51.0,32.0,layoff,layoff,,2024-01-30,2024-03-30,,2024-03-30,65.59,0
catholic charities archdiocese of galveston houston smith street,TX,62.0,43.0,layoff,layoff,,,2025-02-07,,2025-02-07,65.64,0
packers sanitation services,CA,56.0,143.0,closure permanent,closure,2023-01-20,2023-01-18,2023-02-19,,2023-02-19,66.17,1
yellow corporation west chester,OH,48.0,150.0,layoff,layoff,2023-03-16,,2023-05-28,2023-06-10,2023-05-28,66.16,1
shoppers food warehouse,MD,44.0,22.0,closure,closure,,2025-11-14,2025-11-08,,2025-11-08,65.68,0
six flags entertainment,CA,71.0,184.0,layoff permanent,layoff,2025-09-04,2025-09-03,2025-11-02,,2025-11-02,66.3,1
triple canopy,CA,32.0,1.0,layoff permanent,layoff,2024-04-22,2024-03-27,2024-05-31,,2024-05-31,65.63,0
aludyne,GA,33.0,193.0,permanent layoff / reduction in force,layoff,,,2024-06-30,,2024-06-30,66.41,1
texana center aqua vista group,TX,62.0,4.0,layoff,layoff,,,2025-05-21,,2025-05-21,65.64,0
cornerstone building brands,CA,33.0,128.0,layoff permanent,layoff,2023-02-23,2023-02-14,2023-04-17,,2023-04-17,66.11,1
city national bank,CA,52.0,34.0,layoff permanent,layoff,2023-10-23,2023-09-13,2023-11-15,,2023-11-15,65.63,0
wellmore energy company llc paw paw 2 south 3113 old rock lick road big rock va 24603,VA,21.0,39.0,layoff,layoff,,2023-07-11,2023-09-10,,2023-09-10,65.56,0
la fitness uptown,MN,71.0,1.0,closure,closure,,,2025-08-20,,2025-08-20,65.65,0
kaiser foundation hospitals roseville,CA,62.0,1.0,layoff permanent,layoff,2025-06-03,2025-06-02,2025-06-02,,2025-06-02,65.63,0
la terraza in mankato,MN,72.0,1.0,closure,closure,,,2023-09-01,,2023-09-01,65.65,0
railcrew xpress rcx,NC,,2.0,closure,closure,2025-12-22,2025-12-22,2026-02-27,,2026-02-27,65.61,0
fsc edge,NE,54.0,206.0,layoff,layoff,,2023-11-30,,,2023-11-30,66.34,1
plenty unlimited,CA,11.0,48.0,closure permanent,closure,2024-12-17,2024-12-16,2025-02-14,,2025-02-14,65.63,0
fluresh,MI,31.0,15.0,closure,closure,,,2026-01-28,,2026-01-28,65.55,0
illumina,CA,54.0,14.0,layoff permanent,layoff,2023-07-13,2023-06-21,2023-07-21,,2023-07-21,65.63,0
christmas tree shops location 10,NJ,45.0,58.0,layoff,layoff,,2023-07-07,,,2023-07-07,65.66,0
jack link s,IA,31.0,46.0,mass layoff,mass_layoff,,2023-09-07,2023-09-07,,2023-09-07,65.7,0
sentinel transportation,CA,,2.0,layoff permanent,layoff,2026-03-30,2026-03-30,2026-05-31,,2026-05-31,65.63,0
scripps memorial hospital la jolla,CA,62.0,1.0,layoff permanent,layoff,2023-03-09,2023-03-08,2023-05-08,,2023-05-08,65.63,0
john deere intelligent solutions,IA,54.0,1.0,amendment,amendment,,2024-06-07,2024-06-07,,2024-06-07,65.7,0
yellow trucking yrc freight teamsters local 29 53 expo road fishersville va 22939,VA,48.0,24.0,closure,closure,,2023-07-30,2023-07-30,,2023-07-30,65.56,0
renewed hope home care,WI,62.0,50.0,closure,closure,,2025-08-04,2025-11-30,,2025-11-30,65.64,0
humboldt wellness and rehabilitation,IA,62.0,30.0,closing,closure,,2023-02-07,2023-03-15,,2023-03-15,65.7,0
google,CA,51.0,6.0,layoff permanent,layoff,2023-01-23,2023-01-20,2023-03-31,,2023-03-31,65.63,0
coopervision,CA,33.0,6.0,closure permanent,closure,2025-08-25,2025-08-22,2025-10-31,,2025-10-31,65.63,0
meta platforms,CA,51.0,40.0,layoff permanent,layoff,2023-06-26,2023-05-29,2023-07-28,,2023-07-28,65.63,0
99 cents only store llc westheimer 1,TX,45.0,20.0,layoff,layoff,,,2024-06-03,,2024-06-03,65.64,0
allied tube and conduit,AZ,33.0,205.0,layoff,layoff,,2025-11-05,,,2025-11-05,66.38,1
acrt pacific,CA,54.0,24.0,layoff permanent,layoff,2024-01-22,2023-12-01,2024-01-31,,2024-01-31,65.63,0
bristol myers squibb,NJ,32.0,117.0,layoff,layoff,,2024-10-01,,,2024-10-01,66.03,1
quallion,CA,,115.0,closure permanent,closure,2023-04-07,2023-03-30,2023-05-31,,2023-05-31,66.06,1
bareweb,NJ,,87.0,layoff,layoff,,2023-04-28,,,2023-04-28,65.87,0
railcrew xpress rcx,VA,,26.0,closure,closure,,2025-12-22,2026-02-27,,2026-02-27,65.56,0
csl behring,IL,32.0,65.0,layoff,layoff,2024-04-05,2024-04-05,2024-05-21,,2024-05-21,65.8,0
h4 logistics,WI,48.0,41.0,closure,closure,,2026-01-21,2026-03-23,,2026-03-23,65.64,0
saks fifth avenue,PA,45.0,50.0,closure,closure,,,2026-04-11,,2026-04-11,65.65,0
twist bioscience,CA,54.0,5.0,layoff permanent,layoff,2023-06-14,2023-05-04,2023-07-03,,2023-07-03,65.63,0
kitayama brothers,CA,11.0,56.0,closure permanent,closure,2023-11-20,2023-10-23,2023-12-23,,2023-12-23,65.68,0
hyperloop technologies inc dba hyperloop one,CA,48.0,15.0,layoff permanent,layoff,2023-05-18,2023-05-02,2023-07-01,,2023-07-01,65.63,0
nordstrom,AZ,45.0,2.0,layoff,layoff,,2025-11-20,,,2025-11-20,65.65,0
louis vuitton usa,MD,44.0,7.0,closure,closure,,2024-11-07,2025-01-06,,2025-01-06,65.68,0
wescom financial,CA,52.0,1.0,layoff permanent,layoff,2026-02-19,2026-02-19,2026-04-21,,2026-04-21,65.63,0
wildbrine,CA,31.0,4.0,closure permanent,closure,2025-07-31,2025-07-31,2025-10-01,,2025-10-01,65.63,0
advance stores company incorporated and its subsidiary golden state supply,CA,44.0,7.0,closure permanent,closure,2024-11-15,2024-11-14,2025-03-08,,2025-03-08,65.63,0
ferrara candy company 2400,CA,31.0,17.0,layoff permanent,layoff,2026-02-23,2026-02-21,2026-06-01,,2026-06-01,65.63,0
xto energy inc teague 2,TX,,11.0,layoff,layoff,,,2023-12-20,,2023-12-20,65.64,0
astemo americas,GA,33.0,60.0,closure,closure,,,2026-04-03,,2026-04-03,65.8,0
sodexo sdh services east,MA,72.0,139.0,layoff,layoff,2024-10-15,,2024-12-31,,2024-12-31,66.16,1
kaiser foundation hospitals canyon,CA,62.0,8.0,layoff permanent,layoff,2023-12-13,2023-11-06,2024-01-04,,2024-01-04,65.63,0
primo brands,CA,,7.0,closure permanent,closure,2025-04-18,2025-04-18,2025-06-17,,2025-06-17,65.63,0
illumina,CA,54.0,1.0,layoff permanent,layoff,2023-09-14,2023-08-07,2023-09-06,,2023-09-06,65.63,0
elk run coal,WV,21.0,66.0,layoff,layoff,,2024-10-17,2024-12-06,,2024-12-06,65.63,0
mcminnville manufacturing,TN,33.0,45.0,unknown,other,2024-04-25,,2024-04-18,,2024-04-18,65.61,0
participant media,CA,,107.0,closure permanent,closure,2024-04-17,2024-04-16,2024-05-07,,2024-05-07,66.02,1
s c,MA,,63.0,layoff,layoff,2025-07-02,,2025-06-15,,2025-06-15,65.75,0
colosseum athletics,CA,31.0,35.0,layoff permanent,layoff,2025-05-09,2025-05-09,2025-07-09,,2025-07-09,65.63,0
microtech southwest inc westfall technik,AZ,,60.0,layoff,layoff,,2023-02-23,,,2023-02-23,65.74,0
united surface solutions,GA,62.0,112.0,closure,closure,,,2025-10-12,,2025-10-12,66.13,1
saks fifth avenue,AL,45.0,44.0,closure,closure,,2026-02-10,2026-04-11,,2026-04-11,65.59,0
battelle memorial institute e3,KY,54.0,5.0,closure,closure,2026-03-05,,2026-05-06,,2026-05-06,65.61,0
2024 democratic national convention committee,IL,92.0,75.0,layoff,layoff,2024-07-09,2024-07-09,2024-09-06,,2024-09-06,65.87,0
google us san wbd16618,CA,51.0,1.0,layoff permanent,layoff,2023-01-30,2023-01-20,2023-03-31,,2023-03-31,65.63,0
peerstreet,SC,52.0,2.0,layoff,layoff,,2023-02-15,2023-04-16,,2023-04-16,65.61,0
bank of the west bmo bank,AZ,52.0,112.0,layoff,layoff,,2023-09-19,,,2023-09-19,66.07,1
unity technologies,CA,51.0,53.0,layoff permanent,layoff,2023-01-17,2023-01-17,2023-03-17,,2023-03-17,65.66,0
janssen research development,CA,32.0,55.0,closure permanent,closure,2024-02-23,2024-02-23,2024-04-26,,2024-04-26,65.67,0
lockheed martin rotary mission systems business area,KY,33.0,64.0,closure,closure,2025-05-02,,2025-06-30,,2025-06-30,65.74,0
essendant,FL,42.0,47.0,layoff,layoff,,2023-11-28,2024-01-31,2024-01-31,2024-01-31,65.62,0
american freight coon rapids,MN,44.0,4.0,closure,closure,,,2024-11-22,,2024-11-22,65.65,0
city national bank,CA,52.0,1.0,layoff permanent,layoff,2024-11-05,2024-11-05,2025-01-03,,2025-01-03,65.63,0
boxdrop duluth,MN,44.0,1.0,closure,closure,,,2025-06-30,,2025-06-30,65.65,0
transform km llc dba kmart store,NJ,,27.0,layoff,layoff,,2023-10-29,,,2023-10-29,65.58,0
fortrex,MN,,72.0,layoff,layoff,2025-04-09,2025-04-09,2025-05-03,,2025-05-03,65.84,0
aurora solar,CA,54.0,115.0,layoff permanent,layoff,2024-02-13,2024-02-12,2024-01-31,,2024-01-31,66.06,1
boeing,FL,33.0,1.0,layoff,layoff,,2024-11-18,2025-01-17,2025-01-17,2025-01-17,65.62,0
the good clinic metro area,MN,62.0,1.0,closure,closure,,,2023-02-23,,2023-02-23,65.65,0
lumentum operations,CA,33.0,66.0,layoff permanent,layoff,2024-03-06,2024-03-06,2024-05-06,,2024-05-06,65.77,0
adecco usa,MD,56.0,45.0,layoff,layoff,,2024-03-11,2024-05-10,,2024-05-10,65.68,0
strauss brands logistics,WI,31.0,127.0,layoff,layoff,,2023-10-11,2023-12-10,,2023-12-10,66.12,1
yanfeng,MI,,192.0,layoff,layoff,,,2026-01-05,,2026-01-05,66.25,1
children s place services,NJ,45.0,138.0,layoff,layoff,,2023-07-14,,,2023-07-14,66.11,1
civil llc pikeville engineer office,KY,23.0,4.0,closure,closure,2025-06-05,,2025-08-02,,2025-08-02,65.61,0
radial,WI,,57.0,layoff,layoff,,2024-07-30,2024-09-30,,2024-09-30,65.7,0
total storage solutions all size self storage,CA,,3.0,layoff permanent,layoff,2026-03-19,2026-03-12,2026-05-18,,2026-05-18,65.63,0
amentum,CO,56.0,19.0,closure,closure,,2023-05-26,2023-07-27,2023-07-28,2023-07-27,65.62,0
wellspace health,CA,62.0,2.0,layoff permanent,layoff,2024-05-15,2024-04-25,2024-06-30,,2024-06-30,65.63,0
v2x nasa armstrong flight research center ms 1714,CA,48.0,62.0,closure permanent,closure,2026-02-02,2026-01-30,2026-03-01,,2026-03-01,65.74,0
xylem services usa,MA,,84.0,layoff,layoff,2024-09-30,,2024-12-02,2025-09-30,2024-12-02,65.9,1
multi color,OH,,56.0,layoff,layoff,2023-06-02,,2023-07-31,,2023-07-31,65.65,0
gannett publishing,RI,51.0,136.0,closure,closure,2024-11-12,2024-11-12,2025-03-10,,2025-03-10,66.05,1
fabfitfun fulfillment center,CA,49.0,63.0,layoff permanent,layoff,2023-07-13,2023-06-19,2023-08-19,,2023-08-19,65.75,0
99 cents only store llc el paso,TX,45.0,20.0,layoff,layoff,,,2024-06-03,,2024-06-03,65.64,0
memorialcare long beach medical center and miller children s and women s hospital,CA,62.0,58.0,layoff permanent,layoff,2025-06-16,2025-06-16,2025-06-16,,2025-06-16,65.7,0
cue health,CA,33.0,11.0,layoff permanent,layoff,2024-05-21,2024-05-20,2024-05-24,,2024-05-24,65.63,0
cooks venture poultry,OK,,48.0,closure,closure,,2023-11-17,,,2023-11-17,66.78,1
hyperloop technologies inc dba hyperloop one,CA,48.0,3.0,layoff permanent,layoff,2023-08-09,2023-07-06,2023-06-30,,2023-06-30,65.63,0
steward health care system hillside rehabilitation hospital,OH,62.0,168.0,layoff,layoff,2024-08-22,,2024-10-20,,2024-10-20,66.22,1
carbon health,CA,62.0,2.0,layoff permanent,layoff,2023-10-18,2023-08-10,2023-10-09,,2023-10-09,65.63,0
greenbrier companies,OR,33.0,101.0,layoff,layoff,,2023-01-25,,,2023-01-25,66.05,1
hollingsworth,TN,48.0,46.0,unknown,other,2024-11-26,,2025-02-28,,2025-02-28,66.0,1
marsden services,AZ,56.0,85.0,layoff,layoff,,2026-04-15,,,2026-04-15,65.92,1
coherent,NJ,33.0,16.0,layoff,layoff,,2024-08-20,,,2024-08-20,65.58,0
sutro biopharma,CA,54.0,3.0,layoff permanent,layoff,2025-03-13,2025-03-13,2025-08-01,,2025-08-01,65.63,0
david s bridal,CA,44.0,34.0,layoff permanent,layoff,2023-06-30,2023-04-25,2023-09-02,,2023-09-02,65.63,0
wellmore energy company llc elk creek,KY,21.0,58.0,layoff,layoff,2023-07-20,,2023-09-10,,2023-09-10,65.69,0
peer street,NC,52.0,42.0,layoff,layoff,2023-02-15,2023-02-15,2023-04-16,,2023-04-16,65.61,0
kaiser foundation hospitals,CA,62.0,1.0,layoff permanent,layoff,2025-02-25,2025-02-24,2025-04-25,,2025-04-25,65.63,0
kaiser foundation hospitals pasadena,CA,62.0,22.0,layoff permanent,layoff,2023-12-12,2023-11-06,2024-01-04,,2024-01-04,65.63,0
summit delivery solutions,MA,,101.0,layoff,layoff,2025-03-20,,2025-03-31,,2025-03-31,65.99,1
vrc engineered solutions,IL,,111.0,closing,closure,2023-10-23,2023-10-23,2023-10-23,,2023-10-23,66.08,1
jabil,CA,33.0,156.0,closure temporary,closure,2024-09-23,2024-09-23,2024-12-23,,2024-12-23,66.22,1
endries international,IL,48.0,16.0,layoff,layoff,2025-05-29,2025-05-29,2025-07-31,2025-07-31,2025-07-31,66.0,1
warehouse specialist,OK,,48.0,closure,closure,,2024-01-10,,,2024-01-10,66.78,1
centerra group,NV,62.0,73.0,closure,closure,2023-08-11,2023-08-11,2023-09-30,,2023-09-30,65.88,0
levy premium foodservice limited partnership at the rose bowl,CA,72.0,83.0,layoff temporary,layoff,2024-02-02,2024-01-23,2024-03-28,,2024-03-28,65.89,0
formfactor,CA,33.0,113.0,closure permanent,closure,2026-01-06,2026-01-06,2026-01-30,,2026-01-30,66.05,1
kaiser foundation hospitals,CA,62.0,1.0,layoff permanent,layoff,2025-05-21,2025-05-19,2025-05-19,,2025-05-19,65.63,0
seres therapeutics,MA,,50.0,layoff,layoff,2023-11-01,,,,2023-11-01,65.63,0
charles river laboratories,IL,54.0,94.0,closing,closure,2024-11-06,2024-11-06,2025-01-31,,2025-01-31,65.99,1
kira government services,CA,54.0,11.0,layoff permanent,layoff,2025-07-18,2025-07-15,2025-08-11,,2025-08-11,65.63,0
tesla,CA,33.0,3.0,layoff permanent,layoff,2024-04-25,2024-04-22,2024-06-14,,2024-06-14,65.63,0
agco,GA,33.0,3.0,closure,closure,,,2025-02-01,,2025-02-01,65.71,0
mp2 energy llc shell energy,TX,,103.0,layoff,layoff,,,2024-12-13,,2024-12-13,66.02,1
atria wealth solutions,TX,52.0,55.0,layoff,layoff,,,2025-07-04,,2025-07-04,65.69,0
american greenfuels,TN,32.0,21.0,unknown,other,2024-05-17,,2024-05-15,,2024-05-15,65.61,0
tyson foods,IA,31.0,5.0,amendment - change in date,amendment,,2024-06-11,2024-09-28,,2024-09-28,65.7,0
david s bridal llc arlington,TX,44.0,27.0,layoff,layoff,,,2023-07-17,,2023-07-17,65.64,0
oa logistics,CA,49.0,90.0,closure permanent,closure,2023-01-17,2023-01-12,2023-03-11,,2023-03-11,65.93,1
tampa bay girls academy,FL,61.0,144.0,layoff,layoff,,2025-12-09,2025-12-11,2025-12-11,2025-12-11,66.17,1
meta platforms inc 305 constitution drive,CA,51.0,3.0,layoff permanent,layoff,2025-10-23,2025-10-22,2025-12-22,,2025-12-22,65.63,0
dotc delivery,NY,48.0,105.0,contract termination,other,,2024-04-29,2024-05-07,2024-05-07,2024-05-07,66.14,1
gaf energy,CA,33.0,138.0,closure permanent,closure,2025-10-10,2025-10-09,2025-12-13,,2025-12-13,66.15,1
camping world madelia,MN,44.0,20.0,closure,closure,,,2024-07-08,,2024-07-08,65.65,0
levi strauss,CA,31.0,146.0,layoff permanent,layoff,2024-03-01,2024-02-28,2024-04-27,,2024-04-27,66.18,1
pva downtown,TX,62.0,20.0,layoff,layoff,,,2023-12-04,,2023-12-04,65.64,0
prisma health,SC,62.0,10.0,layoff,layoff,,2023-07-13,2023-08-31,,2023-08-31,65.61,0
magnolia ridge center sunbridge gardendale health care center,AL,62.0,103.0,closure,closure,,2025-09-15,2025-09-10,,2025-09-10,65.96,1
advanced auto parts carroll avenue,TX,44.0,8.0,layoff,layoff,,,2025-02-10,,2025-02-10,65.64,0
associated materials,OH,33.0,184.0,layoff,layoff,2024-03-21,,2024-05-20,,2024-05-20,66.27,1
astellas gene therapies,CA,54.0,10.0,layoff permanent,layoff,2024-10-29,2024-10-23,2025-01-01,,2025-01-01,65.63,0
homestead furniture,MS,33.0,58.0,layoff,layoff,,2024-01-18,2024-01-12,,2024-01-12,65.66,0
aramark christus hospital st elizabeth,TX,72.0,87.0,layoff,layoff,,,2023-10-31,,2023-10-31,65.93,1
aura management,CA,55.0,11.0,closure permanent,closure,2024-04-18,2024-04-18,2024-07-16,,2024-07-16,65.63,0
associated milk producers,WI,31.0,86.0,layoff,layoff,,2026-01-30,2026-03-31,,2026-03-31,65.92,1
med laser surgical center,CA,62.0,22.0,closure permanent,closure,2026-02-18,2026-02-13,2026-04-14,,2026-04-14,65.63,0
city national bank,CA,52.0,32.0,layoff permanent,layoff,2024-02-12,2024-02-12,2024-04-14,,2024-04-14,65.63,0
safeway albertsons portland division,OR,,82.0,closure,closure,,2025-03-26,,,2025-03-26,65.94,1
david s bridal,OH,44.0,48.0,layoff,layoff,2023-06-29,,2023-07-17,2023-07-31,2023-07-17,66.79,1
making opportunities count,MA,,8.0,layoff,layoff,2025-04-04,,2025-06-30,,2025-06-30,65.63,0
its technologies logistics,CA,48.0,110.0,closure permanent,closure,2023-04-19,2023-04-07,2023-04-30,,2023-04-30,66.04,1
amazon lax78,CA,45.0,45.0,layoff permanent,layoff,2026-01-30,2026-01-29,2026-04-28,,2026-04-28,65.63,0
downtown streets,CA,81.0,9.0,closure not known at this time,closure,2025-08-29,2025-08-29,2025-10-31,,2025-10-31,65.63,0
us bank branch blooming prairie,MN,,5.0,closure,closure,,,2024-05-01,,2024-05-01,65.65,0
thai basil stillwater,MN,72.0,1.0,closure,closure,,,2024-07-07,,2024-07-07,65.65,0
bristol myers squibb,NJ,32.0,79.0,layoff,layoff,,2024-12-12,,,2024-12-12,65.82,0
mw components,MS,,121.0,closure,closure,,2025-01-27,2025-01-29,,2025-01-29,66.04,1
tempo automation holdings,CA,33.0,58.0,closure permanent,closure,2023-08-21,2023-07-14,2023-07-14,,2023-07-14,65.7,0
evapco,IL,33.0,25.0,closing,closure,2023-12-05,2023-12-05,2024-01-31,,2024-01-31,65.66,0
taikisha usa,OH,33.0,81.0,closure,closure,2026-01-07,,2026-03-07,2026-06-30,2026-03-07,65.84,0
ntt data,TN,54.0,108.0,unknown,other,2025-10-30,,2025-12-31,,2025-12-31,66.01,1
wioss atlanta lp,GA,49.0,139.0,permanent layoff / reduction in force,layoff,,,2025-02-03,,2025-02-03,66.24,1
bailey street bakery,GA,31.0,176.0,closure,closure,,,2025-04-16,,2025-04-16,66.36,1
sculpted contours,GA,81.0,3.0,temporary layoff,layoff,,,2024-09-19,,2024-09-19,65.71,0
tori 44,MN,72.0,50.0,closure,closure,,,2024-03-01,,2024-03-01,65.65,0
paramount global,CA,32.0,23.0,layoff permanent,layoff,2024-10-01,2024-09-30,2024-11-23,,2024-11-23,64.0,0
illumina,CA,54.0,1.0,layoff permanent,layoff,2025-12-23,2025-12-22,2025-12-22,,2025-12-22,65.63,0
monterey mushrooms,FL,11.0,214.0,layoff,layoff,,2023-11-08,2024-01-13,2024-01-13,2024-01-13,66.38,1
zeco systems,AZ,33.0,1.0,layoff,layoff,,2025-08-18,,,2025-08-18,65.65,0
graphite bio,CA,54.0,33.0,layoff permanent,layoff,2023-03-07,2023-03-01,2023-04-24,,2023-04-24,65.63,0
novartis group,NJ,32.0,86.0,layoff,layoff,,2025-02-07,,,2025-02-07,65.87,0
mv transportation 13550,CA,,6.0,layoff permanent,layoff,2025-04-29,2025-04-28,2025-06-30,,2025-06-30,65.63,0
leggett platt,KY,33.0,100.0,closure,closure,2025-09-16,,2025-11-10,,2025-11-10,65.97,1
intel corporation sc 9,CA,33.0,2.0,layoff permanent,layoff,2025-08-26,2025-08-25,2025-07-15,,2025-07-15,65.63,0
kaiser foundation hospitals,CA,62.0,1.0,layoff permanent,layoff,2025-04-15,2025-04-14,2025-04-14,,2025-04-14,65.63,0
block,AZ,51.0,29.0,layoff,layoff,,2025-03-25,,,2025-03-25,65.65,0
xto energy inc donie,TX,,20.0,layoff,layoff,,,2023-12-20,,2023-12-20,65.64,0
silgan containers,CA,33.0,78.0,layoff temporary,layoff,2025-08-27,2025-08-14,2025-10-13,,2025-10-13,65.86,0
faros unlimited,CA,,11.0,closure permanent,closure,2024-12-10,2024-12-10,2025-02-01,,2025-02-01,65.63,0
ademco,CA,33.0,49.0,closure permanent,closure,2023-04-25,2023-04-10,2023-06-16,,2023-06-16,65.63,0
surefox north america,CA,56.0,126.0,layoff permanent,layoff,2023-11-20,2023-10-16,2023-12-18,,2023-12-18,66.11,1
maverick s wood grill champlin,MN,72.0,1.0,closure,closure,,,2025-05-31,,2025-05-31,65.65,0
family ymca of the desert,CA,71.0,110.0,layoff temporary,layoff,2025-09-09,2025-09-09,2025-11-17,,2025-11-17,66.04,1
thermo fisher scientific,FL,33.0,187.0,layoff,layoff,,2023-08-08,2023-10-09,2024-03-29,2023-10-09,66.31,1
primo brands,CA,,23.0,layoff permanent,layoff,2026-03-20,2026-03-20,2026-07-01,,2026-07-01,65.63,0
pennymac,CA,52.0,4.0,layoff permanent,layoff,2023-12-29,2023-11-15,2024-01-16,,2024-01-16,65.63,0
equilibrium homes of st louis,MO,62.0,182.0,layoff,layoff,,2024-05-06,2024-05-01,,2024-05-01,66.26,1
builders firstsource grandview,TX,44.0,76.0,layoff,layoff,,,2023-12-30,,2023-12-30,65.86,0
infineon,CA,33.0,7.0,layoff permanent,layoff,2025-11-04,2025-10-31,2025-11-14,,2025-11-14,65.63,0
aura management,CA,55.0,13.0,closure permanent,closure,2024-04-18,2024-04-18,2024-06-17,,2024-06-17,65.63,0
te connectivity,PA,33.0,130.0,closure,closure,,,2024-05-01,,2024-05-01,66.15,1
sky zone,CA,71.0,56.0,closure permanent,closure,2025-04-30,2025-04-30,2025-06-30,,2025-06-30,65.68,0
centerra group,CA,62.0,19.0,layoff permanent,layoff,2023-11-13,2023-08-10,2023-09-30,,2023-09-30,65.63,0
david s bridal duluth,MN,44.0,8.0,closure,closure,2023-04-17,2023-04-17,2023-07-17,,2023-07-17,65.65,0
true value mankato,MN,44.0,41.0,closure,closure,,,2025-04-02,,2025-04-02,65.65,0
astellas gene therapies,CA,54.0,21.0,layoff permanent,layoff,2025-07-23,2025-01-29,2025-01-29,,2025-01-29,65.63,0
advance stores company incorporated,CA,44.0,1.0,closure permanent,closure,2024-11-14,2024-11-14,2025-03-28,,2025-03-28,65.63,0
exxon mobil big lake,TX,21.0,2.0,layoff,layoff,,,2024-09-30,,2024-09-30,65.64,0
american freight st paul,MN,44.0,5.0,closure,closure,,,2024-11-20,,2024-11-20,65.65,0
fullstack modular,CA,23.0,200.0,layoff not known at this time,layoff,2025-12-24,2025-12-24,2026-02-23,,2026-02-23,66.35,1
first brands group,TX,33.0,87.0,layoff,layoff,,,2026-01-26,,2026-01-26,65.93,1
block,GA,51.0,1.0,permanent layoff / reduction in force,layoff,,,2024-06-03,,2024-06-03,65.71,0
the lagunitas brewing,IL,,86.0,closing,closure,2024-05-23,2024-05-23,2024-08-01,2024-08-01,2024-08-01,65.95,1
hancock regional hospital,IN,62.0,50.0,transfer,other,,2024-09-04,2024-11-03,,2024-11-03,65.59,0
advanced auto parts mccart ave,TX,44.0,9.0,layoff,layoff,,,2025-02-11,,2025-02-11,65.64,0
kaiser foundation hospitals 74 n pasadena,CA,62.0,2.0,layoff permanent,layoff,2025-09-10,2025-09-08,2025-09-08,,2025-09-08,65.63,0
pacific western bank,CA,52.0,200.0,layoff permanent,layoff,2023-02-24,2023-02-21,2023-06-26,,2023-06-26,66.35,1
axient,MD,72.0,47.0,layoff,layoff,,2025-04-15,2025-05-31,,2025-05-31,65.68,0
coherent,CA,33.0,196.0,layoff permanent,layoff,2023-06-05,2023-05-11,2023-07-11,,2023-07-11,66.34,1
aseptic solutions usa ventures,CA,31.0,211.0,closure permanent,closure,2023-01-19,2023-01-18,2023-03-20,,2023-03-20,66.38,1
bitwise industries,OR,54.0,1.0,layoff,layoff,,2023-06-14,,,2023-06-14,65.69,0
gdi integrated facility services,KY,56.0,26.0,layoff,layoff,2024-01-08,,2024-01-08,,2024-01-08,65.61,0
larken logistics,OK,48.0,48.0,closure,closure,,2025-09-03,,,2025-09-03,66.78,1
gap,CA,44.0,37.0,layoff permanent,layoff,2023-05-24,2023-04-27,2023-04-27,,2023-04-27,65.63,0
u s cotton,NM,31.0,175.0,layoff,layoff,2024-09-04,2024-09-04,2025-08-31,,2025-08-31,66.43,1
press glass,NC,,68.0,closure,closure,2025-01-13,2025-01-13,2025-03-14,,2025-03-14,65.77,0
kaiser foundation hospitals 74 n pasadena,CA,62.0,1.0,layoff permanent,layoff,2025-06-03,2025-06-02,2025-06-02,,2025-06-02,65.63,0
adare pharmaceuticals,IL,32.0,21.0,closing,closure,2025-12-01,2025-12-01,2026-02-02,2026-07-01,2026-02-02,65.66,0
touchpoint services aka compass group,WI,,52.0,closure,closure,,2025-07-10,2025-08-01,,2025-08-01,65.66,0
fujifilm irvine scientific,CA,32.0,6.0,layoff permanent,layoff,2023-10-02,2023-08-02,2023-10-06,,2023-10-06,65.63,0
david s bridal,CA,44.0,47.0,layoff permanent,layoff,2023-07-03,2023-04-25,2023-09-02,,2023-09-02,65.63,0
lockheed martin,CA,33.0,150.0,layoff permanent,layoff,2024-04-09,2024-04-08,2024-04-08,,2024-04-08,66.2,1
qualcomm incorporated 5545 morehouse drive,CA,,15.0,layoff permanent,layoff,2026-04-02,2026-04-02,2026-05-26,,2026-05-26,65.63,0
elite line services,NV,56.0,23.0,layoff,layoff,2024-02-22,2024-02-22,2024-04-22,,2024-04-22,65.68,0
cardinal health,NE,42.0,13.0,layoff,layoff,,2024-01-08,,,2024-01-08,65.6,0
feeney brothers excavation,CT,23.0,37.0,layoff,layoff,2025-04-16,2025-04-16,,,2025-04-16,65.63,0
perfect day,CA,31.0,75.0,layoff permanent,layoff,2023-08-09,2023-07-06,2023-09-04,,2023-09-04,65.84,0
whole foods market,OH,44.0,99.0,layoff,layoff,2023-10-06,,2023-12-05,,2023-12-05,65.94,1
best formulations pc,CA,32.0,32.0,closure permanent,closure,2026-04-17,2026-04-17,2026-06-15,,2026-06-15,65.63,0
optum medical care,NJ,62.0,122.0,layoff,layoff,,2026-02-02,,,2026-02-02,66.05,1
jabil,CA,33.0,21.0,closure permanent,closure,2025-12-08,2025-12-08,2026-02-06,,2026-02-06,65.63,0
wellpath,CA,62.0,26.0,closure permanent,closure,2024-05-15,2024-04-29,2024-06-30,,2024-06-30,65.63,0
azure acres treatment center 2264,CA,62.0,61.0,closure permanent,closure,2025-09-17,2025-09-16,2025-11-08,,2025-11-08,65.73,0
23andme,CA,54.0,122.0,layoff permanent,layoff,2024-11-20,2024-11-19,2025-01-10,,2025-01-10,66.09,1
m m manufacturing,TX,33.0,75.0,layoff,layoff,,,2025-12-15,,2025-12-15,65.86,0
l3harris,FL,33.0,63.0,layoff,layoff,,2026-02-27,2026-04-30,2026-05-14,2026-04-30,65.74,0
vintage wine estates,CA,31.0,5.0,layoff permanent,layoff,2024-10-21,2024-10-21,2024-12-16,,2024-12-16,65.63,0
guess distribution center,KY,49.0,200.0,closure,closure,2024-03-06,,2024-05-06,,2024-05-06,66.33,1
evergreen packaging,MI,32.0,153.0,closure,closure,,,2025-04-11,,2025-04-11,66.13,1
cisco systems,CA,33.0,134.0,layoff permanent,layoff,2024-09-17,2024-09-13,2024-11-15,,2024-11-15,66.14,1
innodata services,FL,51.0,1.0,layoff,layoff,,2026-02-03,2026-02-06,2026-03-13,2026-02-06,65.62,0
universal protection service lp dba allied universal security services,CA,45.0,61.0,layoff permanent,layoff,2024-11-22,2024-11-22,2025-01-24,,2025-01-24,65.73,0
maxlite,CA,33.0,4.0,closure permanent,closure,2023-11-16,2023-10-25,2023-12-31,,2023-12-31,65.63,0
ahmc san gabriel valley medical center lp dba san gabriel valley medical center,CA,62.0,62.0,layoff permanent,layoff,2024-03-13,2024-03-13,2024-05-13,,2024-05-13,65.74,0
country pleasures cafe,MN,72.0,1.0,closure,closure,,,2024-12-31,,2024-12-31,65.65,0
dangerous man brewing,MN,62.0,28.0,closure,closure,,,2023-09-08,,2023-09-08,65.65,0
ceva logistics,CA,48.0,19.0,closure permanent,closure,2023-06-20,2023-03-14,2023-05-13,,2023-05-13,65.63,0
eegee s llc commissary department,AZ,31.0,44.0,layoff,layoff,,2023-04-19,,,2023-04-19,65.65,0
kaleo,MN,,1.0,layoff,layoff,,,2024-11-30,,2024-11-30,65.65,0
cvs health aetna medicare medicaid program,OH,62.0,70.0,layoff,layoff,2025-10-17,,2025-12-31,2026-03-31,2025-12-31,65.76,0
cue health,CA,33.0,10.0,layoff permanent moda,layoff,2023-05-17,2023-04-28,2023-06-27,,2023-06-27,65.63,0
crunchbase,CA,51.0,63.0,layoff permanent,layoff,2023-08-08,2023-07-06,2023-09-04,,2023-09-04,65.75,0
covanta long beach renewable energy,CA,22.0,39.0,closure permanent,closure,2024-02-02,2024-01-31,2024-04-01,,2024-04-01,65.63,0
converse,CA,31.0,31.0,layoff permanent,layoff,2024-09-16,2024-09-16,2024-11-15,,2024-11-15,65.63,0
feam aero,CA,48.0,8.0,layoff permanent,layoff,2025-04-03,2025-04-03,2025-06-02,,2025-06-02,65.63,0
rehabilitation hospital of western wisconsin,WI,62.0,117.0,closure,closure,,2024-02-02,2024-04-02,,2024-04-02,66.08,1
sangamo therapeutics,CA,54.0,37.0,layoff permanent,layoff,2023-12-06,2023-11-01,2024-01-02,,2024-01-02,65.63,0
texana center russeff filed home,TX,62.0,5.0,layoff,layoff,,,2025-05-21,,2025-05-21,65.64,0
haskell s woodbury,MN,44.0,12.0,closure,closure,,,2024-09-19,,2024-09-19,65.65,0
terre du soleil dba auberge du soleil,CA,72.0,217.0,layoff temporary,layoff,2023-10-30,2023-09-25,2024-01-03,,2024-01-03,66.39,1
randstad inhouse services,CA,,214.0,closure temporary,closure,2025-09-24,2025-09-24,2025-11-23,,2025-11-23,66.38,1
amazon,CA,45.0,58.0,layoff permanent,layoff,2023-01-20,2023-01-18,2023-03-19,,2023-03-19,65.7,0
hallcon,CO,48.0,104.0,closure,closure,,2025-04-24,2025-04-25,2025-06-25,2025-04-25,66.0,1
penney opco llc jcpenney store 2102,MD,45.0,65.0,closure,closure,,2025-06-16,2025-08-17,,2025-08-17,65.82,0
blue shield of california,CA,52.0,7.0,layoff permanent,layoff,2026-03-16,2026-03-13,2026-04-08,,2026-04-08,65.63,0
pepsico,MI,31.0,84.0,layoff,layoff,,,2025-08-25,,2025-08-25,65.82,0
total storage solutions sun city mini storage,CA,,3.0,layoff permanent,layoff,2026-03-19,2026-03-12,2026-05-18,,2026-05-18,65.63,0
peloton interactive,CA,33.0,21.0,closure permanent,closure,2023-08-21,2023-07-12,2023-09-15,,2023-09-15,65.63,0
profrac,ND,21.0,5.0,layoff,layoff,,2025-03-03,2025-05-02,,2025-05-02,65.73,0
thrift stores of washington d c under value village thrift stores,MD,45.0,41.0,"plant closure update: there are 5 maryland locations. new owner is expected to hire all workers, with the exception of 46 workers, due to transportation issues",closure,,2025-12-19,2026-02-21,,2026-02-21,65.68,0
jones lang lasalle americas,CA,53.0,77.0,layoff permanent,layoff,2025-04-15,2025-04-14,2025-06-14,,2025-06-14,65.85,0
cygnus home service llc dba yelloh,ID,45.0,5.0,layoff,layoff,,2023-10-25,2023-12-15,,2023-12-15,65.66,0
stanley black and decker,TX,33.0,127.0,layoff,layoff,,,2024-05-10,,2024-05-10,66.13,1
equus workforce solutions highway 161 arbor e t,TX,56.0,71.0,layoff,layoff,,,2025-09-30,,2025-09-30,65.83,0
federal express corporation s orha location,MA,49.0,78.0,layoff,layoff,2025-04-01,,2025-06-02,,2025-06-02,65.86,0
nordstrom,FL,45.0,1.0,layoff,layoff,,2025-11-19,2026-03-01,2026-04-30,2026-03-01,65.62,0
kaiser foundation hospitals 1460,CA,62.0,1.0,layoff permanent,layoff,2025-05-12,2025-05-12,2025-05-12,,2025-05-12,65.63,0
wells fargo,IA,52.0,1.0,amendment,amendment,,2023-10-17,2023-12-17,,2023-12-17,65.7,0
southeast service corporation services for education georgetown isd,TX,56.0,60.0,layoff,layoff,,,2025-05-31,,2025-05-31,65.74,0
fcr,NC,56.0,70.0,layoff,layoff,2025-05-02,2025-04-30,2025-06-30,,2025-06-30,65.79,0
kentucky bioprocessing,KY,32.0,46.0,closure,closure,2025-04-15,,2025-07-02,,2025-07-02,65.61,0
golden gate university,CA,61.0,5.0,layoff permanent,layoff,2024-05-10,2024-05-01,2024-06-30,,2024-06-30,65.63,0
host international,FL,72.0,92.0,layoff,layoff,,2026-01-16,2026-01-30,2026-03-13,2026-01-30,65.94,1
rivian automotive,CA,33.0,99.0,layoff permanent,layoff,2024-02-26,2024-02-22,2024-04-23,,2024-04-23,65.98,1
qualcomm incorporated 5745 pacific center blvd,CA,,2.0,layoff permanent,layoff,2026-04-02,2026-04-02,2026-05-26,,2026-05-26,65.63,0
bc graphics,MD,32.0,144.0,closure,closure,,2024-09-16,2024-11-15,,2024-11-15,66.23,1
carestream health inc update,CO,33.0,19.0,reduction in force,layoff,,2024-03-20,2024-05-24,2024-05-24,2024-05-24,65.62,0
walgreens,IL,,73.0,layoff,layoff,2023-05-23,2023-05-23,2023-07-23,,2023-07-23,65.86,0
prisma health,SC,62.0,11.0,layoff,layoff,,2023-07-13,2023-08-31,,2023-08-31,65.61,0
ceryx management llc 7111 s hoover,CA,53.0,1.0,layoff permanent,layoff,2025-11-07,2025-10-31,2025-10-03,,2025-10-03,65.63,0
clarion management,CA,56.0,3.0,closure permanent,closure,2025-02-19,2025-02-18,2025-04-20,,2025-04-20,65.63,0
amazon sfo 28,CA,45.0,84.0,layoff permanent,layoff,2026-01-30,2026-01-29,2026-04-28,,2026-04-28,65.9,1
asrc federal professional services,MD,54.0,21.0,layoff,layoff,,2024-12-04,2025-01-31,,2025-01-31,65.68,0
burlington trailways,IA,48.0,6.0,closing,closure,,2025-09-18,2025-10-18,,2025-10-18,65.7,0
sientra,CA,33.0,57.0,closure permanent,closure,2024-05-07,2024-04-19,2024-06-18,,2024-06-18,65.69,0
rise services,OR,62.0,48.0,closure,closure,,2023-07-18,,,2023-07-18,70.0,1
noble house home furnishings 7901 deering,CA,44.0,9.0,closure permanent,closure,2023-10-18,2023-09-11,2023-10-31,,2023-10-31,65.63,0
pirch,CA,44.0,14.0,layoff permanent,layoff,2024-04-09,2024-04-04,2024-04-04,,2024-04-04,65.63,0
kaiser foundation hospitals mission,CA,62.0,1.0,layoff permanent,layoff,2023-12-13,2023-11-06,2024-01-04,,2024-01-04,65.63,0
ceva logistics,GA,48.0,61.0,permanent layoff / reduction in force,layoff,,,2024-04-07,,2024-04-07,65.81,0
pannekoeken huis st louis park,MN,,7.0,closure,closure,,,2024-02-01,,2024-02-01,65.65,0
meta platforms,CA,51.0,52.0,layoff permanent,layoff,2026-02-03,2026-02-02,2026-03-20,,2026-03-20,65.65,0
knox attorney service,CA,56.0,85.0,closure permanent,closure,2023-12-20,2023-11-15,2024-01-15,,2024-01-15,65.9,1
sivyer steel castings,IA,33.0,123.0,mass layoff,mass_layoff,,2023-09-28,2023-09-28,,2023-09-28,66.17,1
cygnus home service,AZ,81.0,68.0,layoff,layoff,,2023-10-25,,,2023-10-25,65.81,0
homebridge,NJ,52.0,139.0,layoff,layoff,,2023-06-26,,,2023-06-26,66.12,1
international business machines corporation ibm,CA,54.0,53.0,layoff permanent,layoff,2023-04-19,2023-04-04,2023-06-05,,2023-06-05,65.66,0
c2 technologies,FL,54.0,1.0,layoff,layoff,,2026-03-05,2026-03-06,2026-03-06,2026-03-06,65.62,0
cygnus home service llc schwans home service yelloh bowling green,KY,45.0,10.0,closure,closure,2024-05-29,,2024-07-27,,2024-07-27,65.61,0
pulau corporation gmdt,CA,72.0,3.0,layoff permanent gmdt on avenue b  fort,layoff,2025-04-25,2025-04-25,2025-06-30,,2025-06-30,65.63,0
point quest,CA,61.0,100.0,layoff permanent,layoff,2025-09-24,2025-09-23,2025-09-22,,2025-09-22,65.99,1
bard college at simon s rock,MA,61.0,116.0,layoff,layoff,2025-04-28,,2025-06-30,2025-12-31,2025-06-30,66.07,1
dometic,TX,33.0,54.0,layoff,layoff,,,2026-01-12,,2026-01-12,65.68,0
fs precision tech,CA,33.0,100.0,closure permanent,closure,2024-08-22,2024-08-22,2024-09-27,,2024-09-27,65.99,1
ginkgo bioworks,MA,54.0,158.0,layoff,layoff,2024-06-17,,2024-08-16,2024-12-31,2024-08-16,66.23,1
abm general services inc at fat 1 amazon,CA,56.0,96.0,layoff permanent,layoff,2024-01-31,2024-01-17,2024-03-19,,2024-03-19,65.96,1
southwire,CA,,95.0,closure permanent,closure,2024-07-17,2024-07-17,2024-10-01,,2024-10-01,65.96,1
red run corporation t a food depot,MD,44.0,80.0,closure,closure,,2025-10-30,2026-01-31,,2026-01-31,65.93,1
elite line services,NV,56.0,76.0,layoff,layoff,2024-02-22,2024-02-22,2024-04-22,,2024-04-22,65.9,1
wells fargo,IA,52.0,1.0,amendment,amendment,,2023-12-12,2023-02-12,,2023-02-12,65.7,0
sdh services east,GA,56.0,120.0,permanent layoff / reduction in force,layoff,,,2026-01-31,,2026-01-31,66.16,1
c2 technologies,FL,54.0,1.0,layoff,layoff,,2026-03-05,2026-03-06,2026-03-06,2026-03-06,65.62,0
southwest key programs casa quetzal,TX,62.0,3.0,layoff,layoff,,,2025-11-05,,2025-11-05,65.64,0
chevron,CA,21.0,14.0,layoff permanent,layoff,2025-05-08,2025-05-02,2025-07-01,,2025-07-01,65.63,0
1888 mills,GA,31.0,180.0,closure,closure,,,2024-03-29,,2024-03-29,66.37,1
inoac exterior systems,OH,32.0,1.0,closure,closure,2025-06-09,,2025-08-08,,2025-08-08,65.59,0
bavarian nordic,CA,32.0,48.0,closure permanent,closure,2024-12-09,2024-12-09,2024-12-13,,2024-12-13,65.63,0
wells fargo,IA,52.0,23.0,amendment - additional employees,amendment,,2025-09-30,2025-11-28,,2025-11-28,65.7,0
willscot mobile mini,MD,53.0,33.0,layoff,layoff,,2024-06-13,2024-07-05,,2024-07-05,65.68,0
love works academy,MN,61.0,30.0,closure,closure,,,2024-09-06,,2024-09-06,65.65,0
cargill meat solutions,CA,31.0,17.0,layoff permanent,layoff,2024-06-05,2024-06-05,2024-08-04,,2024-08-04,65.63,0
chevron u s a,IA,21.0,70.0,mass layoff,mass_layoff,,2025-05-19,2025-06-18,,2025-06-18,65.87,0
fresenius usa,CA,62.0,42.0,closure permanent,closure,2024-05-17,2024-05-16,2024-12-20,,2024-12-20,65.63,0
truvium packaging,WV,32.0,66.0,closure,closure,,2023-04-24,2023-05-31,,2023-05-31,65.63,0
communify filmore center,CA,62.0,4.0,layoff permanent,layoff,2025-11-03,2025-11-03,2026-01-02,,2026-01-02,65.63,0
telecare,CA,62.0,100.0,closure permanent,closure,2024-04-08,2024-04-03,2024-06-03,,2024-06-03,65.99,1
directbuy home improvement inc dba z gallerie,CA,44.0,11.0,layoff permanent,layoff,2024-01-23,2023-12-12,2024-01-31,,2024-01-31,65.63,0
mindbody,CA,51.0,36.0,layoff permanent,layoff,2024-10-17,2024-10-17,2025-01-02,,2025-01-02,65.63,0
walgreens,MN,,16.0,closure,closure,,,2023-02-13,,2023-02-13,65.65,0
eaglepicher,RI,33.0,38.0,closure,closure,2026-01-13,2026-01-13,2026-03-15,,2026-03-15,65.53,0
wayfair llc erlanger warehouse,KY,49.0,215.0,closure,closure,2025-10-15,,2026-09-30,,2026-09-30,66.37,1
freedom graphic systems,TX,32.0,59.0,layoff,layoff,,,2023-11-17,,2023-11-17,65.73,0
future forwarding,GA,48.0,78.0,permanent layoff / reduction in force,layoff,,,2024-08-02,,2024-08-02,67.0,1
via mobility services,CO,48.0,120.0,loss of contract,other,,2023-05-01,2023-07-01,2023-07-01,2023-07-01,66.07,1
ferring pharmaceuticals,NJ,32.0,64.0,layoff,layoff,,2026-01-23,,,2026-01-23,65.71,0
wellmore energy compnay llc black watch shop and central warehouse 1395 bd shop road big rock va 24603,VA,21.0,3.0,layoff,layoff,,2023-07-11,2023-09-10,,2023-09-10,65.56,0
delaware north companies travel hospitality services,CA,72.0,96.0,layoff permanent,layoff,2023-01-25,2023-01-20,2023-03-31,,2023-03-31,65.96,1
bitwise industries,NV,54.0,2.0,layoff,layoff,2023-06-14,2023-06-14,2023-06-14,,2023-06-14,65.68,0
christ the king school,SD,61.0,31.0,layoff,layoff,,2026-02-24,,,2026-02-24,65.44,0
community development institute head start,IL,61.0,40.0,closing,closure,2024-09-03,2024-09-03,2024-10-31,,2024-10-31,65.66,0
socal south oc,CA,72.0,12.0,layoff permanent,layoff,2024-02-23,2023-12-01,2024-02-05,,2024-02-05,65.63,0
day ross usa,OH,48.0,100.0,layoff,layoff,2026-03-25,,2026-05-30,,2026-05-30,65.95,1
future proof brands llc austin,TX,31.0,158.0,layoff,layoff,,,2026-02-21,,2026-02-21,66.24,1
alto systems,CA,49.0,4.0,layoff permanent,layoff,2023-05-01,2023-04-14,2023-05-19,,2023-05-19,65.63,0
igm biosciences,CA,54.0,100.0,layoff permanent,layoff,2025-01-14,2025-01-10,2025-03-10,,2025-03-10,65.99,1
sentinel transportation,CA,,1.0,layoff permanent,layoff,2026-03-30,2026-03-30,2026-05-31,,2026-05-31,65.63,0
delta apparel,SC,31.0,5.0,closure,closure,,2024-07-01,2024-08-29,,2024-08-29,65.61,0
grand river medical group p c,IA,62.0,52.0,mass layoff,mass_layoff,,2024-02-01,2024-02-01,,2024-02-01,65.72,0
10 roads express,VA,48.0,70.0,closure,closure,,2025-12-01,2026-01-30,,2026-01-30,65.73,0
makita usa,MA,33.0,4.0,layoff,layoff,2023-04-28,,2023-06-28,,2023-06-28,65.63,0
international paper company mcallen,TX,32.0,5.0,layoff,layoff,,,2025-05-09,,2025-05-09,65.64,0
microsoft,CA,,1.0,layoff permanent,layoff,2023-02-08,2023-01-18,2023-03-20,,2023-03-20,65.63,0
staffing boutique,NY,56.0,117.0,"contract termination, government ordered closing",closure,,2025-01-27,2025-02-07,2025-03-10,2025-02-07,66.2,1
s3 shared service solutions,MD,,84.0,layoff,layoff,,2025-03-25,2025-06-01,,2025-06-01,65.95,1
99 cents only store llc n highway 6,TX,45.0,20.0,layoff,layoff,,,2024-06-03,,2024-06-03,65.64,0
thermo fisher scientific,CA,33.0,173.0,layoff temporary,layoff,2026-01-27,2026-01-27,2026-03-18,,2026-03-18,66.27,1
civil llc jenkins mechanic shop,KY,23.0,8.0,closure,closure,2025-06-05,,2025-08-02,,2025-08-02,65.61,0
3045 san diego lgbt community center,CA,81.0,1.0,layoff permanent,layoff,2025-07-10,2025-07-03,2025-09-06,,2025-09-06,65.63,0
aero farms,NJ,11.0,82.0,layoff,layoff,,2023-06-05,,,2023-06-05,65.84,0
pinterest inc san francisco,CA,51.0,98.0,layoff permanent,layoff,2026-01-28,2026-01-27,2026-03-31,,2026-03-31,65.98,1
aspiration,OH,52.0,1.0,layoff,layoff,2023-03-24,,2023-05-26,2023-06-01,2023-05-26,65.59,0
the tendit group,AZ,,143.0,layoff,layoff,,2026-04-14,,,2026-04-14,66.19,1
walmart,FL,,12.0,layoff,layoff,,2023-08-04,2023-06-26,2023-10-06,2023-06-26,65.62,0
hyperloop technologies,NV,48.0,1.0,layoff,layoff,2023-11-07,2023-11-07,2023-12-30,,2023-12-30,65.68,0
lakeshore leaning materials llc 2649,CA,44.0,10.0,layoff permanent,layoff,2025-05-14,2025-05-14,2025-07-13,,2025-07-13,65.63,0
autism home support services centennial,CO,62.0,101.0,mass layoff,mass_layoff,,2023-06-20,2023-08-21,2021-09-19,2023-08-21,65.98,1
management training corporation willacy county state jail,TX,92.0,166.0,layoff,layoff,,,2025-08-31,,2025-08-31,66.27,1
texana center maude group home,TX,62.0,4.0,layoff,layoff,,,2025-05-21,,2025-05-21,65.64,0
amazon sjc44,CA,45.0,18.0,layoff permanent,layoff,2025-10-29,2025-10-28,2026-01-26,,2026-01-26,65.63,0
dart container,CA,32.0,75.0,layoff permanent,layoff,2024-10-23,2024-10-23,2024-12-23,,2024-12-23,65.84,0
sodexo inc and affiliates at beverly hospital,CA,72.0,68.0,layoff permanent,layoff,2023-07-06,2023-06-07,2023-08-04,,2023-08-04,65.79,0
westrock,CA,32.0,77.0,closure permanent,closure,2024-06-19,2024-06-19,2024-08-18,,2024-08-18,65.85,0
charles river laboratories,MD,54.0,13.0,closure,closure,,2025-04-02,2025-03-28,,2025-03-28,65.68,0
ssc services for education dba muncie community schools,IN,56.0,58.0,closure,closure,,2025-04-23,2025-06-30,,2025-06-30,65.67,0
creative dining services,TN,72.0,100.0,unknown,other,2025-11-07,,2025-12-13,,2025-12-13,65.97,1
blackline systems,CA,51.0,21.0,layoff permanent,layoff,2023-09-27,2023-08-23,2023-10-22,,2023-10-22,65.63,0
millerknoll,WI,33.0,161.0,closure,closure,,2023-03-29,2023-05-23,,2023-05-23,66.24,1
vector defense,UT,54.0,54.0,layoff,layoff,,2025-10-30,,,2025-10-30,65.7,0
southwest key programs casa nueva esperanza,TX,62.0,8.0,layoff,layoff,,,2025-11-05,,2025-11-05,65.64,0
nfrastructure technologies,OH,54.0,38.0,layoff,layoff,2023-06-27,,2023-06-30,,2023-06-30,65.59,0
nsi services,CA,56.0,6.0,closure permanent,closure,2024-03-27,2024-03-17,2024-05-18,,2024-05-18,65.63,0
rivian automotive,CA,33.0,33.0,layoff permanent,layoff,2024-05-07,2024-04-19,2024-06-18,,2024-06-18,65.63,0
amazon lax 35,CA,45.0,37.0,layoff permanent,layoff,2025-10-29,2025-10-28,2025-01-26,,2025-01-26,65.63,0
microsoft,CA,,1.0,layoff permanent,layoff,2023-04-03,2023-03-27,2023-05-26,,2023-05-26,65.63,0
aes warrior run limited partnership,MD,22.0,40.0,closure,closure,,2024-03-22,2024-06-01,,2024-06-01,65.68,0
centerra group,CA,62.0,1.0,layoff permanent,layoff,2023-11-08,2023-08-10,2023-09-30,,2023-09-30,65.63,0
piedmont airlines,MA,48.0,61.0,layoff,layoff,2025-09-22,,2025-11-18,,2025-11-18,65.73,0
downtown streets,CA,81.0,4.0,closure not known at this time,closure,2025-08-29,2025-08-29,2025-10-31,,2025-10-31,65.63,0
advanced systems group,CA,54.0,1.0,layoff permanent,layoff,2024-10-25,2024-10-23,2024-12-31,,2024-12-31,65.63,0
burger king montevideo,MN,72.0,1.0,closure,closure,,,2023-04-12,,2023-04-12,65.65,0
vimo inc dba,FL,54.0,3.0,layoff,layoff,,2024-12-20,2025-02-19,2025-02-19,2025-02-19,65.62,0
mead johnson rb health and reckitt benckiser,NJ,31.0,190.0,layoff,layoff,,2024-09-08,,,2024-09-08,66.28,1
johnson publishing,MN,51.0,1.0,closure,closure,,,2025-07-14,,2025-07-14,65.65,0
catholic charities diocese of fort worth,TX,62.0,169.0,layoff,layoff,,,2025-03-14,,2025-03-14,66.28,1
sodecia automotive kansas city,MO,33.0,111.0,layoff,layoff,,2024-10-31,2024-12-30,,2024-12-30,66.0,1
cygnus home services llc d b a yelloh,IA,45.0,10.0,closing,closure,,2024-09-23,2024-11-22,,2024-11-22,65.7,0
wells fargo,IA,52.0,6.0,mass layoff,mass_layoff,,2024-02-20,2024-01-23,,2024-01-23,65.7,0
avanti installation,FL,62.0,14.0,layoff,layoff,,2025-12-15,2026-02-15,2026-02-15,2026-02-15,65.62,0
firebird bulk carriers inc tarzan,TX,48.0,1.0,layoff,layoff,,,2025-12-31,,2025-12-31,65.64,0
j j snack foods,NC,31.0,78.0,layoff,layoff,2024-09-10,2024-09-10,2024-11-09,,2024-11-09,65.85,0
cargill cocoa chocolate,PA,31.0,102.0,closure,closure,,,2025-05-26,2025-05-30,2025-05-26,66.02,1
amyris,CA,32.0,62.0,layoff permanent,layoff,2023-09-18,2023-08-07,2023-08-08,,2023-08-08,65.74,0
advance stores company incorporated and its subsidiary golden state supply,CA,44.0,20.0,closure permanent,closure,2024-11-15,2024-11-14,2025-03-09,,2025-03-09,65.63,0
black water lounge duluth,MN,72.0,1.0,closure,closure,,,2024-07-25,,2024-07-25,65.65,0
thyssenkrupp,TN,33.0,156.0,unknown,other,2023-02-08,,2023-05-06,2023-05-20,2023-05-06,66.2,1
paycom,OK,,48.0,layoff,layoff,,2025-10-01,,,2025-10-01,66.78,1
novembal,CO,,48.0,closure,closure,,2023-07-28,2023-09-30,2024-01-31,2023-09-30,66.82,1
tesla,CA,33.0,52.0,layoff permanent,layoff,2024-05-13,2024-05-13,2024-06-20,,2024-06-20,65.65,0
pbs west,AZ,,3.0,layoff,layoff,,2023-07-07,,,2023-07-07,65.65,0
kintetsu world express,CA,48.0,5.0,closure permanent,closure,2026-03-05,2026-03-04,2026-03-31,,2026-03-31,65.63,0
unifi aviation,AL,48.0,62.0,layoff,layoff,,2023-07-14,2023-07-03,,2023-07-03,65.7,0
elevance health,CA,52.0,87.0,layoff permanent,layoff,2023-11-29,2023-10-30,2024-03-29,,2024-03-29,65.91,1
miyoko s pbc,CA,31.0,33.0,layoff permanent,layoff,2023-11-28,2023-11-01,2024-01-04,,2024-01-04,65.63,0
aura management,CA,55.0,6.0,closure permanent,closure,2024-04-18,2024-04-18,2024-07-09,,2024-07-09,65.63,0
cardone industries harlingen,TX,33.0,41.0,layoff,layoff,,,2026-01-26,,2026-01-26,65.64,0
quanex homeshield,CA,,58.0,closure permanent,closure,2024-01-18,2023-12-01,2024-02-02,,2024-02-02,65.7,0
stoneridge piggly wiggly,WI,44.0,56.0,closure,closure,,2025-07-09,2025-09-15,,2025-09-15,65.69,0
east coast migrant head start project ecmhsp,NC,61.0,17.0,closure,closure,2025-10-22,2025-10-17,2025-11-01,,2025-11-01,65.61,0
embark trucks,CA,48.0,109.0,layoff permanent,layoff,2023-03-06,2023-03-03,2023-05-03,,2023-05-03,66.03,1
superior tube products,IA,,2.0,amendment - change in date,amendment,,2025-11-25,2025-11-26,,2025-11-26,65.7,0
unfi,RI,42.0,20.0,closure,closure,2025-03-20,2025-03-20,2025-05-23,,2025-05-23,65.53,0
aramark campus,PA,72.0,94.0,layoff,layoff,,,2024-06-30,,2024-06-30,65.98,1
rieke,CA,33.0,49.0,closure permanent,closure,2023-07-11,2023-06-16,2023-08-16,,2023-08-16,65.63,0
paramount global,NY,32.0,9.0,economic,other,,2024-02-13,2024-05-17,2025-03-14,2024-05-17,64.0,0
tome bioscience,MA,54.0,131.0,layoff,layoff,2024-08-22,,2024-11-01,2024-11-14,2024-11-01,66.13,1
pitney bowes,CA,33.0,112.0,closure permanent,closure,2024-08-12,2024-08-09,2024-10-08,,2024-10-08,66.05,1
wells fargo,IA,52.0,1.0,amendment,amendment,,2023-10-03,2023-12-03,,2023-12-03,65.7,0
amazon sna 3,CA,45.0,34.0,layoff permanent,layoff,2026-01-30,2026-01-29,2026-04-28,,2026-04-28,65.63,0
chimborazo,MN,72.0,1.0,layoff,layoff,,,2026-01-12,,2026-01-12,65.65,0
jabil,NM,33.0,130.0,layoff,layoff,2024-07-15,2024-07-15,2024-09-13,,2024-09-13,66.27,1
first savings bank,CT,52.0,135.0,layoff,layoff,,2023-09-09,2023-11-30,,2023-11-30,66.14,1
parsec,SC,,39.0,closure,closure,,2026-02-23,2026-05-01,,2026-05-01,65.61,0
john deere dubuque works,IA,33.0,99.0,mass layoff,mass_layoff,,2024-06-28,2024-08-30,,2024-08-30,66.05,1
r c packing,CA,,161.0,closure permanent,closure,2025-11-18,2025-11-18,2025-11-16,,2025-11-16,66.23,1
amentum,CO,56.0,93.0,completion of mileston,other,,2025-03-24,2025-05-01,2025-05-31,2025-05-01,65.94,1
gulfmark energy inc bowie,TX,21.0,15.0,layoff,layoff,,,2023-11-01,,2023-11-01,65.64,0
daifuku services america,CA,56.0,75.0,layoff permanent,layoff,2024-02-22,2024-02-22,2024-04-22,,2024-04-22,65.84,0
the pep boys manny moe jack,PA,,8.0,closure,closure,,,2024-08-28,,2024-08-28,65.65,0
baker taylor,NC,42.0,112.0,closure,closure,2025-10-16,2025-10-06,2026-01-23,,2026-01-23,66.03,1
discord,CA,51.0,160.0,layoff permanent,layoff,2024-01-26,2024-01-11,2024-02-02,,2024-02-02,66.23,1
sealed air,CA,,51.0,closure permanent,closure,2026-01-16,2026-01-08,2026-04-30,,2026-04-30,65.64,0
mettiki coal wv,WV,21.0,92.0,closure,closure,,2026-04-01,2026-05-31,,2026-05-31,65.8,0
sunrun,CA,,50.0,layoff permanent,layoff,2023-09-14,2023-08-02,2023-10-02,,2023-10-02,65.63,0
wellmore energy company llc black watch operations 1209 old rock road grundy va 24614,VA,21.0,1.0,layoff,layoff,,2023-07-11,2023-09-10,,2023-09-10,65.56,0
georg fischer signet,CA,32.0,100.0,layoff temporary,layoff,2025-10-15,2025-10-13,2025-12-22,,2025-12-22,65.99,1
salvation army,MN,81.0,5.0,closure,closure,,,2025-05-01,,2025-05-01,65.65,0
wellpath,CA,62.0,72.0,layoff permanent,layoff,2025-10-27,2025-10-27,2025-12-31,,2025-12-31,65.82,0
zp better together,CA,51.0,3.0,closure permanent,closure,2023-06-12,2023-05-24,2023-07-24,,2023-07-24,65.63,0
panera,NJ,,201.0,layoff,layoff,,2025-09-08,,,2025-09-08,66.31,1
heartland human care services,IL,62.0,72.0,layoff,layoff,2026-02-17,2026-04-01,2026-04-01,,2026-04-01,65.85,0
liberty dental plan,TN,52.0,1.0,unknown,other,2026-02-19,,2026-04-06,,2026-04-06,65.61,0
right at school,CA,61.0,12.0,layoff permanent,layoff,2025-04-10,2025-04-09,2025-06-10,,2025-06-10,65.63,0
hyperloop one,CA,48.0,1.0,layoff permanent,layoff,2023-12-14,2023-11-02,2023-12-15,,2023-12-15,65.63,0
synopsys,CA,51.0,55.0,layoff permanent,layoff,2026-03-23,2026-03-23,2026-05-26,,2026-05-26,65.67,0
google us mtv cl4,CA,51.0,5.0,layoff permanent,layoff,2024-01-25,2024-01-10,2024-03-10,,2024-03-10,65.63,0
uf health shands,FL,62.0,139.0,layoff,layoff,,2026-02-18,2026-05-01,2026-05-01,2026-05-01,66.16,1
marshfield clinic health system,WI,62.0,27.0,layoff,layoff,,2023-01-30,2023-03-31,,2023-03-31,65.64,0
discover financial services,IL,52.0,108.0,layoff,layoff,2024-01-18,2024-01-18,2024-03-18,,2024-03-18,66.06,1
multnomah university,OR,,88.0,closure,closure,,2024-05-07,,,2024-05-07,65.98,1
dermtech,CA,54.0,51.0,layoff permanent,layoff,2024-08-30,2024-08-30,2024-09-06,,2024-09-06,65.64,0
westrock services,GA,32.0,89.0,permanent layoff / reduction in force,layoff,,,2023-08-12,,2023-08-12,66.01,1
biological dynamics,CA,54.0,62.0,closure permanent,closure,2024-05-10,2024-05-01,2024-06-30,,2024-06-30,65.74,0
460 san diego lgbt community center,CA,81.0,1.0,layoff permanent,layoff,2025-07-10,2025-07-03,2025-09-06,,2025-09-06,65.63,0
briggs stratton,WI,33.0,166.0,layoff,layoff,,2023-01-27,2023-03-31,,2023-03-31,66.26,1
agra culture and sotarol mpls,MN,72.0,1.0,closure,closure,,,2024-11-19,,2024-11-19,65.65,0
cushman wakefield u s inc virtual,CA,53.0,2.0,layoff permanent,layoff,2023-05-11,2023-04-27,2023-06-25,,2023-06-25,65.63,0
update first brands group cuyahoga 3,OH,62.0,110.0,closure,closure,2026-03-12,,2026-04-30,2026-06-30,2026-04-30,66.0,1
ceryx management llc sepulveda,CA,53.0,4.0,layoff permanent,layoff,2025-11-07,2025-10-31,2025-10-03,,2025-10-03,65.63,0
planned parenthood orange and san bernardino counties inc 918,CA,62.0,7.0,layoff permanent,layoff,2025-10-13,2025-10-13,2025-12-13,,2025-12-13,65.63,0
yellow,CA,52.0,30.0,closure permanent,closure,2023-08-15,2023-08-01,2023-07-30,,2023-07-30,69.0,1
lutheran services of iowa,IA,62.0,10.0,mass layoff,mass_layoff,,2025-03-03,2025-03-28,,2025-03-28,65.7,0
overhead door,OR,33.0,49.0,closure,closure,,2024-10-17,,,2024-10-17,65.69,0
collis,IA,,51.0,mass layoff,mass_layoff,,2026-01-20,2026-03-23,,2026-03-23,65.71,0
ford walker haggerty behar llp fwhb,CA,54.0,11.0,closure permanent,closure,2025-05-05,2025-05-01,2025-06-30,,2025-06-30,65.63,0
amazon sna11,CA,45.0,178.0,layoff permanent,layoff,2025-10-29,2025-10-28,2026-01-26,,2026-01-26,66.29,1
bell carter foods,CA,31.0,11.0,layoff permanent,layoff,2025-03-07,2025-03-07,2025-05-09,,2025-05-09,65.63,0
iron galaxy studios,FL,51.0,50.0,layoff,layoff,,2026-04-17,2026-04-17,2026-07-17,2026-04-17,65.62,0
tacomac,GA,72.0,25.0,closure,closure,,,2023-09-20,,2023-09-20,65.71,0
vimo inc dba,FL,54.0,1.0,layoff,layoff,,2024-12-20,2025-02-19,2025-02-19,2025-02-19,65.62,0
tasteful selections,CA,11.0,54.0,layoff permanent,layoff,2023-03-02,2023-02-28,2023-04-29,,2023-04-29,65.67,0
cree lighting,WI,33.0,172.0,layoff,layoff,,2026-03-12,2026-03-12,,2026-03-12,66.28,1
cvg commercial vehicle group alabama,AL,33.0,76.0,layoff,layoff,,2026-02-19,2026-04-11,,2026-04-11,65.8,0
masonite corporation greenville,TX,32.0,75.0,layoff,layoff,,,2023-12-06,,2023-12-06,65.86,0
e j gallo wineries j vineyards winery,CA,31.0,11.0,layoff permanent,layoff,2026-02-13,2026-02-12,2026-04-15,,2026-04-15,65.63,0
berry global,CA,32.0,25.0,closure permanent,closure,2023-01-19,2023-01-10,2023-04-02,,2023-04-02,65.63,0
ups,CA,,153.0,layoff permanent,layoff,2024-06-13,2024-06-12,2024-08-12,,2024-08-12,66.21,1
right at school,CA,61.0,10.0,layoff permanent,layoff,2025-04-10,2025-04-09,2025-06-10,,2025-06-10,65.63,0
linkedin,CA,51.0,42.0,layoff permanent,layoff,2024-01-19,2023-12-15,2023-12-15,,2023-12-15,65.63,0
cepheid,CA,32.0,1.0,layoff permanent,layoff,2023-04-25,2023-04-11,2023-06-20,,2023-06-20,65.63,0
blue shield of california building b,CA,52.0,18.0,layoff permanent,layoff,2025-04-22,2025-04-21,2025-05-01,,2025-05-01,65.63,0
masonite coorporation,TX,32.0,75.0,layoff,layoff,,,2023-12-06,,2023-12-06,65.86,0
country club mortgage,CA,52.0,3.0,closure permanent,closure,2024-01-17,2023-12-08,2024-02-06,,2024-02-06,65.63,0
niantic,CA,51.0,5.0,layoff permanent,layoff,2025-05-16,2025-05-16,2025-05-19,,2025-05-19,65.63,0
land o lakes,CA,31.0,1.0,closure permanent,closure,2023-01-11,2023-01-10,2023-02-10,,2023-02-10,65.63,0
kaiser foundation hospitals,CA,62.0,3.0,layoff permanent,layoff,2025-02-11,2025-02-10,2025-02-10,,2025-02-10,65.63,0
ipg dxtra entertainment inc d b a rogers cowan pmk,CA,54.0,108.0,layoff permanent,layoff,2025-09-17,2025-09-17,2025-11-16,,2025-11-16,66.03,1
hormel foods,GA,31.0,135.0,permanent layoff / reduction in force,layoff,,,2025-10-26,,2025-10-26,66.22,1
c2 technologies,AZ,54.0,1.0,layoff,layoff,,2026-03-05,,,2026-03-05,65.65,0
abbvie,CA,32.0,9.0,closure permanent,closure,2025-11-13,2025-11-10,2026-01-09,,2026-01-09,65.63,0
parker hannifin,IL,,114.0,closing,closure,2024-07-08,2024-07-08,2024-10-04,2024-04-04,2024-10-04,66.09,1
exyte u s,ID,23.0,201.0,layoff,layoff,2025-10-02,2025-09-02,2025-09-02,,2025-09-02,66.38,1
advance stores company incorporated and its subsidiary golden state supply,CA,44.0,8.0,closure permanent,closure,2024-11-15,2024-11-14,2025-02-27,,2025-02-27,65.63,0
mcdonald s restaurant of california,CA,72.0,67.0,layoff temporary,layoff,2025-04-04,2025-04-04,2025-06-09,,2025-06-09,65.78,0
bed bath beyond st cloud,MN,44.0,10.0,closure,closure,,,2023-01-01,,2023-01-01,65.65,0
saks,AZ,45.0,67.0,layoff,layoff,,2026-02-10,,,2026-02-10,65.8,0
acutus medical,CA,33.0,24.0,layoff permanent,layoff,2025-02-06,2025-02-06,2025-04-07,,2025-04-07,65.63,0
rural health clinic,NC,62.0,6.0,closure,closure,2023-08-04,2023-08-03,2023-10-05,,2023-10-05,65.61,0
tusimple,CA,54.0,95.0,layoff permanent,layoff,2024-01-18,2023-12-04,2024-02-01,,2024-02-01,65.96,1
kaiser foundation hospitals 1100,CA,62.0,20.0,layoff permanent,layoff,2025-10-07,2025-10-06,2025-09-17,,2025-09-17,65.63,0
sodexo,OH,72.0,116.0,layoff,layoff,2024-05-06,,2024-05-24,,2024-05-24,66.03,1
aramark at general mills,MN,72.0,56.0,layoff,layoff,2024-04-04,2024-04-04,2024-05-31,,2024-05-31,65.71,0
ball advanced aluminum technologies 56 dunsmore road verona va 24482,VA,33.0,73.0,closure,closure,,2023-11-01,2023-12-31,,2023-12-31,65.75,0
freewire technologies,CA,33.0,113.0,closure permanent,closure,2024-05-01,2024-04-25,2024-06-24,,2024-06-24,66.05,1
amentum update,CO,,48.0,layoff,layoff,,2025-12-04,2026-01-26,2026-01-30,2026-01-26,66.82,1
scentsy,TX,32.0,94.0,layoff,layoff,,,2025-03-01,,2025-03-01,65.97,1
sentinel transportation,CA,,2.0,layoff permanent,layoff,2026-03-30,2026-03-30,2026-05-31,,2026-05-31,65.63,0
roseburg forest products,MS,32.0,101.0,closure,closure,,2023-06-21,2023-08-21,,2023-08-21,65.94,1
lendlease americas,CA,23.0,27.0,layoff permanent,layoff,2024-01-03,2023-11-08,2024-01-08,,2024-01-08,65.63,0
shake shack enterprises,CA,,24.0,closure permanent,closure,2024-08-27,2024-08-26,2024-08-27,,2024-08-27,65.63,0
delta apparel,NC,31.0,101.0,closure,closure,2024-06-30,2024-06-30,2024-08-29,,2024-08-29,65.98,1
ag mart produce,FL,11.0,4.0,layoff,layoff,,2023-07-18,2023-05-03,2024-02-29,2023-05-03,65.62,0
bindagraphics,MD,32.0,60.0,closure,closure,,2023-05-10,2023-07-09,,2023-07-09,65.78,0
gannett publishing services,IN,51.0,56.0,layoff,layoff,,2023-01-04,2023-03-13,,2023-03-13,65.65,0
crothall healthcare houston,TX,56.0,69.0,layoff,layoff,,,2024-12-15,,2024-12-15,65.81,0
avantive solutions,OK,,48.0,layoff,layoff,,2023-06-12,,,2023-06-12,66.78,1
xifin,TX,,87.0,layoff,layoff,,,2025-05-29,,2025-05-29,65.93,1
sdi stores llc d b a bobs stores,CT,,108.0,closure,closure,,2024-05-21,2024-05-31,,2024-05-31,66.03,1
rivian automotive,CA,33.0,29.0,layoff permanent,layoff,2023-03-01,2023-02-01,2023-04-14,,2023-04-14,65.63,0
med metrix,PA,54.0,142.0,closure,closure,,,2025-06-20,,2025-06-20,66.2,1
sodexo inc and affiliates,MD,72.0,16.0,closure,closure,,2023-06-13,2023-08-08,,2023-08-08,65.68,0
yellow,IA,52.0,7.0,closing,closure,,2023-08-01,2023-07-30,,2023-07-30,69.0,1
corteva agriscience,CA,11.0,4.0,layoff permanent,layoff,2025-07-15,2025-07-15,2025-09-26,,2025-09-26,65.63,0
project fusion,CA,54.0,26.0,closure permanent,closure,2024-04-16,2024-04-11,2024-06-11,,2024-06-11,65.63,0
primo brands inc 4500,CA,,33.0,closure permanent,closure,2025-04-24,2025-04-18,2025-06-17,,2025-06-17,65.63,0
thermo fisher scientific,CA,33.0,29.0,layoff permanent,layoff,2023-04-26,2023-04-11,2023-06-10,,2023-06-10,65.63,0
ieh auto parts,NJ,42.0,56.0,layoff,layoff,,2023-04-22,,,2023-04-22,65.64,0
waymo,CA,54.0,111.0,layoff permanent,layoff,2023-03-03,2023-03-01,2023-05-05,,2023-05-05,66.04,1
transdev services,NJ,,50.0,layoff,layoff,,2023-09-30,,,2023-09-30,65.58,0
management training corporation bridgeport correctional facility,TX,92.0,103.0,layoff,layoff,,,2025-08-31,,2025-08-31,66.02,1
herbalife international of america,CA,31.0,27.0,layoff permanent,layoff,2024-05-20,2024-05-20,2024-05-31,,2024-05-31,65.63,0
compass group,IL,52.0,82.0,layoff,layoff,2025-01-07,2025-08-25,2025-03-01,,2025-03-01,69.0,1
basler plastics,TX,32.0,41.0,layoff,layoff,,,2024-12-31,,2024-12-31,65.64,0
mmci acquisition llc dba mortech manufacturing,CA,33.0,46.0,closure permanent,closure,2025-09-22,2025-09-22,2025-12-01,,2025-12-01,65.63,0
radius global solutions,SC,,1.0,layoff,layoff,,2023-03-07,2023-04-03,,2023-04-03,65.61,0
international foundation for electoral systems 2011 crystal drive arlington va 22202,VA,54.0,48.0,layoff,layoff,,2025-03-11,2025-03-02,,2025-03-02,65.56,0
wedriveu,AZ,48.0,138.0,layoff,layoff,,2025-07-16,,,2025-07-16,66.18,1
california resources,CA,21.0,4.0,layoff permanent,layoff,2023-10-04,2023-08-28,2023-08-28,,2023-08-28,65.63,0
google la 2,CA,51.0,2.0,layoff permanent,layoff,2023-01-23,2023-01-20,2023-03-31,,2023-03-31,65.63,0
planned parenthood mar monte,CA,62.0,3.0,layoff permanent,layoff,2025-07-30,2025-07-24,2025-09-24,,2025-09-24,65.63,0
burlington trailways,IA,48.0,7.0,closing,closure,,2025-09-18,2025-10-18,,2025-10-18,65.7,0
next gen healthcare,MO,54.0,84.0,layoff,layoff,,2023-11-16,2024-01-16,,2024-01-16,65.86,0
proterial cable america,IN,33.0,109.0,layoff,layoff,,2023-06-01,2023-11-17,,2023-11-17,66.0,1
electronic arts industrial toys studio,CA,51.0,105.0,closure permanent,closure,2023-02-09,2023-01-31,2023-03-03,,2023-03-03,66.01,1
japan tobacco international usa,NJ,31.0,80.0,layoff,layoff,,2024-08-01,,,2024-08-01,65.83,0
amazon maf8,CA,45.0,196.0,closure permanent,closure,2026-01-28,2026-01-28,2026-04-28,,2026-04-28,66.34,1
99 cents only store llc bellaire,TX,45.0,20.0,layoff,layoff,,,2024-06-03,,2024-06-03,65.64,0
international business machines,CA,54.0,75.0,layoff permanent,layoff,2025-11-04,2025-11-04,2025-01-05,,2025-01-05,65.84,0
uma enterprises,CA,42.0,36.0,layoff permanent,layoff,2024-12-13,2024-12-13,2025-01-31,,2025-01-31,65.63,0
milwaukee electric tool,MS,,48.0,layoff,layoff,,2025-01-29,,,2025-01-29,66.78,1
kirby perkins construction,RI,23.0,58.0,layoff,layoff,2024-07-12,2024-07-08,2024-09-06,,2024-09-06,65.61,0
amentum,CO,56.0,40.0,partial completion of pcapp project,other,,2025-01-28,2025-01-28,2025-03-31,2025-01-28,65.62,0
shop vac usa,PA,33.0,80.0,layoff,layoff,,,2023-04-28,,2023-04-28,65.9,1
bed bath beyond minnetonka,MN,44.0,14.0,closure,closure,,,2023-05-01,,2023-05-01,65.65,0
immunitybio,NC,54.0,1.0,layoff,layoff,2023-03-06,2023-03-03,2023-02-27,,2023-02-27,65.61,0
dnata us inflight caterin,CA,72.0,2.0,layoff permanent,layoff,2023-09-14,2023-08-11,2023-11-17,,2023-11-17,65.63,0
bristol myers squibb bms,NJ,32.0,68.0,layoff,layoff,,2025-09-25,,,2025-09-25,65.74,0
fresenius usa manufacturing,OH,33.0,54.0,layoff,layoff,2026-01-29,,2026-04-10,,2026-04-10,65.63,0
cascades specialty products group,IL,32.0,26.0,closing,closure,2023-02-22,2023-02-22,2023-04-30,,2023-04-30,65.66,0
clark pacific,CA,32.0,65.0,layoff permanent,layoff,2025-07-17,2025-07-17,2025-10-03,,2025-10-03,65.76,0
clarion management,CA,56.0,5.0,closure permanent,closure,2025-02-19,2025-02-18,2025-04-20,,2025-04-20,65.63,0
lazydays holdings,FL,44.0,76.0,layoff,layoff,,2025-09-16,2025-11-16,2025-11-30,2025-11-16,65.84,0
waymakers,CA,62.0,3.0,layoff permanent,layoff,2026-03-20,2026-03-19,2026-06-30,,2026-06-30,65.63,0
william inez mabel skilled nursing facility,CA,62.0,85.0,closure permanent,closure,2023-01-23,2022-12-19,2023-02-18,,2023-02-18,65.9,1
cygnus home service,WI,81.0,1.0,layoff,layoff,,2024-07-16,2024-09-14,,2024-09-14,65.64,0
hubbell gas utility solutions,WI,33.0,106.0,closure,closure,,2023-01-04,2023-03-07,,2023-03-07,66.03,1
main street sports group,CA,71.0,97.0,closure permanent,closure,2026-02-13,2026-02-13,2026-04-14,,2026-04-14,65.97,1
c d jarnagin,MS,56.0,3.0,closure,closure,,2025-04-02,2025-04-15,,2025-04-15,65.58,0
athletics investment group,CA,71.0,43.0,layoff permanent,layoff,2024-07-24,2024-07-23,2024-10-02,,2024-10-02,65.63,0
a i m recon,NC,81.0,59.0,closure,closure,2024-10-09,2024-10-09,2024-10-18,,2024-10-18,65.7,0
innodata services,FL,51.0,3.0,layoff,layoff,,2026-02-03,2026-02-06,2026-03-13,2026-02-06,65.62,0
home care delivered inc 11013 west broad street 4th floor glen allen va 23060,VA,62.0,73.0,layoff,layoff,,2025-10-06,2025-12-10,,2025-12-10,65.75,0
molson coors beverage company usa,WI,31.0,34.0,closure,closure,,2024-11-06,2025-01-17,,2025-01-17,65.64,0
northstar orthodontics,MN,62.0,1.0,closure,closure,,,2023-12-31,,2023-12-31,65.65,0
legends hospitality,NY,72.0,68.0,contract termination,other,,2025-01-02,2025-04-02,2025-04-02,2025-04-02,65.92,1
millennium account services,NJ,56.0,80.0,layoff,layoff,,2024-12-31,,,2024-12-31,65.83,0
motional ad,NV,54.0,129.0,layoff,layoff,2024-05-07,2024-05-07,2024-07-06,,2024-07-06,66.18,1
nh research,CA,33.0,4.0,layoff permanent,layoff,2023-01-12,2023-01-11,2023-07-05,,2023-07-05,65.63,0
boeing,FL,33.0,1.0,layoff,layoff,,2024-11-18,2025-01-17,2025-01-17,2025-01-17,65.62,0
right at school,CA,61.0,24.0,layoff permanent,layoff,2025-04-09,2025-04-09,2025-06-18,,2025-06-18,65.63,0
thermo fisher scientific two 2 locations,MA,33.0,48.0,layoff,layoff,2025-01-31,,2025-03-30,,2025-03-30,66.83,1
kidizen minneapolis,MN,45.0,1.0,closure,closure,,,2024-10-30,,2024-10-30,65.65,0
winston brands,IL,45.0,73.0,closing,closure,2025-10-23,2025-10-23,2025-12-15,2026-07-26,2025-12-15,65.86,0
nikola,CA,33.0,16.0,layoff permanent,layoff,2025-02-19,2025-02-19,2025-04-21,,2025-04-21,65.63,0
web to door,CA,48.0,67.0,layoff permanent,layoff,2025-08-27,2025-08-26,2025-10-27,,2025-10-27,65.78,0
marshfield clinic health system,WI,62.0,60.0,layoff,layoff,,2023-03-01,2023-05-19,,2023-05-19,65.73,0
google us mtv 43,CA,51.0,12.0,layoff permanent,layoff,2024-01-25,2024-01-10,2024-03-10,,2024-03-10,65.63,0
agile physical therapy sutter health san carlos physical therapy hand therapy,CA,62.0,19.0,layoff permanent,layoff,2025-09-26,2025-09-12,2025-11-14,,2025-11-14,65.63,0
boeing,FL,33.0,5.0,layoff,layoff,,2024-11-18,2025-01-17,2025-01-17,2025-01-17,65.62,0
american eagle outfitters,CA,44.0,108.0,closure permanent,closure,2026-02-02,2026-02-02,2026-04-03,,2026-04-03,66.03,1
marvell semiconductor,CA,33.0,58.0,layoff permanent,layoff,2023-12-14,2023-11-15,2024-01-16,,2024-01-16,65.7,0
f21 opco llc dba forever 21,CA,44.0,20.0,closure permanent,closure,2025-02-26,2025-02-19,2025-04-25,,2025-04-25,65.63,0
boostability,UT,54.0,57.0,layoff,layoff,,2025-03-14,,,2025-03-14,65.73,0
packers sanitation services,AL,56.0,90.0,layoff,layoff,,2024-11-14,2024-12-13,,2024-12-13,65.89,0
appliance plus,IA,44.0,1.0,closing,closure,,2026-04-14,2026-07-31,,2026-07-31,65.7,0
boeing,FL,33.0,3.0,layoff,layoff,,2024-11-18,2025-01-17,2025-01-17,2025-01-17,65.62,0
right at school,CA,61.0,19.0,layoff permanent,layoff,2025-04-10,2025-04-09,2025-06-10,,2025-06-10,65.63,0
aspen ml,OR,,95.0,layoff,layoff,,2024-03-25,,,2024-03-25,66.02,1
new london cafe,MN,72.0,4.0,closure,closure,,,2024-01-18,,2024-01-18,65.65,0
rsn co llc dba bally sports san diego,CA,51.0,5.0,closure permanent,closure,2023-07-27,2023-06-28,2023-07-29,,2023-07-29,65.63,0
mabel 4th street health care center,CA,62.0,16.0,closure permanent,closure,2023-01-23,2022-12-19,2023-02-18,,2023-02-18,65.63,0
metropolitan animal specialty hospital 1120,CA,54.0,3.0,closure permanent,closure,2025-04-24,2025-04-23,2025-06-22,,2025-06-22,65.63,0
99 cents only stores,CA,45.0,41.0,closure permanent,closure,2024-04-16,2024-04-04,2024-06-03,,2024-06-03,65.63,0
henkel,CA,32.0,13.0,closure permanent,closure,2025-11-21,2025-11-20,2026-01-30,,2026-01-30,65.63,0
fresno economic opportunities commission 2121 n van ness ave,CA,62.0,9.0,layoff temporary,layoff,2025-11-03,2025-10-31,2026-01-01,,2026-01-01,65.63,0
autism home support services,IL,32.0,33.0,closing,closure,2023-06-20,2023-06-20,2023-08-21,2023-09-18,2023-08-21,65.66,0
right at school llc sheldon academy,CA,33.0,3.0,closure permanent,closure,2025-04-10,2025-04-09,2025-06-09,,2025-06-09,65.63,0
acc premiere,PA,,67.0,layoff,layoff,,,2025-09-19,,2025-09-19,65.8,0
de la pena eye clinic dlp commerce,CA,62.0,38.0,closure permanent,closure,2026-02-18,2026-02-13,2026-03-13,,2026-03-13,65.63,0
fresno economic opportunities commission 16641 palmer st,CA,62.0,10.0,layoff temporary,layoff,2025-11-03,2025-10-31,2026-01-01,,2026-01-01,65.63,0
sino television,CA,51.0,6.0,layoff permanent,layoff,2024-06-12,2024-06-11,2024-08-11,,2024-08-11,65.63,0
national distribution centers,CA,,175.0,closure permanent,closure,2023-02-02,2023-01-23,2023-03-24,,2023-03-24,66.28,1
chart,CA,33.0,8.0,closure permanent,closure,2024-01-11,2023-11-28,2024-02-28,,2024-02-28,65.63,0
eden green technology,TX,11.0,102.0,layoff,layoff,,,2025-12-13,,2025-12-13,66.02,1
fresno economic opportunities commission 13660 e manning ave,CA,62.0,7.0,layoff temporary,layoff,2025-11-03,2025-10-31,2026-01-01,,2026-01-01,65.63,0
comprehensive logistics,TN,49.0,172.0,unknown,other,2024-06-03,,2024-07-01,,2024-07-01,66.25,1
delta apparel,NC,31.0,55.0,closure,closure,2024-06-30,2024-06-30,2024-08-29,,2024-08-29,65.66,0
jabil,KY,33.0,108.0,layoff,layoff,2024-09-30,,2024-12-06,,2024-12-06,66.01,1
weaber,PA,32.0,46.0,closure,closure,,,2025-08-25,2025-09-08,2025-08-25,65.65,0
bahama breeze,FL,72.0,75.0,layoff,layoff,,2026-02-03,2026-04-05,2026-04-05,2026-04-05,65.83,0
northern brewer st louis park,MN,44.0,9.0,closure,closure,,,2023-08-01,,2023-08-01,65.65,0
tyson foods,IA,31.0,32.0,amendment - change in date,amendment,,2024-06-11,2024-07-27,,2024-07-27,65.7,0
walgreens,CA,,26.0,closure permanent,closure,2025-01-31,2025-01-31,2025-03-17,,2025-03-17,65.63,0
c3 industries,MI,,62.0,closure,closure,,,2026-02-14,,2026-02-14,65.66,0
oncall urgent care,IL,62.0,14.0,closing,closure,2025-06-16,2025-06-16,2022-08-08,,2022-08-08,65.66,0
timken,NC,33.0,58.0,closure,closure,2025-02-24,2025-02-24,2025-12-31,,2025-12-31,65.69,0
upper iowa university,IA,,21.0,mass layoff,mass_layoff,,2023-05-10,2023-05-10,,2023-05-10,65.7,0
morrison healthcare placentia linda hospital,CA,62.0,21.0,layoff permanent,layoff,2025-06-17,2025-06-10,2025-07-28,,2025-07-28,65.63,0
crothall healthcare,AL,56.0,52.0,layoff,layoff,,2025-08-11,2025-09-30,,2025-09-30,65.61,0
southwest key programs stx regional headquarters,TX,,12.0,layoff,layoff,,,2025-11-05,,2025-11-05,65.64,0
kaiser foundation hospitals,CA,62.0,1.0,layoff permanent,layoff,2023-10-03,2023-09-12,2023-11-10,,2023-11-10,65.63,0
tyson foods revised 2 19 24,IN,31.0,168.0,closure,closure,,2024-02-19,2024-08-10,,2024-08-10,66.23,1
university of southern california,CA,62.0,2.0,layoff permanent,layoff,2024-07-31,2024-07-26,2024-10-01,,2024-10-01,65.63,0
able care transport,SC,48.0,3.0,closure,closure,,2024-06-01,2024-06-29,,2024-06-29,65.61,0
kaiser foundation hospitals,CA,62.0,8.0,layoff permanent,layoff,2025-08-19,2025-08-18,2025-08-04,,2025-08-04,65.63,0
electro cycle,KY,33.0,57.0,closure,closure,2024-01-04,,2024-01-04,,2024-01-04,65.68,0
amazon mai8,CA,45.0,182.0,closure permanent,closure,2026-01-28,2026-01-28,2026-04-28,,2026-04-28,66.3,1
good sports plus ltd dba arc phoenix rising desert oasis high school,CA,61.0,2.0,layoff permanent,layoff,2026-04-03,2026-04-02,2026-06-04,,2026-06-04,65.63,0
burlington trailways,NE,48.0,11.0,layoff,layoff,,2025-09-19,,,2025-09-19,65.6,0
amazon maq8,CA,45.0,163.0,closure permanent,closure,2026-01-28,2026-01-28,2026-04-28,,2026-04-28,66.24,1
keen transport,PA,48.0,52.0,layoff,layoff,,,2026-01-20,,2026-01-20,65.67,0
ttec,FL,56.0,57.0,layoff,layoff,,2026-02-13,2026-04-14,2026-04-14,2026-04-14,65.69,0
bahama breeze,FL,72.0,86.0,layoff,layoff,,2026-04-07,2026-04-20,2026-04-20,2026-04-20,65.91,1
3851 san diego lgbt community center,CA,81.0,1.0,layoff permanent,layoff,2025-07-10,2025-07-03,2025-09-06,,2025-09-06,65.63,0
sober living by the sea,CA,62.0,65.0,closure permanent,closure,2023-11-15,2023-10-11,2023-12-10,,2023-12-10,65.76,0
socal south oc,CA,72.0,2.0,layoff permanent,layoff,2024-02-23,2023-12-01,2024-02-05,,2024-02-05,65.63,0
trumer brewery comeback brewing ii dba trumer brewery,CA,31.0,27.0,closure permanent,closure,2026-04-14,2026-04-13,2026-05-29,,2026-05-29,65.63,0
wells fargo 1755,CA,52.0,6.0,layoff permanent,layoff,2025-05-14,2025-05-13,2025-05-13,,2025-05-13,65.63,0
xellia pharmaceutical usa,IL,,32.0,closing,closure,2024-06-17,2024-06-17,2024-08-17,2024-12-31,2024-08-17,65.66,0
case paper,CA,42.0,18.0,closure permanent,closure,2025-04-16,2025-04-16,2025-06-15,,2025-06-15,65.63,0
americold logistics,GA,49.0,5.0,permanent layoff / reduction in force,layoff,,,2025-10-06,,2025-10-06,65.71,0
monitronics international inc d b a brinks home,CT,56.0,81.0,layoff,layoff,2023-01-05,2023-01-05,2023-03-05,,2023-03-05,65.88,0
advance stores company incorporated and its subsidiary golden state supply,CA,44.0,11.0,closure permanent,closure,2024-11-15,2024-11-14,2025-03-06,,2025-03-06,65.63,0
cepheid,CA,32.0,24.0,layoff permanent,layoff,2025-03-13,2025-03-12,2025-05-12,,2025-05-12,65.63,0
advance stores company incorporated and its subsidiary golden state supply,CA,44.0,11.0,closure permanent,closure,2024-11-15,2024-11-14,2025-03-09,,2025-03-09,65.63,0
arris composites,CA,33.0,1.0,layoff permanent,layoff,2023-01-10,2022-09-07,2022-11-07,,2022-11-07,65.63,0
general atomics aeronautical systems,CA,33.0,3.0,layoff permanent,layoff,2023-04-21,2023-04-04,2023-06-05,,2023-06-05,65.63,0
nordstrom credit operations nordstrom credit bank,MO,52.0,1.0,layoff,layoff,,2025-11-19,2025-11-19,,2025-11-19,65.59,0
sunrun,CA,,31.0,layoff permanent,layoff,2023-10-18,2023-09-12,2023-11-13,,2023-11-13,65.63,0
boeing,CA,33.0,1.0,layoff permanent,layoff,2024-11-15,2024-11-15,2025-01-17,,2025-01-17,65.63,0
epic games,NC,51.0,85.0,layoff,layoff,2023-10-04,2023-09-28,2023-12-01,,2023-12-01,65.89,0
fedex supply chain,IN,49.0,170.0,layoff,layoff,,2023-06-29,2023-08-30,,2023-08-30,66.23,1
smbc manubank,FL,52.0,4.0,layoff,layoff,,2026-01-08,2026-03-10,2026-03-10,2026-03-10,65.62,0
yellow,CA,52.0,27.0,closure permanent,closure,2023-08-18,2023-08-01,2023-07-30,,2023-07-30,69.0,1
intel,PA,33.0,56.0,layoff,layoff,,,2024-11-15,,2024-11-15,65.71,0
coach usa,CA,48.0,59.0,closure permanent,closure,2024-06-11,2024-06-10,2024-09-03,,2024-09-03,65.71,0
google,CA,51.0,42.0,layoff permanent,layoff,2025-02-27,2025-02-26,2025-04-06,,2025-04-06,65.63,0
bank of the west,CA,52.0,203.0,layoff permanent,layoff,2023-08-10,2023-07-10,2023-09-15,,2023-09-15,66.36,1
qualcomm incorporated,CA,33.0,27.0,layoff permanent,layoff,2023-06-14,2023-05-17,2023-07-18,,2023-07-18,65.63,0
tmg hotel figueroa f b venues,CA,72.0,144.0,closure permanent,closure,2024-01-25,2023-12-14,2024-02-12,,2024-02-12,66.18,1
paramount global,CA,32.0,1.0,layoff permanent,layoff,2024-12-19,2024-12-19,2025-03-14,,2025-03-14,64.0,0
reliant services group llc dba reliant funding,CA,52.0,79.0,closure permanent,closure,2023-02-01,2023-01-25,2023-03-26,,2023-03-26,65.86,0
l t precision,CA,33.0,81.0,closure permanent,closure,2025-05-20,2025-05-13,2025-08-01,,2025-08-01,65.88,0
alector,CA,54.0,75.0,layoff permanent,layoff,2025-10-22,2025-10-21,2025-12-22,,2025-12-22,65.84,0
carrus lakeside hospital,OK,,48.0,closure,closure,,2025-12-15,,,2025-12-15,66.78,1
walgreens,IL,,170.0,layoff,layoff,2023-05-23,2023-11-08,2023-07-23,,2023-07-23,66.3,1
unitypoint health,IA,51.0,5.0,mass layoff,mass_layoff,,2026-04-14,2026-07-24,,2026-07-24,65.7,0
diamond transportation services,MD,48.0,194.0,layoff,layoff,,2025-11-10,2025-11-30,,2025-11-30,66.39,1
bpm limited,PA,54.0,148.0,layoff,layoff,,,2026-03-29,2026-09-30,2026-03-29,66.22,1
qualcomm incorporated,CA,33.0,11.0,layoff permanent,layoff,2023-06-14,2023-05-17,2023-07-18,,2023-07-18,65.63,0
helpful hands inc joint base san antonio lackland,TX,62.0,96.0,layoff,layoff,,,2026-03-31,,2026-03-31,65.98,1
corteva agriscience,CA,11.0,11.0,layoff permanent,layoff,2025-06-11,2025-06-10,2025-08-01,,2025-08-01,65.63,0
output services group,AL,51.0,135.0,closure,closure,,2025-03-11,2025-05-10,,2025-05-10,66.1,1
lnw gaming,MI,71.0,92.0,closure,closure,,,2025-04-27,,2025-04-27,65.87,0
safeway,CA,,95.0,closure permanent,closure,2025-02-12,2025-02-11,2025-04-11,,2025-04-11,65.96,1
ups,NC,,99.0,closure,closure,2025-03-04,2025-03-03,2025-05-02,,2025-05-02,65.97,1
california communications access foundation,CA,54.0,1.0,layoff permanent,layoff,2024-05-08,2024-04-29,2024-07-01,,2024-07-01,65.63,0
fresno economic opportunities commission 295 w tuft st,CA,62.0,9.0,layoff temporary,layoff,2025-11-03,2025-10-31,2026-01-01,,2026-01-01,65.63,0
centerra group,CA,62.0,18.0,layoff permanent,layoff,2023-11-13,2023-08-10,2023-09-30,,2023-09-30,65.63,0
cvs health,MA,44.0,64.0,layoff,layoff,2023-08-18,,2023-10-21,,2023-10-21,65.76,0
packers sanitation services cactus texas,TX,56.0,113.0,layoff,layoff,,,2023-05-30,,2023-05-30,66.07,1
sorrento therapeutics,CA,62.0,62.0,layoff permanent,layoff,2024-02-15,2024-02-14,2024-02-20,,2024-02-20,65.74,0
paramount global,CA,32.0,140.0,layoff permanent,layoff,2024-10-01,2024-09-30,2024-11-23,,2024-11-23,64.0,0
accenture,CA,54.0,75.0,layoff permanent,layoff,2023-04-21,2023-04-05,2023-06-05,,2023-06-05,65.84,0
gxo logistics supply chain,TN,49.0,211.0,unknown,other,2024-01-10,,2024-03-06,,2024-03-06,66.36,1
cygnus home services llc d b a yelloh,FL,45.0,5.0,layoff,layoff,,2023-10-25,2023-12-15,2023-12-15,2023-12-15,65.62,0
macys south windsor distribution center,CT,49.0,106.0,closure,closure,2025-10-28,2025-10-28,2025-12-28,,2025-12-28,66.02,1
seton medical center hays,TX,,16.0,layoff,layoff,,,2024-10-01,,2024-10-01,65.64,0
adecco usa,CA,56.0,64.0,layoff permanent,layoff,2023-02-01,2023-01-01,2023-02-03,,2023-02-03,65.75,0
maclellan integrated services at rivian automotive,IL,56.0,76.0,layoff,layoff,2025-01-09,2025-01-09,2025-03-03,2025-03-03,2025-03-03,65.88,0
flagship facility services,CA,56.0,8.0,layoff permanent,layoff,2025-02-14,2025-02-14,2025-02-14,,2025-02-14,65.63,0
target,OR,45.0,62.0,closure,closure,,2023-09-28,,,2023-09-28,65.8,0
blue shield of california,CA,52.0,13.0,layoff permanent,layoff,2023-12-29,2023-11-27,2024-01-31,,2024-01-31,65.63,0
g c staffing llc gold flora,CA,56.0,12.0,closure permanent,closure,2025-12-11,2025-12-05,2026-02-10,,2026-02-10,65.63,0
amazon,CA,45.0,1.0,layoff permanent,layoff,2023-01-20,2023-01-18,2023-03-19,,2023-03-19,65.63,0
penske logistics,IL,48.0,96.0,layoff,layoff,2025-03-12,2025-03-12,2025-03-31,2025-03-31,2025-03-31,66.0,1
divvy homes,FL,53.0,2.0,layoff,layoff,,2023-09-07,2023-11-07,2023-11-07,2023-11-07,65.62,0
pbs radiology experts,KY,62.0,2.0,closure,closure,2023-07-10,,2023-09-06,,2023-09-06,65.61,0
wells fargo bank n a,OR,52.0,151.0,closure,closure,,2024-07-23,,,2024-07-23,66.26,1
wells fargo,IA,52.0,47.0,amendment - additional employees,amendment,,2024-09-18,2024-11-18,,2024-11-18,65.7,0
idahoan foods,ID,31.0,61.0,layoff,layoff,2026-04-21,2026-04-21,2026-06-26,,2026-06-26,65.76,0
carbon health medical group,CA,62.0,10.0,layoff permanent,layoff,2024-02-21,2024-01-12,2024-03-12,,2024-03-12,65.63,0
wellspace health,CA,62.0,16.0,layoff permanent,layoff,2024-05-15,2024-04-25,2024-06-30,,2024-06-30,65.63,0
dansons,NC,32.0,49.0,layoff,layoff,2023-11-01,2023-11-01,2024-04-30,,2024-04-30,65.61,0
robert kaufman,CA,31.0,2.0,closure permanent,closure,2025-03-20,2025-03-20,2025-05-19,,2025-05-19,65.63,0
bank of the west,CO,52.0,56.0,reduction in force (end project),layoff,,2023-07-11,2023-09-15,2023-09-15,2023-09-15,65.67,0
cruise llc 840,CA,33.0,1.0,layoff permanent,layoff,2025-04-17,2025-04-16,2025-04-16,,2025-04-16,65.63,0
vanilla bean in duluth,MN,72.0,4.0,closure,closure,,,2024-02-01,,2024-02-01,65.65,0
calpac pizza dba pizza hut,CA,72.0,6.0,layoff permanent,layoff,2024-01-24,2023-12-14,2024-02-13,,2024-02-13,65.63,0
amplify cell technologies,MS,32.0,73.0,layoff,layoff,,2026-03-31,2026-05-30,,2026-05-30,65.78,0
promedica,OH,62.0,105.0,layoff,layoff,2023-03-15,,2023-03-24,2023-04-01,2023-03-24,65.97,1
the service companies,OH,56.0,70.0,layoff,layoff,2023-06-08,,2023-07-31,,2023-07-31,65.76,0
midwest transport,NC,,16.0,closure,closure,2024-10-01,2024-09-27,2024-09-09,,2024-09-09,65.61,0
akasol,MI,33.0,188.0,closure,closure,,,2025-04-14,,2025-04-14,66.24,1
integrity molds inc westfall technik,AZ,33.0,54.0,layoff,layoff,,2023-02-23,,,2023-02-23,65.69,0
christian horizon living,MO,62.0,63.0,closure,closure,,2023-02-23,2023-04-22,,2023-04-22,65.71,0
macy s,NJ,45.0,79.0,layoff,layoff,,2026-03-07,,,2026-03-07,65.82,0
whole food market midtown houston,TX,44.0,110.0,layoff,layoff,,,2023-12-05,,2023-12-05,66.06,1
99 cents only store llc west ave,TX,45.0,20.0,layoff,layoff,,,2024-06-03,,2024-06-03,65.64,0
walgreens,IL,,4.0,layoff,layoff,2023-05-23,2023-09-27,2023-07-23,,2023-07-23,65.66,0
alloy brewing coon rapids,MN,72.0,16.0,closure,closure,,,2025-07-15,,2025-07-15,65.65,0
gdi integrated facility services,KY,56.0,67.0,layoff,layoff,2024-01-08,,2024-01-08,,2024-01-08,65.76,0
ruggable,CA,31.0,24.0,layoff permanent,layoff,2023-02-28,2023-02-22,2023-01-27,,2023-01-27,65.63,0
arsenal biosciences,CA,54.0,100.0,layoff permanent,layoff,2025-09-17,2025-09-16,2025-11-14,,2025-11-14,65.99,1
motortrend group,CA,51.0,70.0,layoff permanent,layoff,2025-01-13,2025-01-13,2025-03-14,,2025-03-14,65.8,0
science museum st paul,MN,71.0,43.0,layoff,layoff,,,2025-07-09,,2025-07-09,65.65,0
bonduelle americas dba ready pac foods,CA,31.0,62.0,layoff permanent,layoff,2026-01-07,2025-12-29,2026-02-01,,2026-02-01,65.74,0
kira aerospace llc nboc,TX,54.0,6.0,layoff,layoff,,,2025-09-30,,2025-09-30,65.64,0
dreamworks animation,CA,71.0,72.0,layoff permanent,layoff,2023-11-15,2023-10-05,2023-12-31,,2023-12-31,65.82,0
amazon san 5,CA,45.0,1.0,layoff permanent,layoff,2025-10-29,2025-10-28,2026-01-26,,2026-01-26,65.63,0
kaiser foundation hospitals,CA,62.0,1.0,layoff temporary,layoff,2023-12-13,2023-11-06,2024-01-04,,2024-01-04,65.63,0
greenlight biosciences,MA,54.0,96.0,layoff,layoff,2023-05-31,,2023-07-29,,2023-07-29,65.97,1
host international,CA,72.0,70.0,layoff temporary,layoff,2025-08-01,2025-08-01,2025-10-01,,2025-10-01,65.8,0
google us san 6420,CA,51.0,45.0,layoff permanent,layoff,2023-01-30,2023-01-20,2023-03-31,,2023-03-31,65.63,0
federal express,CA,49.0,79.0,closure permanent,closure,2025-04-07,2025-04-04,2025-06-02,,2025-06-02,65.86,0
leidos,MD,54.0,16.0,layoff,layoff,,2025-04-02,2025-06-01,,2025-06-01,65.68,0
institue of international education,DC,61.0,24.0,layoff,layoff,,2025-10-20,2026-01-04,,2026-01-04,65.56,0
gee heavy machinery,CA,42.0,7.0,closure permanent,closure,2025-07-18,2025-07-18,2025-07-21,,2025-07-21,65.63,0
modern hr inc dba the kooples bloom,CA,56.0,3.0,closure permanent,closure,2024-11-26,2024-11-21,2025-02-28,,2025-02-28,65.63,0
best western premier waterfront hotel,WI,72.0,33.0,closure,closure,,2023-11-03,2024-01-31,,2024-01-31,65.64,0
building materials manufacturing llc a k a gaf,CA,32.0,69.0,closure permanent,closure,2025-11-20,2025-11-20,2026-01-24,,2026-01-24,65.79,0
advance auto parts,IL,44.0,125.0,closing,closure,2024-11-15,2024-11-15,2025-01-26,2025-03-08,2025-01-26,66.14,1
ten sixty logistics,OH,49.0,125.0,closure,closure,2026-03-19,,2026-03-31,2026-04-30,2026-03-31,66.06,1
st james hotel and uu bar ranch,NM,72.0,58.0,layoff,layoff,2024-08-29,2024-08-29,2024-10-31,,2024-10-31,65.85,0
seatrium amfels,TX,,91.0,layoff,layoff,,,2025-11-28,,2025-11-28,65.96,1
kuehne nagel kn,TX,49.0,68.0,layoff,layoff,,,2024-12-13,,2024-12-13,65.8,0
propak logistics,MO,49.0,93.0,closure,closure,,2023-10-10,2023-12-08,,2023-12-08,65.91,1
advanced systems group,CA,54.0,1.0,layoff permanent,layoff,2024-10-25,2024-10-23,2024-12-31,,2024-12-31,65.63,0
neve sports telluride,CO,45.0,10.0,layoff,layoff,,2023-02-27,,,2023-02-27,65.62,0
specialized bicycle components,OH,,6.0,layoff,layoff,2023-01-11,,2023-01-13,2023-01-13,2023-01-13,65.59,0
badger bus lines,WI,48.0,200.0,layoff,layoff,,2023-06-19,2023-08-18,,2023-08-18,66.36,1
trin,IN,61.0,155.0,closure,closure,,2023-08-22,2023-11-01,,2023-11-01,66.18,1
kentucky medical services foundation,KY,62.0,161.0,layoff,layoff,2023-06-02,,2023-07-31,,2023-07-31,66.22,1
p graham dunn,OH,33.0,92.0,layoff,layoff,2024-10-01,,2024-10-20,,2024-10-20,65.9,1
advance stores company incorporated and its subsidiary golden state supply,CA,44.0,10.0,closure permanent,closure,2024-11-15,2024-11-14,2025-02-02,,2025-02-02,65.63,0
elite staffing at hearthside food solutions,IL,56.0,89.0,layoff,layoff,2024-04-05,2024-04-05,2024-03-28,,2024-03-28,65.96,1
cygnus home services llc d b a yelloh,FL,45.0,6.0,layoff,layoff,,2023-10-25,2023-12-15,2023-12-15,2023-12-15,65.62,0
cascades tissue group st helens paper mill,OR,32.0,72.0,closure,closure,,2023-08-10,,,2023-08-10,65.88,0
dabico airport solutions,CA,54.0,25.0,closure permanent,closure,2023-09-07,2023-06-30,2023-09-01,,2023-09-01,65.63,0
scripps health corporate 1,CA,62.0,2.0,layoff permanent,layoff,2023-03-09,2023-03-08,2023-05-08,,2023-05-08,65.63,0
elringklinger silicon valley,CA,33.0,27.0,closure permanent,closure,2024-11-05,2024-11-04,2025-01-06,,2025-01-06,65.63,0
apple,CA,33.0,23.0,layoff permanent,layoff,2024-04-02,2024-03-28,2024-05-27,,2024-05-27,65.63,0
kellanova company eggo plant,TN,31.0,142.0,unknown,other,2024-03-26,,2024-06-01,,2024-06-01,66.15,1
pace industries,WI,33.0,90.0,layoff,layoff,,2024-05-03,2024-06-15,,2024-06-15,65.94,1
elior,MS,72.0,59.0,closure,closure,,2024-07-18,,,2024-07-18,65.66,0
hannaford bros,MA,44.0,160.0,layoff,layoff,2025-07-14,,2025-09-13,,2025-09-13,66.23,1
b social st cloud,MN,72.0,1.0,closure,closure,,,2024-09-24,,2024-09-24,65.65,0
reimagined parking,MD,54.0,1.0,closure,closure,,2024-03-19,2024-05-18,,2024-05-18,65.68,0
ceva logistics,TN,48.0,142.0,unknown,other,2023-02-22,,2023-04-22,,2023-04-22,66.15,1
kyros,MN,51.0,100.0,closure,closure,,,2024-09-19,,2024-09-19,66.01,1
applovin,CA,51.0,89.0,layoff permanent,layoff,2025-01-15,2025-01-15,2025-01-15,,2025-01-15,65.93,1
hulu llc 2450,CA,51.0,5.0,layoff permanent,layoff,2023-06-08,2023-05-25,2023-06-27,,2023-06-27,65.63,0
foxtrot ventures,IL,62.0,66.0,closing,closure,2024-04-24,2024-04-24,2024-04-23,2024-04-23,2024-04-23,65.81,0
marquee event group,IL,71.0,161.0,closing,closure,2024-09-20,2024-09-20,2024-09-16,2024-11-15,2024-09-16,66.27,1
truvant north america,WI,32.0,74.0,closure,closure,,2025-05-15,2025-07-15,,2025-07-15,65.84,0
guayabito farms,CA,11.0,98.0,closure permanent,closure,2026-04-20,2026-04-07,2026-06-06,,2026-06-06,65.98,1
pt solutions,CA,62.0,7.0,closure permanent,closure,2025-03-04,2025-03-04,2025-05-03,,2025-05-03,65.63,0
blue shield of california,CA,52.0,24.0,layoff permanent,layoff,2025-04-22,2025-04-21,2025-05-01,,2025-05-01,65.63,0
wood group usa,TX,54.0,180.0,layoff,layoff,,,2025-01-05,,2025-01-05,66.31,1
chep services,NC,48.0,116.0,layoff,layoff,2023-05-24,2023-05-24,2023-07-29,,2023-07-29,66.05,1
best buy health,CA,54.0,161.0,closure permanent,closure,2025-07-08,2025-07-08,2025-09-12,,2025-09-12,66.23,1
wellmore energy compny llc 1073 riverview street grundy va 24616,VA,21.0,9.0,layoff,layoff,,2025-10-31,2025-12-31,,2025-12-31,65.56,0
pixelogic media partners,CA,51.0,11.0,layoff permanent,layoff,2024-06-18,2024-06-11,2024-06-12,,2024-06-12,65.63,0
snap,CA,51.0,73.0,layoff permanent,layoff,2026-04-16,2026-04-15,2026-04-16,,2026-04-16,65.82,0
bristol myers squibb,NJ,32.0,48.0,layoff,layoff,,2023-05-31,,,2023-05-31,65.58,0
bullock county hospital,AL,62.0,95.0,layoff,layoff,,2024-04-15,2024-04-09,,2024-04-09,65.92,1
a lava son,IL,31.0,188.0,closing,closure,2024-11-27,2024-11-27,2025-02-05,2025-02-05,2025-02-05,66.35,1
gxo logistics,MS,49.0,220.0,closure,closure,,2026-01-06,2026-01-31,,2026-01-31,66.35,1
kaiser foundation hospitals,CA,62.0,3.0,layoff permanent,layoff,2025-08-25,2025-08-25,2025-08-25,,2025-08-25,65.63,0
the salvation army,CA,81.0,91.0,closure permanent,closure,2023-06-06,2023-05-17,2023-07-15,,2023-07-15,65.94,1
ipro island peer review organization,NY,54.0,63.0,contract expiration,other,,2024-07-15,2024-09-30,2024-09-30,2024-09-30,65.88,0
walgreens,CA,,16.0,closure permanent,closure,2025-01-31,2025-01-31,2025-03-19,,2025-03-19,65.63,0
klaussner furniture industries,NC,33.0,26.0,closure,closure,2023-08-07,2023-08-07,2023-08-21,,2023-08-21,65.61,0
bionano genomics,OH,54.0,2.0,layoff,layoff,2024-03-22,,2024-05-24,,2024-05-24,65.59,0
exxon mobil corporation big lake 1,TX,21.0,1.0,layoff,layoff,,,2024-12-31,,2024-12-31,65.64,0
universal protection service lp dba allied universal security services,CA,45.0,13.0,layoff permanent,layoff,2023-09-22,2023-07-27,2023-09-01,,2023-09-01,65.63,0
regal rexnord,WI,33.0,70.0,closure,closure,,2026-04-01,2026-06-30,,2026-06-30,65.81,0
sanitation specialists,CA,56.0,21.0,closure permanent,closure,2026-03-12,2026-03-12,2026-05-22,,2026-05-22,65.63,0
google us svl hmblt4,CA,51.0,25.0,layoff permanent,layoff,2024-01-25,2024-01-10,2024-03-10,,2024-03-10,65.63,0
national aerospace solutions,CA,,60.0,layoff permanent,layoff,2024-07-30,2024-07-22,2024-09-30,,2024-09-30,65.72,0
kroger fulfillment network,MD,49.0,83.0,closure,closure,,2025-11-24,2026-02-01,,2026-02-01,65.95,1
cornerstone building brands,OR,33.0,76.0,closure,closure,,2024-10-15,,,2024-10-15,65.9,1
wayforth 1518 willow lawn drive suite 300 richmond va 23230,VA,56.0,78.0,layoff,layoff,,2023-08-11,2023-08-11,,2023-08-11,65.79,0
audiology services company usa,NJ,62.0,23.0,layoff,layoff,,2023-02-03,,,2023-02-03,65.58,0
rivian automotive,CA,33.0,2.0,layoff permanent,layoff,2024-02-26,2024-02-22,2024-04-23,,2024-04-23,65.63,0
abm texas tcc northeast,TX,56.0,23.0,layoff,layoff,,,2024-08-31,,2024-08-31,65.64,0
parsons,KY,,32.0,closure,closure,2025-12-15,,2026-01-16,,2026-01-16,65.61,0
macy s troy,MI,45.0,92.0,closure,closure,,,2025-03-18,,2025-03-18,65.87,0
21615 unitek learning education group,CA,61.0,2.0,layoff permanent,layoff,2025-05-01,2025-04-30,2025-07-03,,2025-07-03,65.63,0
cvs health irving,TX,44.0,2.0,layoff,layoff,,,2023-12-30,,2023-12-30,65.64,0
hrl laboratories,CA,54.0,50.0,layoff permanent,layoff,2026-02-04,2026-02-03,2026-04-03,,2026-04-03,65.63,0
first student,IL,48.0,130.0,closing,closure,2024-06-25,2024-06-25,2024-07-30,2024-07-30,2024-07-30,66.16,1
c2 technologies,FL,54.0,1.0,layoff,layoff,,2026-03-05,2026-03-06,2026-03-06,2026-03-06,65.62,0
sodexo 9801 washingtonian blvd suite 1 gaithersburg md 20878,VA,72.0,108.0,layoff,layoff,,2024-02-14,2024-04-14,,2024-04-14,65.96,1
yum restaurant support center,KY,72.0,91.0,closure,closure,2025-05-23,,2025-09-30,,2025-09-30,65.92,1
eatsteet,WI,72.0,26.0,layoff,layoff,,2023-06-21,2023-08-21,,2023-08-21,65.64,0
group o,IL,54.0,87.0,layoff,layoff,2023-12-01,2023-12-01,2024-01-30,2024-02-13,2024-01-30,65.95,1
linkedin,CA,51.0,159.0,layoff permanent,layoff,2025-05-28,2025-05-27,2025-05-15,,2025-05-15,66.23,1
bristol myers squibb bms,NJ,32.0,67.0,layoff,layoff,,2025-04-24,,,2025-04-24,65.74,0
woody s liquor rochester,MN,44.0,2.0,closure,closure,,,2024-09-14,,2024-09-14,65.65,0
cygnus home service llc dba yelloh,CA,45.0,16.0,closure permanent,closure,2023-12-01,2023-10-09,2023-10-20,,2023-10-20,65.63,0
international paper company edinburg w chapin,TX,32.0,64.0,layoff,layoff,,,2025-05-09,,2025-05-09,65.77,0
google borregas,CA,51.0,11.0,layoff permanent,layoff,2025-05-29,2025-05-28,2025-07-06,,2025-07-06,65.63,0
at t,NJ,51.0,51.0,layoff,layoff,,2025-02-20,,,2025-02-20,65.59,0
the vons companies,CA,44.0,65.0,closure permanent,closure,2026-03-02,2026-03-02,2026-05-01,,2026-05-01,65.76,0
thermo fisher scientific,CA,33.0,33.0,layoff permanent,layoff,2023-06-13,2023-05-25,2023-07-22,,2023-07-22,65.63,0
amazon mab8,CA,45.0,191.0,closure permanent,closure,2026-01-28,2026-01-28,2026-04-28,,2026-04-28,66.32,1
institue of international education,DC,61.0,63.0,layoff,layoff,,2025-04-25,,,2025-04-25,65.68,0
behavioral health link,AZ,62.0,2.0,layoff,layoff,,2025-02-19,,,2025-02-19,65.65,0
godaddy,IA,51.0,1.0,amendment,amendment,,2023-05-01,2023-05-01,,2023-05-01,65.7,0
transamerica life insurance,IA,,42.0,mass layoff,mass_layoff,,2023-02-17,2023-03-21,,2023-03-21,65.7,0
webb mason commercial,MD,54.0,21.0,layoff,layoff,,2023-06-01,2023-07-31,,2023-07-31,65.68,0
advance stores company incorporated and its subsidiary golden state supply,CA,44.0,15.0,closure permanent,closure,2024-11-15,2024-11-14,2025-03-09,,2025-03-09,65.63,0
qualcomm incorporated,CA,33.0,5.0,layoff permanent,layoff,2023-06-14,2023-05-17,2023-07-18,,2023-07-18,65.63,0
staples minnetonka,MN,45.0,10.0,closure,closure,,,2025-02-11,,2025-02-11,65.65,0
glassdoor,CA,32.0,130.0,layoff permanent,layoff,2023-03-22,2023-03-22,2023-03-31,,2023-03-31,66.12,1
advance stores company incorporated and its subsidiary golden state supply,CA,44.0,8.0,closure permanent,closure,2024-11-15,2024-11-14,2025-03-09,,2025-03-09,65.63,0
east coast migrant head start project ecmhsp,NC,61.0,14.0,closure,closure,2025-10-22,2025-10-17,2025-11-01,,2025-11-01,65.61,0
super store industries,CA,,36.0,layoff permanent,layoff,2024-04-23,2024-04-19,2024-07-15,,2024-07-15,65.63,0
brown toland physician services organization,CA,62.0,5.0,layoff permanent,layoff,2023-01-27,2022-12-22,2023-01-01,,2023-01-01,65.63,0
sp corporation at hollywood burbank airport,CA,,84.0,closure permanent,closure,2023-08-31,2023-07-27,2023-09-30,,2023-09-30,65.9,1
wellpath,TN,62.0,91.0,unknown,other,2025-10-06,,2025-11-07,,2025-11-07,65.92,1
wells fargo and,OR,52.0,50.0,layoff,layoff,,2025-09-30,,,2025-09-30,65.69,0
kbr earth resources observation science eros data center,SD,,48.0,layoff,layoff,,2025-10-01,,,2025-10-01,66.64,1
microfabrica,CA,,91.0,layoff permanent,layoff,2023-02-27,2023-02-22,2023-04-24,,2023-04-24,65.94,1
lpl financial,CA,52.0,70.0,layoff permanent,layoff,2025-06-17,2025-06-17,2025-08-22,,2025-08-22,65.8,0
wescom financial,CA,52.0,40.0,layoff permanent,layoff,2026-02-19,2026-02-19,2026-04-21,,2026-04-21,65.63,0
guy o neill,WI,32.0,196.0,closure,closure,,2024-12-30,2025-01-31,,2025-01-31,66.35,1
brightline trains,FL,48.0,66.0,layoff,layoff,,2023-09-01,2023-10-04,2023-10-04,2023-10-04,65.77,0
walmart 680,CA,,19.0,layoff permanent,layoff,2025-06-18,2025-05-23,2025-08-22,,2025-08-22,65.63,0
goodwill of the san francisco bay,CA,81.0,72.0,closure permanent,closure,2025-04-07,2025-04-07,2025-06-07,,2025-06-07,65.82,0
isu petasys,CA,33.0,96.0,closure permanent,closure,2024-03-27,2024-03-26,2024-05-31,,2024-05-31,65.96,1
hmshost,NC,72.0,91.0,closure,closure,2023-12-29,2023-12-22,2024-03-17,,2024-03-17,65.93,1
epic games,WA,51.0,82.0,layoff,layoff,,,2026-03-27,,2026-03-27,65.88,0
jbi industries,MA,33.0,39.0,layoff,layoff,2023-12-15,,2024-02-05,2024-04-12,2024-02-05,65.63,0
bauer built manufacturing,IA,33.0,62.0,closing,closure,,2025-12-01,2025-12-31,,2025-12-31,65.81,0
southern pacpizza dba pizza hut 029205,CA,72.0,6.0,layoff permanent,layoff,2024-01-24,2023-12-14,2024-02-18,,2024-02-18,65.63,0
ne virginia emergency physicians llc 3300 gallows road fairfax va 22042,VA,62.0,137.0,layoff,layoff,,2023-10-24,2023-12-31,,2023-12-31,66.08,1
ruan transport,CA,48.0,47.0,closure permanent,closure,2024-01-12,2023-11-03,2024-01-08,,2024-01-08,65.63,0
osf cardiovascular institute and medical group,IL,62.0,40.0,closing,closure,2025-06-16,2025-06-16,2022-08-08,,2022-08-08,65.66,0
the giant,PA,44.0,105.0,closure,closure,,,2026-04-03,,2026-04-03,66.04,1
first student,PA,48.0,86.0,layoff,layoff,,,2024-06-30,,2024-06-30,65.93,1
union of pan asian communities positive solutions and elder multicultural access support service,CA,62.0,14.0,layoff permanent,layoff,2026-04-02,2026-04-01,2026-06-30,,2026-06-30,65.63,0
luke holdings inc laredo,TX,,73.0,layoff,layoff,,,2025-02-28,,2025-02-28,65.84,0
jewish community center and federation,FL,81.0,61.0,layoff,layoff,,2025-09-12,2025-10-24,2026-05-29,2025-10-24,65.73,0
universal protection service lp dba allied universal security services,CA,45.0,9.0,layoff permanent,layoff,2023-09-22,2023-07-27,2023-09-01,,2023-09-01,65.63,0
tortilleria la mayzteca rochester,MN,31.0,1.0,layoff,layoff,,,2026-01-12,,2026-01-12,65.65,0
kira services and kira training services,NC,54.0,2.0,layoff,layoff,2025-07-18,2025-07-15,2025-08-11,,2025-08-11,65.61,0
leggett platt incorporated,CA,33.0,55.0,closure permanent,closure,2024-02-09,2024-02-09,2024-04-26,,2024-04-26,65.67,0
enrollease,NV,54.0,49.0,layoff,layoff,2023-05-01,2023-05-01,2023-04-30,,2023-04-30,65.68,0
syngenta seeds,CA,11.0,56.0,closure permanent,closure,2024-02-02,2024-01-24,2024-03-31,,2024-03-31,65.68,0
cygnus home service,WI,81.0,32.0,layoff,layoff,,2024-05-28,2024-07-27,,2024-07-27,65.64,0
john deere financial,IA,52.0,67.0,mass layoff,mass_layoff,,2024-07-24,2024-07-24,,2024-07-24,65.85,0
marshall clubhouse,CA,71.0,16.0,layoff permanent,layoff,2024-05-17,2024-05-16,2024-07-15,,2024-07-15,65.63,0
critical ideas inc dba chipper cash,AZ,54.0,49.0,layoff,layoff,,2023-02-16,,,2023-02-16,65.65,0
wells fargo,IA,52.0,25.0,mass layoff - additional employees,mass_layoff,,2026-04-14,2026-06-13,,2026-06-13,65.7,0
kane county personnel,IL,56.0,99.0,layoff,layoff,2025-01-27,2025-01-27,2025-03-28,,2025-03-28,66.02,1
distribution alternatives,CA,49.0,1.0,closure permanent,closure,2024-01-19,2023-12-18,2024-02-16,,2024-02-16,65.63,0
kingsford manufacturing,KY,32.0,62.0,layoff,layoff,2023-06-20,,2023-08-25,,2023-08-25,65.72,0
royal appliance mfg co dba tti floor care north america,NC,33.0,172.0,closure,closure,2025-10-08,2025-10-08,2026-06-01,,2026-06-01,66.26,1
planned parenthood mar monte inc 29,CA,62.0,1.0,layoff permanent,layoff,2025-08-26,2025-07-24,2025-07-24,,2025-07-24,65.63,0
laulima government solutions,MD,54.0,61.0,mass layoff due to a temporary stop work order,mass_layoff,,2025-05-08,2025-04-30,,2025-04-30,65.79,0
hazelnut growers of oregon,OR,11.0,69.0,layoff,layoff,,2024-07-02,,,2024-07-02,65.85,0
zendesk,CA,51.0,51.0,layoff permanent,layoff,2025-02-19,2025-02-19,2025-04-21,,2025-04-21,65.64,0
amentum,SC,56.0,62.0,layoff,layoff,,2024-07-31,2024-09-02,,2024-09-02,65.72,0
good sports plus ltd dba arc phil d swing elementary school,CA,61.0,13.0,layoff permanent,layoff,2026-04-03,2026-04-02,2026-06-04,,2026-06-04,65.63,0
agile physical therapy sutter health fremont physical therapy hand therapy,CA,62.0,24.0,layoff permanent,layoff,2025-09-26,2025-09-12,2025-11-14,,2025-11-14,65.63,0
winston brands,IL,45.0,90.0,closing,closure,2025-10-23,2025-10-23,2025-12-15,2026-06-29,2025-12-15,65.97,1
integra lifesciences,IN,33.0,60.0,closure,closure,,2024-01-31,2024-04-26,,2024-04-26,65.69,0
the geo group,NM,56.0,203.0,layoff,layoff,2025-05-01,2025-05-01,2025-06-30,,2025-06-30,66.51,1
community wholesale tire dis,MO,42.0,143.0,closure,closure,,2026-02-09,2026-04-10,,2026-04-10,66.14,1
promedica employment services,OH,62.0,92.0,layoff,layoff,2024-04-01,,2024-05-31,2024-06-13,2024-05-31,65.9,1
planet express lax,CA,48.0,50.0,closure permanent,closure,2025-02-05,2025-02-05,2025-04-05,,2025-04-05,65.63,0
amazon lax22,CA,45.0,65.0,layoff permanent,layoff,2025-10-29,2025-10-28,2026-01-26,,2026-01-26,65.76,0
synopsys,CA,51.0,37.0,layoff permanent,layoff,2023-02-06,2023-01-24,2023-03-31,,2023-03-31,65.63,0
innovation bakers,CA,31.0,117.0,layoff permanent,layoff,2026-01-29,2026-01-26,2026-03-31,,2026-03-31,66.07,1
bryce,TN,32.0,104.0,unknown,other,2024-06-18,,2024-08-08,,2024-08-08,65.99,1
integrated health resources,GA,62.0,107.0,closure,closure,,,2025-12-31,,2025-12-31,66.1,1
davids bridal update,CO,44.0,138.0,bankrupcy,other,,2023-05-24,2023-06-23,2023-06-30,2023-06-23,66.14,1
mcr health,FL,62.0,1.0,layoff,layoff,,2024-11-08,2024-11-08,2024-12-13,2024-11-08,65.62,0
mothers moorhead,MN,72.0,1.0,closure,closure,,,2025-03-01,,2025-03-01,65.65,0
superior tube products,IA,,26.0,closing,closure,,2025-11-18,2025-12-19,,2025-12-19,65.7,0
pottstown hospital,PA,62.0,131.0,layoff,layoff,,,2026-01-01,,2026-01-01,66.15,1
jeniusbank digital unit of smbc manubank,SD,52.0,173.0,layoff,layoff,,2025-01-08,,,2025-01-08,66.08,1
jenny craig burnsville,MN,62.0,1.0,closure,closure,,,2023-04-17,,2023-04-17,65.65,0
checkr,CO,54.0,92.0,reduction in force,layoff,,2024-04-09,2024-06-10,2024-06-10,2024-06-10,65.93,1
luke holding,AZ,,54.0,layoff,layoff,,2025-02-28,,,2025-02-28,65.69,0
sony interactive entertainment,CA,51.0,118.0,layoff permanent,layoff,2024-02-28,2024-02-27,2024-03-16,,2024-03-16,66.07,1
treehouse private brands,IL,31.0,129.0,layoff,layoff,2025-03-28,2025-03-28,2014-04-01,,2014-04-01,66.16,1
interceramic austin showroom,TX,44.0,17.0,layoff,layoff,,,2023-08-31,,2023-08-31,65.64,0
wells fargo,IA,52.0,7.0,amendment,amendment,,2024-04-16,2024-06-16,,2024-06-16,65.7,0
chemours,FL,32.0,12.0,layoff,layoff,,2026-01-05,2026-03-06,2026-03-06,2026-03-06,65.62,0
psp industries,MS,33.0,36.0,layoff,layoff,,2023-01-18,2024-01-13,,2024-01-13,65.58,0
morrsion healthcare,SC,62.0,72.0,layoff,layoff,,2023-03-13,2023-05-07,,2023-05-07,65.8,0
jones lang lasalle americas,CA,53.0,87.0,layoff permanent,layoff,2025-04-15,2025-04-14,2025-06-14,,2025-06-14,65.91,1
disney entertainment operations,CA,71.0,53.0,layoff permanent,layoff,2026-04-16,2026-04-16,2026-06-20,,2026-06-20,65.66,0
precor manufacturing,NC,33.0,123.0,closure,closure,2023-03-09,2023-03-09,2023-10-31,,2023-10-31,66.08,1
peraton balloon operations nasa,TX,54.0,81.0,layoff,layoff,,,2025-09-30,,2025-09-30,65.9,1
nitto,AL,32.0,56.0,closure,closure,,2025-01-08,2025-03-07,,2025-03-07,65.64,0
cnh industrial america,IA,33.0,21.0,closing,closure,,2026-01-20,2026-04-10,,2026-04-10,65.7,0
applied materials inc 557 e california ave,CA,33.0,4.0,layoff permanent,layoff,2025-10-24,2025-10-23,2025-12-23,,2025-12-23,65.63,0
johns manville,CA,32.0,100.0,layoff temporary,layoff,2024-09-03,2024-08-30,2024-11-03,,2024-11-03,65.99,1
saddle creek logistics services,GA,,73.0,permanent layoff / reduction in force,layoff,,,2025-06-01,,2025-06-01,65.9,1
homefirst services,CA,62.0,24.0,layoff permanent,layoff,2024-05-01,2024-04-25,2024-06-30,,2024-06-30,65.63,0
planned parenthood orange and san bernardino counties inc 700,CA,62.0,7.0,layoff permanent,layoff,2025-10-13,2025-10-13,2025-12-13,,2025-12-13,65.63,0
sumaria systems,UT,,59.0,layoff,layoff,,2026-01-13,,,2026-01-13,65.74,0
catholic charities diocese of san diego mg suite a,CA,62.0,7.0,layoff permanent,layoff,2026-01-27,2026-01-27,2026-03-31,,2026-03-31,65.63,0
northstar medical radioisotopes,WI,32.0,28.0,layoff,layoff,,2023-10-05,2023-10-11,,2023-10-11,65.64,0
international institute st louis,MO,62.0,91.0,layoff,layoff,,2025-01-31,2025-02-01,,2025-02-01,65.9,1
wells fargo,IA,52.0,5.0,mass layoff,mass_layoff,,2024-02-20,2024-02-06,,2024-02-06,65.7,0
yellow freight fort worth,TX,48.0,84.0,layoff,layoff,,,2023-07-28,,2023-07-28,65.92,1
country club mortgage hall,CA,52.0,28.0,closure permanent,closure,2024-01-17,2023-12-08,2024-02-06,,2024-02-06,65.63,0
western power sports,CA,42.0,2.0,closure permanent,closure,2024-07-31,2024-07-30,2024-09-30,,2024-09-30,65.63,0
the home depot,MD,,19.0,layoff,layoff,,2024-02-26,2024-04-23,,2024-04-23,65.68,0
shine technologies,WI,33.0,5.0,layoff,layoff,,2023-08-08,2023-08-08,,2023-08-08,65.64,0
hutchinson technology,WI,33.0,50.0,layoff,layoff,,2023-06-19,2023-08-18,,2023-08-18,65.64,0
es3,PA,49.0,69.0,layoff,layoff,,,2024-07-22,,2024-07-22,65.82,0
cygnus home services,UT,45.0,12.0,layoff,layoff,,2024-11-22,,,2024-11-22,65.66,0
activision blizzard,CA,51.0,140.0,layoff permanent,layoff,2024-09-13,2024-09-12,2024-10-11,,2024-10-11,66.16,1
wells fargo,IA,52.0,63.0,amendment - additional employees,amendment,,2025-10-28,2025-12-26,,2025-12-26,65.82,0
demar direct,IL,42.0,86.0,closing,closure,2025-05-23,2025-05-23,2025-07-07,,2025-07-07,65.95,1
st luke s health system,ID,62.0,194.0,layoff,layoff,,2023-02-08,2023-04-21,,2023-04-21,66.36,1
brown toland physician services organization,CA,62.0,5.0,layoff permanent,layoff,2023-01-27,2022-12-22,2023-01-01,,2023-01-01,65.63,0
adt solar,MD,23.0,28.0,closure,closure,,2024-03-07,2024-02-23,,2024-02-23,65.68,0
oxbo international,WI,33.0,68.0,closure,closure,,2025-03-27,2025-06-06,,2025-06-06,65.8,0
amyris,CA,32.0,50.0,layoff permanent,layoff,2024-10-01,2024-10-01,2024-12-02,,2024-12-02,65.63,0
zumbro cafe,MN,72.0,1.0,closure,closure,,,2023-12-01,,2023-12-01,65.65,0
sheraton operating llc dba sheraton inner harbor hotel,MD,,69.0,closure,closure,,2025-11-03,2025-12-31,,2025-12-31,65.85,0
c2 technologies,GA,54.0,1.0,permanent layoff / reduction in force,layoff,,,2026-03-06,,2026-03-06,65.71,0
gentherm,SC,42.0,124.0,closure,closure,,2024-03-01,2024-05-03,,2024-05-03,66.09,1
kaiser foundation hospitals 1660,CA,62.0,5.0,layoff permanent,layoff,2025-04-29,2025-04-28,2025-06-28,,2025-06-28,65.63,0
amtrak stuart mesa mechanical facility osd,CA,48.0,9.0,layoff not known at this time,layoff,2025-06-06,2025-05-28,2025-06-27,,2025-06-27,65.63,0
polymer technology systems,CA,33.0,56.0,closure permanent,closure,2025-10-07,2025-10-07,2025-12-05,,2025-12-05,65.68,0
brp us,WI,33.0,61.0,layoff,layoff,,2025-06-05,2025-06-05,,2025-06-05,65.74,0
fresh american llc annie selke,MA,44.0,47.0,layoff,layoff,2024-09-09,,2024-12-31,,2024-12-31,65.63,0
agate housing and services,MN,62.0,11.0,closure,closure,,,2024-08-11,,2024-08-11,65.65,0
the garage burnsville,MN,72.0,1.0,closure,closure,,,2025-06-01,,2025-06-01,65.65,0
sentinel transportation,CA,,24.0,layoff permanent,layoff,2026-03-30,2026-03-30,2026-05-31,,2026-05-31,65.63,0
southern california pizza,CA,72.0,67.0,layoff permanent,layoff,2024-02-23,2023-12-01,2024-02-05,,2024-02-05,65.78,0
matheson flight extenders,MO,48.0,40.0,closure,closure,,2023-12-04,2024-01-31,,2024-01-31,65.59,0
sentinel transportation,CA,,5.0,layoff permanent,layoff,2026-03-30,2026-03-30,2026-05-31,,2026-05-31,65.63,0
sdh services east,NJ,56.0,54.0,layoff,layoff,,2024-12-31,,,2024-12-31,65.62,0
general atomics aeronautical systems,CA,33.0,6.0,layoff permanent,layoff,2023-04-21,2023-04-04,2023-06-05,,2023-06-05,65.63,0
wells fargo,IL,52.0,140.0,layoff,layoff,2023-01-17,2023-01-17,,,2023-01-17,66.2,1
blue plate oysterette,CA,72.0,45.0,closure permanent,closure,2025-11-05,2025-11-04,2026-01-07,,2026-01-07,65.63,0
hollister,MO,44.0,11.0,closure,closure,,2025-08-04,2025-09-26,2025-10-10,2025-09-26,65.59,0
biomarin pharmaceutical,CA,32.0,1.0,layoff permanent,layoff,2024-09-03,2024-08-28,2024-11-01,,2024-11-01,65.63,0
dexis consulting group,DC,54.0,94.0,layoff,layoff,,2025-03-10,,,2025-03-10,65.89,0
texana center camden landing group home,TX,62.0,5.0,layoff,layoff,,,2025-05-21,,2025-05-21,65.64,0
ascent classical academy of norther denver,CO,61.0,33.0,unforseen - contracts ending,other,,2023-12-28,2023-12-31,2023-12-31,2023-12-31,65.62,0
converse,CA,31.0,46.0,layoff permanent,layoff,2024-09-16,2024-09-16,2024-11-15,,2024-11-15,65.63,0
ahmc san gabriel valley medical center lp dba san gabriel valley medical center,CA,62.0,3.0,layoff permanent,layoff,2024-03-04,2024-03-01,2024-04-30,,2024-04-30,65.63,0
visible supply chain management,OH,,37.0,layoff,layoff,2023-04-03,,2023-06-02,2023-06-02,2023-06-02,65.59,0
first draft mn,MN,72.0,1.0,closure,closure,,,2024-01-01,,2024-01-01,65.65,0
oregon mutual,OR,52.0,42.0,layoff,layoff,,2025-07-11,,,2025-07-11,65.69,0
battelle memorial institute e3,KY,54.0,61.0,closure,closure,2025-07-31,,2025-09-30,,2025-09-30,65.71,0
rtx 2000,CA,33.0,1.0,layoff permanent,layoff,2025-10-10,2025-10-10,2025-12-19,,2025-12-19,65.63,0
99 cents only store llc gessner,TX,45.0,20.0,layoff,layoff,,,2024-06-04,,2024-06-04,65.64,0
bedding acquisition,PA,31.0,112.0,closure,closure,,,2023-05-19,,2023-05-19,66.07,1
right at school,CA,61.0,5.0,layoff permanent,layoff,2025-04-10,2025-04-09,2025-06-09,,2025-06-09,65.63,0
fresno economic opportunities commission 1101 e annandale 101,CA,62.0,6.0,layoff temporary,layoff,2025-11-03,2025-10-31,2026-01-01,,2026-01-01,65.63,0
amazon sna 20,CA,45.0,25.0,layoff permanent,layoff,2026-01-30,2026-01-29,2026-04-28,,2026-04-28,65.63,0
clark pacific,CA,32.0,43.0,layoff permanent,layoff,2024-11-26,2024-11-22,2025-01-22,,2025-01-22,65.63,0
signature psychiatric hospital,MO,62.0,154.0,closure,closure,,2024-09-13,2024-11-11,,2024-11-11,66.17,1
sodexo,NJ,72.0,58.0,layoff,layoff,,2024-06-30,,,2024-06-30,65.66,0
sumo logic,CA,,79.0,layoff permanent,layoff,2023-07-10,2023-06-07,2023-06-08,,2023-06-08,65.86,0
right at school,CA,61.0,18.0,layoff permanent,layoff,2025-04-09,2025-04-09,2025-06-18,,2025-06-18,65.63,0
david s bridal,OH,44.0,48.0,layoff,layoff,2023-04-14,,2023-04-14,2023-08-11,2023-04-14,66.79,1
thermo fisher scientific,MA,33.0,48.0,layoff,layoff,2024-11-07,,2025-01-06,2026-11-06,2025-01-06,66.83,1
voxx automotive,FL,,54.0,layoff,layoff,,2023-06-29,2023-07-31,2023-08-31,2023-07-31,65.66,0
ll flooring 6115 technology creek drive sandston va 23150,VA,44.0,119.0,closure,closure,,2024-08-27,2024-10-10,,2024-10-10,66.01,1
crescent duck farm,NY,11.0,45.0,"natural disaster (i.e. flood, storm, etc.)",other,,2025-01-16,2025-01-16,2025-02-14,2025-01-16,65.76,0
talis biomedical,CA,33.0,103.0,closure permanent,closure,2023-12-20,2023-11-14,2024-01-14,,2024-01-14,66.0,1
resonetics,CA,33.0,61.0,closure permanent,closure,2026-01-20,2026-01-20,2026-04-21,,2026-04-21,65.73,0
qbase,VA,54.0,60.0,closure,closure,,2025-10-31,2025-12-30,,2025-12-30,65.65,0
sunrun,CA,,53.0,layoff permanent,layoff,2023-09-12,2023-08-02,2023-10-02,,2023-10-02,65.66,0
butler human services a sauder manufacturing co brand 239 b street chase city va 23924,VA,33.0,51.0,closure,closure,,2025-08-25,2025-10-24,,2025-10-24,65.57,0
the testing,CA,54.0,143.0,closure permanent,closure,2023-04-12,2023-04-03,2023-06-03,,2023-06-03,66.17,1
vital pharmaceuticals,FL,,19.0,layoff,layoff,,2023-07-06,2023-09-03,2023-09-10,2023-09-03,65.62,0
ess tech,OR,33.0,195.0,closure,closure,,2025-06-03,,,2025-06-03,66.39,1
advance stores company incorporated and its subsidiary golden state supply,CA,44.0,12.0,closure permanent,closure,2024-11-15,2024-11-14,2025-03-07,,2025-03-07,65.63,0
bank first n a,WI,52.0,47.0,closure,closure,,2026-01-27,2026-03-31,,2026-03-31,65.64,0
ymca liberty elementary school,CA,71.0,9.0,layoff permanent,layoff,2026-04-20,2026-04-17,2026-06-09,,2026-06-09,65.63,0
evolution hospitality,CA,72.0,72.0,layoff temporary,layoff,2024-07-29,2024-07-29,2024-10-01,,2024-10-01,65.82,0
newrez,CO,52.0,103.0,reduction in force,layoff,,2024-05-02,2024-07-01,2024-07-01,2024-07-01,65.99,1
icon technology,TX,54.0,114.0,layoff,layoff,,,2025-03-08,,2025-03-08,66.07,1
splunk,CA,51.0,101.0,layoff permanent,layoff,2023-02-13,2023-02-01,2023-04-03,,2023-04-03,65.99,1
tps parking mgmt,CO,,79.0,mass layoff,mass_layoff,,2024-08-01,2024-09-30,2024-09-30,2024-09-30,65.85,0
a3 smart home lp,AZ,44.0,50.0,layoff,layoff,,2024-11-01,,,2024-11-01,65.65,0
transit management of sioux falls,SD,,91.0,layoff,layoff,,2023-11-08,,,2023-11-08,65.75,0
integrated health resources,GA,62.0,105.0,closure,closure,,,2025-03-25,,2025-03-25,66.09,1
enloe health,CA,62.0,78.0,closure permanent,closure,2025-08-25,2025-08-25,2025-10-31,,2025-10-31,65.86,0
aramark christus good shepard medical center,TX,72.0,97.0,layoff,layoff,,,2023-10-31,,2023-10-31,65.99,1
advance stores company incorporated and its subsidiary golden state supply,CA,44.0,9.0,closure permanent,closure,2024-11-15,2024-11-14,2025-02-24,,2025-02-24,65.63,0
advanced uniform dust control linen,CA,81.0,89.0,closure permanent,closure,2026-01-06,2026-01-05,2026-03-06,,2026-03-06,65.93,1
leprino foods,CA,31.0,100.0,closure permanent,closure,2025-12-17,2025-12-15,2026-12-30,,2026-12-30,65.99,1
wells fargo,IA,52.0,65.0,mass layoff,mass_layoff,,2023-08-08,2023-07-11,,2023-07-11,65.83,0
madera community hospital,CA,62.0,8.0,layoff permanent,layoff,2023-01-20,2023-01-04,2023-01-03,,2023-01-03,65.63,0
windsor estates,MO,62.0,85.0,closure,closure,,2023-06-02,2023-07-31,,2023-07-31,65.86,0
hrl laboratories remote,CA,54.0,8.0,layoff permanent,layoff,2026-02-04,2026-02-03,2026-04-03,,2026-04-03,65.63,0
blue shield of california 4700,CA,52.0,11.0,layoff permanent,layoff,2025-10-13,2025-10-13,2025-12-02,,2025-12-02,65.63,0
sumitomo pharma oncology,MA,,38.0,layoff,layoff,2023-04-27,,2023-06-30,,2023-06-30,65.63,0
abercrombie and fitch management,OH,44.0,63.0,layoff,layoff,2023-01-17,,2023-03-13,2024-01-24,2023-03-13,65.71,0
exxon mobile denbury onshore,MT,21.0,78.0,layoff,layoff,,,2026-01-15,,2026-01-15,65.75,0
express st cloud,MN,56.0,1.0,closure,closure,,,2024-04-01,,2024-04-01,65.65,0
unity technologies,CA,51.0,50.0,layoff permanent,layoff,2023-06-01,2023-05-03,2023-07-01,,2023-07-01,65.63,0
charter communications,CA,51.0,171.0,layoff permanent,layoff,2025-02-28,2025-02-28,2025-05-01,,2025-05-01,66.27,1
c2 technologies,FL,54.0,2.0,layoff,layoff,,2026-03-05,2026-03-06,2026-03-06,2026-03-06,65.62,0
kaiser foundation hospitals,CA,62.0,3.0,layoff permanent,layoff,2025-06-18,2025-06-16,2025-06-16,,2025-06-16,65.63,0
safeway inc store 0881,CO,,64.0,closure,closure,,2025-09-09,2025-11-07,2025-11-07,2025-11-07,65.74,0
path ai,MA,54.0,51.0,layoff,layoff,2023-06-01,,2023-07-29,,2023-07-29,65.64,0
itc federal,CA,54.0,135.0,layoff permanent,layoff,2024-05-01,2024-04-22,2024-06-21,,2024-06-21,66.14,1
ttec,AZ,56.0,196.0,layoff,layoff,,2023-01-09,,,2023-01-09,66.36,1
federal express,IA,49.0,27.0,mass layoff,mass_layoff,,2025-07-30,2025-09-01,,2025-09-01,65.7,0
promises behavioral health,FL,62.0,64.0,layoff,layoff,,2025-08-18,2025-08-18,2025-10-30,2025-08-18,65.75,0
vintage wine estates,CA,31.0,33.0,closure permanent,closure,2024-07-24,2024-07-24,2024-09-27,,2024-09-27,65.63,0
appfolio,CA,51.0,62.0,layoff permanent,layoff,2023-05-17,2023-05-01,2023-07-30,,2023-07-30,65.74,0
fresno economic opportunities commission 4156 e dakota ave,CA,62.0,28.0,layoff temporary,layoff,2025-11-03,2025-10-31,2026-01-01,,2026-01-01,65.63,0
cisco systems,CA,33.0,80.0,layoff permanent,layoff,2023-01-04,2022-12-09,2023-03-13,,2023-03-13,65.87,0
ernst young,NJ,54.0,130.0,layoff,layoff,,2025-10-31,,,2025-10-31,66.08,1
amentum 1106th tasmg,CA,56.0,113.0,layoff permanent,layoff,2024-05-14,2024-04-24,2024-06-28,,2024-06-28,66.05,1
crc ed treatment,NC,62.0,90.0,closure,closure,2025-09-10,2025-09-09,2025-11-08,,2025-11-08,65.92,1
primo brands,CA,,6.0,closure permanent,closure,2025-05-02,2025-05-02,2025-07-01,,2025-07-01,65.63,0
augusta sportswear,OH,31.0,58.0,closure,closure,2025-10-08,,2026-01-30,,2026-01-30,65.66,0
hitachi vantara,CA,51.0,129.0,layoff permanent,layoff,2025-10-31,2025-10-31,2025-12-31,,2025-12-31,66.12,1
mattel,CA,33.0,1.0,layoff permanent,layoff,2023-03-27,2023-02-21,2023-04-30,,2023-04-30,65.63,0
joann stores support center,CA,45.0,209.0,closure permanent,closure,2025-01-27,2025-01-24,2025-03-31,,2025-03-31,66.37,1
cardinal health,NE,42.0,10.0,layoff,layoff,,2023-10-16,,,2023-10-16,65.6,0
cinq ny health home ipa,NY,62.0,29.0,other,other,,2025-01-06,2025-04-07,2025-04-07,2025-04-07,65.76,0
kaiser foundation hospitals,CA,62.0,13.0,layoff permanent,layoff,2024-09-23,2024-09-23,2024-11-22,,2024-11-22,65.63,0
wolfspeed,CA,33.0,50.0,layoff permanent,layoff,2023-09-21,2023-08-22,2023-10-20,,2023-10-20,65.63,0
cue health,CA,33.0,8.0,layoff permanent nancy,layoff,2023-05-17,2023-04-28,2023-06-27,,2023-06-27,65.63,0
ssb manufacturing,CA,33.0,180.0,closure permanent,closure,2025-05-06,2025-05-05,2025-07-05,,2025-07-05,66.29,1
autism home support services,IL,32.0,24.0,closing,closure,2023-06-20,2023-06-20,2023-08-21,2023-09-18,2023-08-21,65.66,0
microsoft,CA,,1.0,layoff permanent,layoff,2023-02-13,2023-02-09,2023-04-10,,2023-04-10,65.63,0
advance stores company incorporated and its subsidiary golden state supply,CA,44.0,9.0,closure permanent,closure,2024-11-15,2024-11-14,2025-03-08,,2025-03-08,65.63,0
diversey,WI,32.0,41.0,layoff,layoff,,2023-07-31,2023-12-31,,2023-12-31,65.64,0
carbon health,CA,62.0,3.0,layoff permanent,layoff,2023-10-18,2023-08-10,2023-10-09,,2023-10-09,65.63,0
fisker group,CA,33.0,45.0,closure permanent,closure,2024-05-10,2024-04-29,2024-06-28,,2024-06-28,65.63,0
hard rock international stp,IL,72.0,55.0,closing,closure,2025-01-17,2025-01-17,2025-03-29,2025-03-29,2025-03-29,65.71,0
volta charging industries,MA,,3.0,layoff,layoff,2024-04-01,,,,2024-04-01,65.63,0
americold logistics,GA,49.0,3.0,permanent layoff / reduction in force,layoff,,,2025-10-28,,2025-10-28,65.71,0
wellmore energy company llc company trucks safety and engineering 1073 riverview street grundy va 24614,VA,21.0,12.0,layoff,layoff,,2023-07-11,2023-09-10,,2023-09-10,65.56,0
charter communications,WI,51.0,122.0,layoff,layoff,,2024-06-28,2024-08-27,,2024-08-27,66.1,1
eastern plating,TN,33.0,119.0,unknown,other,2024-10-01,,2024-10-01,,2024-10-01,66.06,1
wellpath,NE,62.0,64.0,layoff,layoff,,2024-07-10,,,2024-07-10,65.73,0
stachs,CA,54.0,46.0,layoff permanent,layoff,2024-10-22,2024-10-16,2024-12-31,,2024-12-31,65.63,0
stuffed puffs,PA,,106.0,closure,closure,,,2024-10-26,2024-11-09,2024-10-26,66.04,1
ridgecrest regional hospital,CA,62.0,31.0,layoff permanent,layoff,2024-02-20,2024-02-08,2024-04-08,,2024-04-08,65.63,0
ascend performance materials,SC,32.0,64.0,layoff,layoff,,2024-01-22,2024-03-31,,2024-03-31,65.74,0
sumitomo mitsui banking,GA,,3.0,permanent layoff / reduction in force,layoff,,,2026-03-10,,2026-03-10,65.71,0
pmab 5,CA,,63.0,layoff permanent,layoff,2025-05-20,2025-05-16,2025-07-18,,2025-07-18,65.75,0
herbalife international of america,CA,31.0,26.0,layoff permanent,layoff,2023-04-26,2023-04-10,2023-04-28,,2023-04-28,65.63,0
karmel mall,MN,53.0,1.0,layoff,layoff,,,2026-01-12,,2026-01-12,65.65,0
amazon onm213,CA,45.0,1.0,layoff permanent,layoff,2025-10-29,2025-10-28,2026-01-26,,2026-01-26,65.63,0
prisma health,SC,62.0,33.0,layoff,layoff,,2023-07-13,2023-08-31,,2023-08-31,65.61,0
construction specialties platforn holdings,TX,23.0,89.0,layoff,layoff,,,2025-03-31,,2025-03-31,65.95,1
cruise llc 840 w,CA,33.0,14.0,layoff permanent,layoff,2025-07-03,2025-07-03,2025-07-03,,2025-07-03,65.63,0
carbon health,CA,62.0,2.0,layoff permanent,layoff,2023-10-18,2023-08-10,2023-10-09,,2023-10-09,65.63,0
nashville coop rochester,MN,,1.0,closure,closure,,,2023-08-17,,2023-08-17,65.65,0
northrop grumman systems corporation defense systems sector,MD,33.0,16.0,layoff,layoff,,2023-10-05,2024-01-22,,2024-01-22,65.68,0
cvs health,MA,44.0,1.0,layoff,layoff,2023-10-26,,2023-12-30,,2023-12-30,65.63,0
catrina s skyway,MN,72.0,1.0,layoff,layoff,,,2026-01-15,,2026-01-15,65.65,0
railcrew xpress rcx,NC,,2.0,closure,closure,2025-12-22,2025-12-22,2026-02-27,,2026-02-27,65.61,0
sage therapeutics,NC,,17.0,layoff,layoff,2023-09-11,2023-09-07,2023-09-08,,2023-09-08,65.61,0
republic services,FL,56.0,72.0,layoff,layoff,,2025-10-16,2025-12-31,2026-01-13,2025-12-31,65.81,0
boston electrometallurgical corporation dba boston metal,MA,33.0,71.0,layoff,layoff,2026-02-20,,2026-03-14,,2026-03-14,65.81,0
de la pena eye clinic dlp el monte,CA,62.0,5.0,closure permanent,closure,2026-02-18,2026-02-13,2026-03-13,,2026-03-13,65.63,0
the hillman group,CA,,62.0,closure permanent,closure,2023-04-03,2023-03-28,2023-05-31,,2023-05-31,65.74,0
amtrak lancaster lcs,CA,48.0,19.0,layoff not known at this time,layoff,2025-06-06,2025-05-28,2025-06-27,,2025-06-27,65.63,0
interflight parking,WI,48.0,53.0,closure,closure,,2024-03-26,2024-05-31,,2024-05-31,65.67,0
flagship facility services,CA,56.0,4.0,layoff permanent,layoff,2023-04-10,2023-03-31,2023-05-30,,2023-05-30,65.63,0
2023 elite repeat,MN,45.0,1.0,closure,closure,,,2023-07-01,,2023-07-01,65.65,0
target,OR,45.0,56.0,closure,closure,,2023-09-28,,,2023-09-28,65.74,0
smashbox beauty cosmetics,CA,32.0,37.0,layoff permanent,layoff,2023-06-28,2023-06-05,2023-08-15,,2023-08-15,65.63,0
kaiser foundation hospitals,CA,62.0,1.0,layoff permanent,layoff,2025-02-25,2025-02-24,2025-04-25,,2025-04-25,65.63,0
american water resources,IL,22.0,37.0,closing,closure,2025-05-28,2025-05-28,2025-07-28,,2025-07-28,65.66,0
sage therapeutics,MA,,95.0,layoff,layoff,2023-09-11,,2023-09-08,,2023-09-08,65.96,1
north american specialties laminations,CA,32.0,10.0,closure permanent,closure,2024-06-11,2024-06-05,2024-08-04,,2024-08-04,65.63,0
jtekt north america,TN,33.0,136.0,unknown,other,2025-12-04,,2026-08-31,,2026-08-31,66.13,1
blue shield of california,CA,52.0,31.0,layoff permanent,layoff,2023-12-29,2023-11-27,2024-01-31,,2024-01-31,65.63,0
boeing,FL,33.0,5.0,layoff,layoff,,2024-11-18,2025-01-17,2025-01-17,2025-01-17,65.62,0
american water resources,IL,22.0,34.0,layoff,layoff,2023-03-21,2023-03-21,2023-05-20,,2023-05-20,65.66,0
matheson flight extenders,GA,48.0,46.0,closure,closure,,,2024-01-31,,2024-01-31,65.71,0
macy s houston almeda,TX,45.0,72.0,layoff,layoff,,,2025-03-18,,2025-03-18,65.83,0
wrecktangle pizza,MN,72.0,1.0,layoff,layoff,,,2026-01-12,,2026-01-12,65.65,0
amazon sna16,CA,45.0,64.0,layoff permanent,layoff,2025-10-29,2025-10-28,2026-01-26,,2026-01-26,65.75,0
sk food group,NV,31.0,209.0,layoff,layoff,2026-02-27,2026-02-27,2026-04-30,,2026-04-30,66.43,1
galactic pizza,MN,72.0,22.0,closure,closure,,,2024-03-05,,2024-03-05,65.65,0
legacy supply chain,CA,49.0,11.0,layoff permanent,layoff,2026-02-02,2026-01-31,2026-04-01,,2026-04-01,65.63,0
southwest key programs inc casa franklin,TX,62.0,1.0,layoff,layoff,,,2025-10-05,,2025-10-05,65.64,0
kaiser foundation hospitals pasadena,CA,62.0,3.0,layoff permanent,layoff,2025-07-16,2025-07-14,2025-07-14,,2025-07-14,65.63,0
dart industries,FL,42.0,145.0,layoff,layoff,,2024-11-04,2024-12-31,2024-12-31,2024-12-31,66.18,1
the fresh market,IL,44.0,47.0,closing,closure,2025-10-14,2025-10-14,2025-12-14,,2025-12-14,65.66,0
randstad inhouse services,CA,,102.0,layoff temporary,layoff,2024-09-26,2024-09-26,2024-11-25,,2024-11-25,66.0,1
applied materials inc 3100 bowers ave,CA,33.0,21.0,layoff permanent,layoff,2025-10-24,2025-10-23,2025-12-23,,2025-12-23,65.63,0
mills college children s school at northwestern university,CA,61.0,21.0,closure permanent,closure,2026-04-10,2026-04-10,2026-06-10,,2026-06-10,65.63,0
primo brands,CA,,1.0,layoff permanent,layoff,2025-03-26,2025-03-26,2025-07-01,,2025-07-01,65.63,0
modern hr inc dba the kooples bloom,CA,56.0,4.0,closure permanent,closure,2024-11-26,2024-11-21,2025-02-28,,2025-02-28,65.63,0
amazon fresh,IL,44.0,134.0,closing,closure,2026-01-28,2026-01-28,2026-04-28,,2026-04-28,66.18,1
reyes coca cola bottling l l c,CA,42.0,81.0,closure permanent,closure,2025-05-30,2025-05-30,2025-08-01,,2025-08-01,65.88,0
mcr health,FL,62.0,5.0,layoff,layoff,,2024-11-08,2024-11-08,2024-12-13,2024-11-08,65.62,0
tesla,CA,33.0,24.0,layoff permanent,layoff,2024-04-25,2024-04-22,2024-06-14,,2024-06-14,65.63,0
oia global,KY,,89.0,closure,closure,2023-12-13,,2024-01-12,,2024-01-12,65.91,1
marco s pizza anoka,MN,72.0,1.0,closure,closure,,,2025-02-11,,2025-02-11,65.65,0
communify maggie espinoza center,CA,62.0,5.0,layoff permanent,layoff,2025-11-03,2025-11-03,2026-01-02,,2026-01-02,65.63,0
vytalogy wellness,CA,,98.0,layoff permanent,layoff,2024-12-20,2024-12-20,2025-02-18,,2025-02-18,65.98,1
genesis supreme rv,CA,33.0,18.0,layoff permanent,layoff,2025-02-26,2025-02-25,2025-03-28,,2025-03-28,65.63,0
clark pacific,CA,32.0,88.0,layoff permanent,layoff,2024-11-12,2024-11-07,2025-01-08,,2025-01-08,65.92,1
dexter stamping,TN,33.0,114.0,unknown,other,2025-10-30,,2025-10-28,,2025-10-28,66.04,1
ceryx management llc 9519 s figueroa,CA,53.0,1.0,layoff permanent,layoff,2025-11-07,2025-10-31,2025-10-03,,2025-10-03,65.63,0
communify alvin center,CA,62.0,6.0,layoff permanent,layoff,2025-11-03,2025-11-03,2026-01-02,,2026-01-02,65.63,0
david s bridal,NE,44.0,48.0,layoff,layoff,,2023-04-14,,,2023-04-14,66.8,1
parkdale,AL,,76.0,closure,closure,,2023-08-15,2023-10-14,,2023-10-14,65.8,0
f e aircraft maintenance dba feam aero,CA,48.0,26.0,layoff permanent,layoff,2024-07-03,2024-07-03,2024-09-05,,2024-09-05,65.63,0
geodis,IN,49.0,99.0,layoff,layoff,,2024-03-25,2024-06-12,,2024-06-12,65.95,1
johnson matthey medical device components llc phase 1,CA,33.0,23.0,closure permanent,closure,2023-05-25,2023-05-11,2023-07-14,,2023-07-14,65.63,0
gxo logistics supply chain,CA,49.0,32.0,closure permanent,closure,2025-08-27,2025-08-26,2025-10-26,,2025-10-26,65.63,0
front porch communities and services,CA,62.0,185.0,closure permanent,closure,2023-07-12,2023-06-13,2023-08-13,,2023-08-13,66.31,1
lockheed martin missiles and fire control,MA,33.0,64.0,layoff,layoff,2025-05-06,,2025-07-05,,2025-07-05,65.76,0
applied materials inc 3050 bowers ave,CA,33.0,38.0,layoff permanent,layoff,2025-10-24,2025-10-23,2025-12-23,,2025-12-23,65.63,0
compass group,IL,52.0,10.0,layoff,layoff,2025-07-14,2025-07-14,2025-08-28,2025-08-28,2025-08-28,69.0,1
building robotics,CA,54.0,48.0,closure permanent,closure,2025-04-28,2025-04-25,2025-06-30,,2025-06-30,65.63,0
vintage wine estates,CA,31.0,20.0,closure permanent,closure,2024-07-24,2024-07-24,2024-09-27,,2024-09-27,65.63,0
graphite bio,CA,54.0,7.0,layoff permanent,layoff,2023-03-07,2023-03-01,2023-06-01,,2023-06-01,65.63,0
centerra group,CA,62.0,61.0,layoff permanent,layoff,2023-11-08,2023-08-10,2023-09-30,,2023-09-30,65.73,0
revere plastics systems,MO,32.0,79.0,closure,closure,,2023-05-05,2023-07-02,,2023-07-02,65.83,0
amazon,CA,45.0,98.0,layoff permanent,layoff,2023-01-20,2023-01-18,2023-03-19,,2023-03-19,65.98,1
applovin,CA,51.0,65.0,layoff permanent,layoff,2024-10-03,2024-10-03,2024-10-03,,2024-10-03,65.76,0
itw shakeproof,IL,33.0,66.0,closing,closure,2024-04-03,2024-04-03,2024-06-03,2024-07-31,2024-06-03,65.81,0
raytheon technologies,TX,,38.0,layoff,layoff,,,2023-12-08,,2023-12-08,65.64,0
mcdonald s restaurants of california,CA,72.0,80.0,closure temporary,closure,2025-11-19,2025-11-19,2026-01-26,,2026-01-26,65.87,0
communify chestnut office,CA,62.0,11.0,layoff permanent,layoff,2025-11-03,2025-11-03,2026-01-02,,2026-01-02,65.63,0
veyer,MD,49.0,46.0,layoff,layoff,,2025-07-11,2025-09-12,,2025-09-12,65.68,0
first transit,IL,48.0,49.0,closing,closure,2024-05-31,2024-05-31,2024-07-31,2024-07-31,2024-07-31,65.66,0
southern pacpizza dba pizza hut 029201,CA,72.0,6.0,layoff permanent,layoff,2024-01-24,2023-12-14,2024-02-16,,2024-02-16,65.63,0
td bank,NJ,52.0,88.0,layoff,layoff,,2023-10-23,,,2023-10-23,65.88,0
peraton,MD,54.0,19.0,layoff,layoff,,2023-11-27,2024-01-05,,2024-01-05,65.68,0
cygnus home service,WI,81.0,11.0,closure,closure,,2024-09-23,2024-11-22,,2024-11-22,65.64,0
ngon bistro,MN,72.0,1.0,closure,closure,,,2023-07-01,,2023-07-01,65.65,0
sodexo inc and affiliates,AZ,72.0,71.0,layoff,layoff,,2025-07-02,,,2025-07-02,65.83,0
schirm usa,IL,32.0,34.0,closing,closure,2025-02-07,2025-02-07,2025-04-01,,2025-04-01,65.66,0
wix com,CO,51.0,62.0,unforseen business circumstances,other,,2023-02-15,2023-02-15,2023-02-15,2023-02-15,65.73,0
specialty products technology,MN,,9.0,closure,closure,,,2024-09-02,,2024-09-02,65.65,0
community development institute head start,WI,61.0,2.0,layoff,layoff,,2023-06-30,2023-08-31,,2023-08-31,65.64,0
ace hotel group llc at ace hotel los angeles,CA,72.0,169.0,layoff permanent,layoff,2024-01-17,2023-11-30,2024-01-31,,2024-01-31,66.26,1
aspen sports valet snowmass,CO,45.0,3.0,layoff,layoff,,2023-02-27,,,2023-02-27,65.62,0
fiserv solutions,NJ,51.0,118.0,layoff,layoff,,2026-03-31,,,2026-03-31,66.03,1
amazon sjc38,CA,45.0,141.0,layoff permanent,layoff,2026-01-30,2026-01-29,2026-04-28,,2026-04-28,66.17,1
zeco systems,MT,33.0,1.0,layoff,layoff,,2025-08-18,2025-10-25,,2025-10-25,65.52,0
ymca rice elementary school,CA,71.0,11.0,layoff permanent,layoff,2026-04-20,2026-04-17,2026-06-09,,2026-06-09,65.63,0
maxar space llc charleston,CA,33.0,1.0,layoff permanent,layoff,2024-02-02,2024-02-01,2024-02-02,,2024-02-02,65.63,0
mcdonalds s,MN,72.0,40.0,closure,closure,,,2024-12-08,,2024-12-08,65.65,0
bio rad laboratories,CA,32.0,113.0,layoff permanent,layoff,2025-02-11,2025-02-10,2025-04-11,,2025-04-11,66.05,1
united states cellular,IA,51.0,10.0,amendment - change in date,amendment,,2025-06-11,2025-07-01,,2025-07-01,65.7,0
quality built,NV,,19.0,closure,closure,2025-07-07,2025-07-07,2025-07-03,,2025-07-03,65.68,0
liberty steel group,SC,33.0,78.0,layoff,layoff,,2024-04-22,2024-06-23,2024-07-07,2024-06-23,65.84,0
generation bio,MA,54.0,66.0,layoff,layoff,2023-11-29,,2024-01-28,2024-04-27,2024-01-28,65.77,0
family health international dba fhi 360,NC,54.0,144.0,layoff,layoff,2025-04-09,2025-04-09,2025-05-16,,2025-05-16,66.17,1
avelo airlines,CA,62.0,38.0,closure permanent,closure,2025-09-29,2025-09-17,2025-10-21,,2025-10-21,65.63,0
yellow,WI,52.0,45.0,closure,closure,,2023-08-15,2023-07-30,,2023-07-30,69.0,1
boehringer ingelheim animal health,NJ,32.0,90.0,layoff,layoff,,2025-06-30,,,2025-06-30,65.89,0
iron hill brewery,NJ,72.0,108.0,layoff,layoff,,2025-09-09,,,2025-09-09,65.99,1
gdi integrated facility services,SC,56.0,100.0,layoff,layoff,,2024-01-04,2024-03-05,,2024-03-05,65.97,1
acero charter schools inc sor juana ines de la cruz k 12,IL,61.0,58.0,closing,closure,2025-04-03,2025-04-03,2025-06-30,,2025-06-30,65.74,0
community action marin,CA,62.0,43.0,layoff permanent,layoff,2025-05-01,2025-04-30,2025-06-30,,2025-06-30,65.63,0
scripps health,CA,62.0,134.0,layoff permanent,layoff,2024-03-15,2024-03-14,2024-06-23,,2024-06-23,66.14,1
barclays services,NJ,52.0,78.0,layoff,layoff,,2025-06-23,,,2025-06-23,65.82,0
john deere des moines works,IA,33.0,16.0,mass layoff,mass_layoff,,2024-06-03,2024-06-06,,2024-06-06,65.7,0
catholic charities of dallas refuge resettlement program,TX,62.0,63.0,layoff,layoff,,,2025-02-11,,2025-02-11,65.77,0
acero charter schools inc at five chicago elementary schools,IL,61.0,152.0,closing,closure,2025-10-01,2025-10-01,2026-06-10,2026-06-10,2026-06-10,66.24,1
compass one healthcare 601 children s lane norfolk va 23507,VA,62.0,203.0,layoff,layoff,,2024-11-15,2025-02-02,,2025-02-02,66.29,1
cali nail market,CA,81.0,59.0,closure permanent,closure,2025-04-01,2025-04-01,2025-06-01,,2025-06-01,65.71,0
tusimple,AZ,54.0,5.0,layoff,layoff,,2024-02-15,,,2024-02-15,65.65,0
pride industries,CA,,58.0,layoff not known at this time,layoff,2025-05-01,2025-04-29,2025-06-30,,2025-06-30,65.7,0
the yankee candle company inc 200 toy lane blairs va 24527,VA,32.0,58.0,closure,closure,,2023-06-16,2023-07-31,,2023-07-31,65.63,0
cardinal health,NE,42.0,2.0,layoff,layoff,,2023-10-30,,,2023-10-30,65.6,0
advanced drainage systems,IA,32.0,71.0,closing,closure,,2025-06-18,2025-08-17,,2025-08-17,65.88,0
expedia group inc austin,TX,51.0,64.0,layoff,layoff,,,2024-05-01,,2024-05-01,65.77,0
bitwise industries,NM,54.0,5.0,layoff,layoff,2023-06-14,2023-06-14,2023-06-14,,2023-06-14,65.78,0
zoomlion heavy industry na,WI,33.0,31.0,layoff,layoff,,2024-03-20,2024-03-20,,2024-03-20,65.64,0
springfield anesthesia service,MA,62.0,91.0,layoff,layoff,2024-10-21,,2024-12-31,,2024-12-31,65.94,1
pridgeon and clay,IN,,75.0,layoff,layoff,,2024-04-17,2024-06-17,,2024-06-17,65.81,0
st bernard soap,OH,32.0,118.0,layoff,layoff,2024-01-03,,2024-03-05,2024-03-19,2024-03-05,66.03,1
sk hynix nand product solutions corp dba solidigm,CA,33.0,172.0,layoff permanent,layoff,2023-11-29,2023-10-25,2023-12-29,,2023-12-29,66.27,1
oracle america,AL,51.0,65.0,layoff,layoff,,2025-05-07,2025-06-30,,2025-06-30,65.72,0
c2 technologies,FL,54.0,1.0,layoff,layoff,,2026-03-05,2026-03-06,2026-03-06,2026-03-06,65.62,0
nielsen bainbridge,AL,32.0,157.0,closure,closure,,2023-05-11,2023-05-19,,2023-05-19,66.18,1
thermo fisher scientific,CA,33.0,137.0,layoff permanent,layoff,2023-04-26,2023-04-11,2023-06-10,,2023-06-10,66.15,1
ben group,UT,51.0,72.0,layoff,layoff,,2024-07-23,,,2024-07-23,65.85,0
delta apparel,NC,31.0,22.0,closure,closure,2024-06-30,2024-06-30,2024-08-29,,2024-08-29,65.61,0
chartwells at depaul university,IL,72.0,138.0,closing,closure,2025-10-01,2025-10-01,2025-11-30,2025-11-30,2025-11-30,66.19,1
amazon,CA,45.0,32.0,layoff permanent,layoff,2026-01-30,2026-01-29,2026-04-28,,2026-04-28,65.63,0
first student,CT,48.0,48.0,closure,closure,2024-02-28,2024-02-28,2024-06-30,,2024-06-30,66.83,1
kaiser foundation hospitals,CA,62.0,8.0,layoff permanent,layoff,2024-02-28,2024-02-26,2024-04-26,,2024-04-26,65.63,0
alstom mass transit,CA,33.0,41.0,closure permanent,closure,2023-08-31,2023-07-27,2023-09-28,,2023-09-28,65.63,0
fortrex,VA,,68.0,layoff,layoff,,2025-12-02,2025-12-05,,2025-12-05,65.72,0
primo brands,CA,,1.0,layoff permanent,layoff,2025-12-15,2025-12-15,2026-02-13,,2026-02-13,65.63,0
university of southern california,CA,62.0,55.0,layoff permanent,layoff,2025-07-09,2025-07-08,2025-09-10,,2025-09-10,65.67,0
southern pacpizza dba pizza hut 029230,CA,72.0,6.0,layoff permanent,layoff,2024-01-24,2023-12-14,2024-02-16,,2024-02-16,65.63,0
apl logistics warehouse management services,GA,49.0,118.0,closure,closure,,,2025-10-31,,2025-10-31,66.15,1
global textile alliance,NC,31.0,95.0,layoff,layoff,2024-02-05,2024-02-02,2024-04-09,,2024-04-09,65.95,1
paramount global 5555 melrose,CA,,47.0,layoff permanent,layoff,2025-06-18,2025-06-17,2025-08-09,,2025-08-09,65.63,0
us cellular,AZ,,205.0,layoff,layoff,,2025-05-22,,,2025-05-22,66.38,1
winland foods,MO,42.0,80.0,closure,closure,,2024-01-31,2024-03-31,,2024-03-31,65.83,0
illumina,CA,54.0,7.0,layoff permanent,layoff,2025-12-12,2025-12-11,2025-12-08,,2025-12-08,65.63,0
zymergen,CA,54.0,29.0,layoff permanent,layoff,2023-01-18,2023-01-13,2023-03-15,,2023-03-15,65.63,0
cepheid b8,CA,32.0,2.0,layoff permanent,layoff,2025-10-30,2025-10-29,2025-12-31,,2025-12-31,65.63,0
gallo sales,CA,42.0,6.0,closure permanent,closure,2023-01-19,2023-01-10,2023-03-12,,2023-03-12,65.63,0
blue shield of california redding,CA,52.0,2.0,layoff permanent,layoff,2025-07-15,2025-07-14,2025-09-23,,2025-09-23,65.63,0
constellation brands,CA,31.0,212.0,layoff permanent,layoff,2026-02-03,2026-02-03,2026-04-03,,2026-04-03,66.38,1
1 click logistics,CA,48.0,12.0,closure permanent,closure,2025-01-30,2025-01-30,2025-03-31,,2025-03-31,65.63,0
yelloh owatonna,MN,,11.0,layoff,layoff,2024-09-23,2024-09-23,2024-11-22,,2024-11-22,65.65,0
illumina,CA,54.0,7.0,layoff permanent,layoff,2025-11-21,2025-11-20,2026-01-19,,2026-01-19,65.63,0
wellmore energy company llc elk creek 2493 elk creek drive hurley va 24620,VA,21.0,58.0,layoff,layoff,,2023-07-11,2023-09-10,,2023-09-10,65.63,0
pbs radiology business experts,SC,62.0,1.0,layoff,layoff,,2023-07-07,2023-09-06,,2023-09-06,62.0,0
neuehouse inc 304,CA,72.0,2.0,closure permanent,closure,2025-09-05,2025-09-04,2025-09-05,,2025-09-05,65.63,0
robinhood markets,FL,52.0,61.0,layoff,layoff,,2023-06-29,2023-09-01,2023-09-01,2023-09-01,65.73,0
excel mining llc mc mining preparation plant,KY,21.0,55.0,closure,closure,2024-11-15,,2025-01-15,,2025-01-15,65.66,0
advance stores company incorporated and its subsidiary golden state supply,CA,44.0,9.0,closure permanent,closure,2024-11-15,2024-11-14,2025-03-05,,2025-03-05,65.63,0
downtown streets,CA,81.0,5.0,closure permanent,closure,2025-08-29,2025-08-29,2025-10-31,,2025-10-31,65.63,0
cepheid,CA,32.0,1.0,layoff permanent,layoff,2024-01-25,2023-12-14,2024-02-12,,2024-02-12,65.63,0
big rock sports,NC,42.0,81.0,closure,closure,2024-04-09,2024-04-09,2024-06-28,,2024-06-28,65.87,0
mcr health,FL,62.0,1.0,layoff,layoff,,2024-11-08,2024-11-08,2024-12-13,2024-11-08,65.62,0
hunt sons,CA,,1.0,layoff permanent,layoff,2024-10-31,2024-10-29,2025-01-01,,2025-01-01,65.63,0
firebird bulk carriers inc carrizo springs,TX,48.0,31.0,layoff,layoff,,,2025-12-31,,2025-12-31,65.64,0
nike retail services,MS,45.0,193.0,layoff,layoff,,2026-01-26,2026-04-03,,2026-04-03,66.28,1
sodexo,SC,72.0,90.0,closure,closure,,2023-05-18,2023-05-31,,2023-05-31,65.92,1
ssc services for education dba south bend school district,IN,56.0,203.0,closure,closure,,2025-04-23,2025-06-30,,2025-06-30,66.32,1
yellow,NC,52.0,24.0,closure,closure,2023-08-01,2023-07-30,2023-07-30,,2023-07-30,69.0,1
gamestop albert lea,MN,44.0,1.0,closure,closure,,,2026-01-14,,2026-01-14,65.65,0
updated revvity,MA,51.0,29.0,layoff,layoff,2026-03-24,,2026-06-01,2027-03-31,2026-06-01,65.63,0
cornell dubilier electronics,NC,33.0,91.0,closure,closure,2023-03-15,2023-03-15,2024-03-31,,2024-03-31,65.93,1
schmitt music woodbury,MN,44.0,1.0,closure,closure,,,2024-01-10,,2024-01-10,65.65,0
expedia group inc austin,TX,51.0,57.0,layoff,layoff,,,2024-11-18,,2024-11-18,65.71,0
hyster yale materials handling,NC,33.0,97.0,layoff,layoff,2024-11-14,2024-11-14,2025-01-23,,2025-01-23,65.96,1
invensense,CA,33.0,55.0,layoff permanent,layoff,2025-01-29,2025-01-27,2025-03-31,,2025-03-31,65.67,0
marshfield clinic health system,WI,62.0,8.0,layoff,layoff,,2023-03-01,2023-05-19,,2023-05-19,65.64,0
steelcase,CA,33.0,40.0,closure permanent,closure,2024-01-18,2023-12-11,2024-03-22,,2024-03-22,65.63,0
forte openings solutions,IA,23.0,47.0,closing,closure,,2025-05-01,2025-06-30,,2025-06-30,65.7,0
educational testing service,NJ,61.0,126.0,layoff,layoff,,2023-01-04,,,2023-01-04,66.07,1
pace industries,TN,33.0,59.0,unknown,other,2026-02-26,,2026-04-26,,2026-04-26,65.7,0
macy s,CA,45.0,53.0,closure permanent,closure,2025-01-10,2025-01-09,2025-03-18,,2025-03-18,65.66,0
excalibur pizza llc dba round table pizza,CA,72.0,5.0,layoff permanent,layoff,2024-02-20,2024-02-15,2024-04-19,,2024-04-19,65.63,0
southern pacpizza dba pizza hut 029224,CA,72.0,10.0,layoff permanent,layoff,2024-01-24,2023-12-14,2024-02-16,,2024-02-16,65.63,0
respawn entertainment llc a subsidiary of electronic arts,CA,51.0,77.0,layoff permanent,layoff,2023-02-16,2023-01-31,2023-03-03,,2023-03-03,65.85,0
safeway,CA,,69.0,closure permanent,closure,2025-02-04,2025-02-04,2025-04-04,,2025-04-04,65.79,0
cruise,AZ,33.0,110.0,layoff,layoff,,2023-12-14,,,2023-12-14,66.06,1
htx services l l c,NY,,86.0,economic,other,,2024-12-27,2025-03-31,2025-03-31,2025-03-31,66.04,1
pulau corporation 1308,CA,54.0,1.0,layoff permanent building,layoff,2025-04-25,2025-04-25,2025-06-30,,2025-06-30,65.63,0
umb,IA,52.0,2.0,amendment - additional employees,amendment,,2025-10-07,2025-11-01,,2025-11-01,65.7,0
l3harris technologies,MD,33.0,31.0,layoff,layoff,,2025-07-03,2025-09-10,,2025-09-10,65.68,0
value village thrift stores,MD,45.0,25.0,"plant closure update: there are 5 maryland locations. new owner is expected to hire all workers, with the exception of 46 workers, due to transportation issues",closure,,2025-12-19,2026-02-21,,2026-02-21,65.68,0
proterra powered,SC,33.0,85.0,layoff,layoff,,2025-03-06,2025-03-06,,2025-03-06,65.89,0
compass group usa,OH,52.0,53.0,closure,closure,2025-02-28,,2025-05-05,,2025-05-05,69.0,1
winn dixie montgomery,AL,44.0,34.0,closure,closure,,2024-08-19,2024-08-19,,2024-08-19,65.59,0
unitypoint health,IA,51.0,1.0,mass layoff,mass_layoff,,2026-04-14,2026-07-24,,2026-07-24,65.7,0
vimo inc dba,FL,54.0,1.0,layoff,layoff,,2024-12-20,2025-02-19,2025-02-19,2025-02-19,65.62,0
willamette falls paper,OR,32.0,158.0,layoff,layoff,,2024-08-06,,,2024-08-06,66.29,1
amazon fresh,IL,44.0,170.0,closing,closure,2026-01-28,2026-01-28,2026-04-28,,2026-04-28,66.3,1
telluride sports the peaks,CO,44.0,4.0,layoff,layoff,,2023-02-27,,,2023-02-27,65.62,0
south coast behavioral health,CA,62.0,1.0,closure permanent,closure,2026-04-07,2026-03-30,2026-05-29,,2026-05-29,65.63,0
southwest key programs inc casa houston reliant,TX,62.0,211.0,layoff,layoff,,,2025-10-05,,2025-10-05,66.4,1
third space cafe mpls,MN,72.0,1.0,closure,closure,,,2024-10-31,,2024-10-31,65.65,0
tata consultancy services,IA,54.0,23.0,closing,closure,,2024-08-05,2024-10-03,,2024-10-03,65.7,0
sunrun,CA,,3.0,layoff permanent,layoff,2023-10-18,2023-09-12,2023-11-13,,2023-11-13,65.63,0
cruise,CA,33.0,2.0,layoff permanent,layoff,2025-03-03,2025-02-28,2025-04-29,,2025-04-29,65.63,0
kaiser foundation hospitals 393 e walnut,CA,62.0,2.0,layoff permanent,layoff,2025-06-03,2025-06-02,2025-06-02,,2025-06-02,65.63,0
cygnus home service,WI,81.0,13.0,closure,closure,,2024-09-23,2024-11-22,,2024-11-22,65.64,0
the cowles center,MN,71.0,22.0,closure,closure,,,2024-02-01,,2024-02-01,65.65,0
interceramic,OK,42.0,48.0,closure,closure,,2023-02-23,,,2023-02-23,66.78,1
bcs automotive interface solutions u s,WI,33.0,19.0,closure,closure,,2023-02-14,2023-02-17,,2023-02-17,65.64,0
winn management group,NC,53.0,74.0,layoff,layoff,2024-07-29,2024-07-24,2024-09-30,,2024-09-30,65.82,0
chep services,TN,48.0,58.0,unknown,other,2024-05-31,,2024-08-05,,2024-08-05,65.69,0
compass connections,TX,,148.0,layoff,layoff,,,2026-03-29,,2026-03-29,66.21,1
job1 usa arlington,TX,56.0,31.0,layoff,layoff,,,2025-11-15,,2025-11-15,65.64,0
cma cgm america,TX,48.0,64.0,layoff,layoff,,,2023-12-12,,2023-12-12,65.77,0
freedom house,DC,62.0,30.0,layoff,layoff,,2025-03-28,2025-05-27,,2025-05-27,65.56,0
nordstrom,FL,45.0,1.0,layoff,layoff,,2025-11-19,2026-03-01,2026-04-30,2026-03-01,65.62,0
marshfield clinic health system,WI,62.0,13.0,layoff,layoff,,2023-03-01,2023-05-19,,2023-05-19,65.64,0
valley processing a hexpol,CA,32.0,60.0,closure permanent,closure,2024-01-17,2023-12-05,2024-02-09,,2024-02-09,65.72,0
calpac pizza dba pizza hut,CA,72.0,7.0,layoff permanent,layoff,2024-01-24,2023-12-14,2024-02-17,,2024-02-17,65.63,0
augusta sportswear,GA,31.0,93.0,closure,closure,,,2025-12-19,,2025-12-19,66.03,1
ceryx management llc hoover,CA,53.0,3.0,layoff permanent,layoff,2025-11-07,2025-10-31,2025-10-03,,2025-10-03,65.63,0
christmas tree shops location 4,NJ,45.0,37.0,layoff,layoff,,2023-07-07,,,2023-07-07,65.58,0
tessera therapeutics,MA,54.0,82.0,layoff,layoff,2026-01-07,,2026-03-08,,2026-03-08,65.89,0
flambeau,GA,32.0,89.0,closure,closure,,,2024-07-31,,2024-07-31,66.01,1
kaiser foundation hospitals walnut creek,CA,62.0,1.0,layoff permanent,layoff,2025-09-10,2025-09-08,2025-09-08,,2025-09-08,65.63,0
activision blizzard,CA,51.0,1.0,layoff permanent,layoff,2024-04-12,2024-04-08,2024-06-07,,2024-06-07,65.63,0
amazon mag1,CA,45.0,185.0,closure permanent,closure,2026-01-28,2026-01-28,2026-04-28,,2026-04-28,66.31,1
healthhelp,GA,62.0,53.0,closure,closure,,,2023-03-24,,2023-03-24,67.0,1
t mobile usa,KY,51.0,74.0,layoff,layoff,2026-01-31,,2026-04-02,,2026-04-02,65.81,0
forever nutraceuticals,AZ,31.0,50.0,layoff,layoff,,2024-03-07,,,2024-03-07,65.65,0
child care associates meachum,TX,62.0,15.0,layoff,layoff,,,2025-06-30,,2025-06-30,65.64,0
kaiser foundation hospitals harrison,CA,62.0,6.0,layoff permanent,layoff,2023-12-12,2023-11-06,2024-01-04,,2024-01-04,65.63,0
trinity christian college,IL,56.0,107.0,closing,closure,2026-03-20,2026-03-20,2026-05-04,2026-05-17,2026-05-04,66.06,1
amazon sfo22,CA,45.0,69.0,layoff permanent,layoff,2025-10-29,2025-10-28,2026-01-26,,2026-01-26,65.79,0
walmart,CA,,169.0,closure permanent,closure,2024-05-01,2024-04-26,2024-07-26,,2024-07-26,66.26,1
advanced distributor products,MS,42.0,67.0,layoff,layoff,,2023-04-07,2023-04-12,,2023-04-12,65.73,0
wellspace health,CA,62.0,18.0,layoff permanent,layoff,2024-05-15,2024-04-25,2024-06-30,,2024-06-30,65.63,0
downtown streets,CA,81.0,9.0,closure not known at this time,closure,2025-08-29,2025-08-29,2025-10-31,,2025-10-31,65.63,0
formfactor,CA,33.0,107.0,closure permanent,closure,2026-01-06,2026-01-06,2026-12-18,,2026-12-18,66.02,1
pacpizza dba pizza hut 011664,CA,,3.0,layoff permanent,layoff,2024-01-24,2023-12-14,2024-02-15,,2024-02-15,65.63,0
proper,MN,81.0,1.0,closure,closure,,,2024-04-18,,2024-04-18,65.65,0
fujifilm irvine scientific,CA,32.0,12.0,layoff permanent,layoff,2023-10-02,2023-08-02,2023-10-06,,2023-10-06,65.63,0
joslyn sunbank,CA,33.0,64.0,closure permanent,closure,2024-11-20,2024-11-20,2025-01-16,,2025-01-16,65.75,0
birdsong peanuts aberdeen,MS,11.0,7.0,layoff,layoff,,2026-02-13,2026-06-30,,2026-06-30,65.58,0
conn s appliances woodlands site,TX,44.0,183.0,layoff,layoff,,,2024-09-23,,2024-09-23,66.32,1
yellow,CA,52.0,48.0,closure permanent,closure,2023-08-15,2023-08-01,2023-07-30,,2023-07-30,69.0,1
multi color,NE,,61.0,layoff,layoff,,2023-06-14,,,2023-06-14,65.7,0
archway marketing services,GA,54.0,60.0,permanent layoff / reduction in force,layoff,,,2025-03-31,,2025-03-31,65.8,0
gillette citrus,CA,31.0,93.0,layoff permanent,layoff,2023-08-01,2023-06-23,2023-09-01,,2023-09-01,65.95,1
cygnus home services llc d b a yelloh,FL,45.0,11.0,layoff,layoff,,2023-10-25,2023-12-15,2023-12-15,2023-12-15,65.62,0
crescent park,TN,,76.0,unknown,other,2025-10-17,,2025-12-19,,2025-12-19,65.83,0
lippert components,MI,33.0,159.0,closure,closure,,,2025-04-04,,2025-04-04,66.15,1
walgreens,CA,,27.0,closure permanent,closure,2025-01-31,2025-01-31,2025-03-27,,2025-03-27,65.63,0
advance stores company incorporated and its subsidiary golden state supply,CA,44.0,9.0,closure permanent,closure,2024-11-15,2024-11-14,2025-03-05,,2025-03-05,65.63,0
24 7 ai,TX,54.0,69.0,layoff,layoff,,,2023-07-07,,2023-07-07,65.81,0
wells fargo,NC,52.0,196.0,layoff,layoff,2025-06-26,2025-06-24,2025-11-14,,2025-11-14,66.33,1
bpa facility services,GA,56.0,58.0,permanent layoff / reduction in force,layoff,,,2024-06-30,,2024-06-30,65.78,0
eulen aviation,FL,48.0,100.0,layoff,layoff,,2025-10-23,2025-12-06,2025-12-06,2025-12-06,65.98,1
faire wholesale,CA,42.0,70.0,layoff permanent,layoff,2023-12-06,2023-10-31,2023-11-01,,2023-11-01,65.8,0
brady solutions,MA,,48.0,layoff,layoff,2024-02-20,,2024-02-12,2024-02-25,2024-02-12,66.83,1
rivian automotive,CA,33.0,9.0,layoff permanent,layoff,2024-02-26,2024-02-22,2024-04-23,,2024-04-23,65.63,0
juul labs 270,CA,31.0,5.0,layoff permanent,layoff,2023-09-28,2023-08-24,2023-11-30,,2023-11-30,65.63,0
schuler scholar program,IL,61.0,83.0,closing,closure,2024-03-22,2024-03-22,2024-05-24,,2024-05-24,65.93,1
right at school,CA,61.0,4.0,layoff permanent,layoff,2025-04-10,2025-04-09,2025-06-09,,2025-06-09,65.63,0
mcdonalds restaurants of california,CA,72.0,64.0,closure temporary,closure,2024-12-18,2024-12-18,2025-02-24,,2025-02-24,65.75,0
smbc manubank jeniusbank,SC,52.0,3.0,layoff,layoff,,2026-01-08,2026-03-10,,2026-03-10,65.61,0
student transportation of america sta,NE,,39.0,layoff,layoff,,2025-05-12,,,2025-05-12,65.6,0
vimo inc dba,FL,54.0,3.0,layoff,layoff,,2024-12-20,2025-02-19,2025-02-19,2025-02-19,65.62,0
us motor works,CA,33.0,8.0,layoff permanent,layoff,2024-01-25,2023-12-08,2023-12-31,,2023-12-31,65.63,0
modern hr inc dba the kooples bloom,CA,56.0,4.0,closure permanent,closure,2024-11-26,2024-11-21,2025-02-28,,2025-02-28,65.63,0
west fraser,GA,32.0,130.0,closure,closure,,,2026-01-05,,2026-01-05,66.2,1
ereplacement parts,UT,45.0,65.0,layoff,layoff,,2023-12-29,,,2023-12-29,65.79,0
a i solutions,MD,54.0,51.0,layoff,layoff,,2025-08-01,2025-10-01,,2025-10-01,65.69,0
amys kitchen,CA,31.0,22.0,layoff permanent,layoff,2024-10-08,2024-10-02,2024-12-03,,2024-12-03,65.63,0
robert bosch,CA,33.0,14.0,layoff permanent,layoff,2024-02-01,2024-01-17,2024-04-01,,2024-04-01,65.63,0
amazon lax10,CA,45.0,2.0,layoff permanent,layoff,2026-01-30,2026-01-29,2026-04-28,,2026-04-28,65.63,0
cacique foods,CA,31.0,203.0,closure permanent,closure,2023-10-23,2023-09-19,2023-09-19,,2023-09-19,66.36,1
sutro biopharma,CA,54.0,62.0,layoff permanent,layoff,2025-03-13,2025-03-13,2025-08-01,,2025-08-01,65.74,0
applied materials inc 978 e arques ave,CA,33.0,7.0,layoff permanent,layoff,2025-10-24,2025-10-23,2025-12-23,,2025-12-23,65.63,0
right at school,CA,61.0,10.0,layoff permanent,layoff,2025-04-09,2025-04-09,2025-06-18,,2025-06-18,65.63,0
vestis services,IL,81.0,44.0,closing,closure,2024-04-01,2024-04-01,2024-06-05,,2024-06-05,65.66,0
spirit airlines bwi,MD,48.0,28.0,plant closure update: 16 (amfa) employees will be furloughed; 12 non-union employees will be laid of,closure,,2025-10-31,,,2025-10-31,65.68,0
kroger fulfillment network llc austin,TX,49.0,52.0,layoff,layoff,,,2024-05-25,,2024-05-25,65.67,0
kaiser foundation hospitals,CA,62.0,1.0,layoff permanent,layoff,2023-10-03,2023-09-12,2023-11-10,,2023-11-10,65.63,0
security industry specialists,CA,,115.0,layoff permanent,layoff,2023-03-17,2023-02-24,2023-04-28,,2023-04-28,66.06,1
kaiser foundation hospitals,CA,62.0,1.0,layoff permanent,layoff,2025-07-29,2025-07-28,2025-07-28,,2025-07-28,65.63,0
excalibur pizza llc dba round table pizza,CA,72.0,4.0,layoff permanent,layoff,2024-02-20,2024-02-15,2024-04-19,,2024-04-19,65.63,0
utz quality foods,MI,31.0,75.0,closure,closure,,,2026-01-30,,2026-01-30,65.76,0
clarion management,CA,56.0,6.0,closure permanent,closure,2025-02-19,2025-02-18,2025-04-20,,2025-04-20,65.63,0
bath body works logistics services,OH,49.0,85.0,layoff,layoff,2024-06-18,,2024-06-22,,2024-06-22,65.86,0
blackline systems,CA,51.0,95.0,layoff permanent,layoff,2023-09-27,2023-08-23,2023-10-22,,2023-10-22,65.96,1
infineon technologies americas,CA,33.0,2.0,layoff permanent,layoff,2025-02-05,2025-01-31,2025-02-14,,2025-02-14,65.63,0
atlantice coast fibers,NJ,56.0,29.0,layoff,layoff,,2023-01-31,,,2023-01-31,65.58,0
autism home support services,IL,32.0,37.0,closing,closure,2023-06-20,2023-06-20,2023-08-21,2023-09-18,2023-08-21,65.66,0
wells fargo,IA,52.0,32.0,mass layoff,mass_layoff,,2024-10-29,2024-12-29,,2024-12-29,65.7,0
silgan containers,CA,33.0,70.0,layoff temporary,layoff,2024-08-22,2024-08-13,2024-10-20,,2024-10-20,65.8,0
nobel house home furnishings,CA,44.0,44.0,closure permanent,closure,2023-10-18,2023-09-11,2023-10-31,,2023-10-31,65.63,0
legacy pharmaceuticals solutions,MO,32.0,77.0,closure,closure,,2025-02-28,2025-05-04,,2025-05-04,65.81,0
c3 ai,CA,51.0,71.0,layoff permanent,layoff,2026-02-23,2026-02-23,2026-04-26,,2026-04-26,65.81,0
battelle,CO,54.0,200.0,closure/cease operations,closure,,2025-07-14,2025-09-12,2025-09-12,2025-09-12,66.34,1
fresno economic opportunities commission 5550 n fresno st,CA,54.0,8.0,layoff temporary,layoff,2025-11-03,2025-10-31,2026-01-01,,2026-01-01,65.63,0
davis street community center,CA,62.0,8.0,closure permanent,closure,2025-04-14,2025-04-14,2025-07-01,,2025-07-01,65.63,0
advance stores company incorporated and its subsidiary golden state supply,CA,44.0,8.0,closure permanent,closure,2024-11-15,2024-11-14,2025-02-26,,2025-02-26,65.63,0
southwest key programs casita del valle,TX,62.0,5.0,layoff,layoff,,,2025-11-05,,2025-11-05,65.64,0
northeast health group d b a willimansett east,MA,62.0,104.0,layoff,layoff,2023-02-07,,2023-04-07,,2023-04-07,66.01,1
tesla,CA,33.0,108.0,layoff permanent,layoff,2024-04-25,2024-04-22,2024-06-14,,2024-06-14,66.03,1
novartis,NJ,32.0,60.0,layoff,layoff,,2023-01-28,,,2023-01-28,65.68,0
pharma tech industries,MO,32.0,84.0,closure,closure,,2025-06-18,2025-08-18,2025-10-31,2025-08-18,65.86,0
supernal llc 15555 laguna canyon road,CA,,176.0,layoff permanent,layoff,2026-03-02,2026-02-27,2026-04-28,,2026-04-28,66.28,1
blueoval sk,TN,33.0,150.0,unknown,other,2026-03-23,,2026-05-06,,2026-05-06,66.18,1
blackstone gaming,CA,71.0,140.0,layoff permanent,layoff,2024-10-09,2024-10-03,2024-12-02,,2024-12-02,66.16,1
golden gate university,CA,61.0,1.0,layoff permanent,layoff,2024-06-14,2024-06-14,2024-08-15,,2024-08-15,65.63,0
lodging dynamics hospitality group llc residence inn,CA,72.0,43.0,layoff permanent,layoff,2026-03-19,2026-03-18,2026-05-20,,2026-05-20,65.63,0
yellow,NC,52.0,6.0,closure,closure,2023-08-01,2023-07-30,2023-07-30,,2023-07-30,69.0,1
lereta,WI,52.0,32.0,layoff,layoff,,2023-10-23,2023-11-04,,2023-11-04,64.0,0
iqor holding us lcc,MS,56.0,50.0,layoff,layoff,,2025-05-31,2025-06-23,,2025-06-23,65.58,0
rivian automotive,CA,33.0,61.0,layoff permanent,layoff,2023-03-01,2023-02-01,2024-04-14,,2024-04-14,65.73,0
coherent,CA,33.0,61.0,layoff permanent,layoff,2024-04-12,2024-04-10,2024-06-10,,2024-06-10,65.73,0
roche molecular systems,NJ,32.0,165.0,layoff,layoff,,2023-07-25,,,2023-07-25,66.21,1
los angeles times communications,CA,51.0,148.0,closure permanent,closure,2024-01-26,2024-01-05,2024-03-06,,2024-03-06,66.19,1
jp morgan chase,NJ,52.0,58.0,layoff,layoff,,2025-11-24,,,2025-11-24,65.66,0
communify chapel office,CA,62.0,13.0,layoff permanent,layoff,2025-11-03,2025-11-03,2026-01-02,,2026-01-02,65.63,0
eli s food cocktails,MN,72.0,5.0,closure,closure,,,2024-06-30,,2024-06-30,65.65,0
monroe operations llc dba newport healthcare,CA,62.0,16.0,closure permanent,closure,2026-02-27,2026-02-24,2026-04-24,,2026-04-24,65.63,0
sodexo,IA,72.0,130.0,closing,closure,,2025-03-13,2025-06-30,,2025-06-30,66.2,1
first brands group cuyahoga,OH,33.0,146.0,layoff,layoff,2026-02-23,,2026-02-23,,2026-02-23,66.15,1
packaging corporation of america,GA,32.0,103.0,closure,closure,,,2025-03-11,,2025-03-11,66.08,1
rico corp dba d addario woodwinds,CA,33.0,1.0,layoff permanent,layoff,2024-05-08,2024-04-30,2024-07-01,,2024-07-01,65.63,0
upper iowa university,IA,,13.0,amendment,amendment,,2023-05-25,2023-05-24,,2023-05-24,65.7,0
calpac pizza ii dba pizza hut,CA,72.0,3.0,layoff permanent,layoff,2024-01-24,2023-12-14,2024-02-17,,2024-02-17,65.63,0
mv transportation 2240,CA,,197.0,layoff permanent,layoff,2025-04-29,2025-04-28,2025-06-30,,2025-06-30,66.34,1
yellow,NC,52.0,55.0,closure,closure,2023-08-01,2023-07-30,2023-07-30,,2023-07-30,69.0,1
becton dickinson and,NJ,33.0,86.0,layoff,layoff,,2025-10-30,,,2025-10-30,65.87,0
rico corp dba d addario woodwinds,CA,33.0,1.0,layoff permanent,layoff,2024-05-31,2024-05-31,2024-07-31,,2024-07-31,65.63,0
immunitybio,FL,54.0,1.0,layoff,layoff,,2023-08-18,2023-10-17,2023-10-17,2023-10-17,65.62,0
diversey,WI,32.0,42.0,layoff,layoff,,2023-05-01,2023-06-30,,2023-06-30,65.64,0
central valley eggs,CA,61.0,15.0,layoff permanent,layoff,2024-12-05,2024-12-05,2024-12-06,,2024-12-06,65.63,0
exxon mobile las colinas office,TX,21.0,39.0,layoff,layoff,,,2024-09-30,,2024-09-30,65.64,0
sentinel transportation,CA,,10.0,layoff permanent,layoff,2026-03-30,2026-03-30,2026-05-31,,2026-05-31,65.63,0
rarefied atmosphere,TX,,106.0,layoff,layoff,,,2024-07-12,,2024-07-12,66.04,1
cvs health,IL,44.0,161.0,mass layoff,mass_layoff,2023-08-18,2023-08-18,2023-10-21,2023-12-30,2023-10-21,66.27,1
midwest transport,TN,,21.0,unknown,other,2024-10-03,,2024-09-09,,2024-09-09,65.61,0
agilent technologies,CA,33.0,29.0,layoff permanent,layoff,2023-11-14,2023-10-13,2023-12-01,,2023-12-01,65.63,0
c2 technologies,FL,54.0,1.0,layoff,layoff,,2026-03-05,2026-03-06,2026-03-06,2026-03-06,65.62,0
apple valley foods,MN,31.0,22.0,layoff,layoff,2024-12-05,2024-12-05,2024-06-14,,2024-06-14,65.65,0
infineon technologies americas,CA,33.0,43.0,layoff permanent,layoff,2024-10-01,2024-09-27,2024-10-11,,2024-10-11,65.63,0
resort vacations,CA,53.0,34.0,layoff permanent,layoff,2024-04-02,2024-03-22,2024-05-21,,2024-05-21,65.63,0
amtrak san bernardino downtown snb,CA,48.0,99.0,layoff not known at this time,layoff,2025-06-06,2025-05-28,2025-06-27,,2025-06-27,65.98,1
double tree cleveland,OH,72.0,66.0,closure,closure,2026-01-06,,2026-01-28,2026-01-30,2026-01-28,65.73,0
unifi manufacturing,NC,31.0,91.0,closure,closure,2025-02-03,2025-02-03,2025-06-14,,2025-06-14,65.93,1
ahlstrom mosinee,WI,,48.0,layoff,layoff,,2026-02-27,2026-06-30,,2026-06-30,66.84,1
texas instruments sherman,TX,33.0,19.0,layoff,layoff,,,2025-12-12,,2025-12-12,65.64,0
the north face telluride retail,CO,,4.0,layoff,layoff,,2023-02-27,,,2023-02-27,65.62,0
google 237,CA,51.0,2.0,layoff permanent,layoff,2025-09-30,2025-09-29,2025-11-09,,2025-11-09,65.63,0
general mills operations,IA,31.0,6.0,closing,closure,,2023-07-31,2023-12-01,,2023-12-01,65.7,0
wolfspeed,NC,33.0,73.0,layoff,layoff,2025-06-09,2025-06-09,2025-08-09,,2025-08-09,65.81,0
amd,CA,33.0,57.0,layoff permanent,layoff,2024-11-12,2024-11-11,2025-01-13,,2025-01-13,65.69,0
paramount global,CA,32.0,14.0,layoff permanent,layoff,2024-09-24,2024-09-23,2024-11-18,,2024-11-18,64.0,0
bloom energy,CA,33.0,47.0,layoff permanent,layoff,2023-12-04,2023-10-28,2023-10-28,,2023-10-28,65.63,0
ryder integrated logistics,CA,48.0,19.0,closure permanent,closure,2023-01-11,2023-01-10,2023-04-01,,2023-04-01,65.63,0
calmont beverage,VT,42.0,67.0,layoff,layoff,,2026-01-22,,,2026-01-22,65.67,0
tree island wire,CA,33.0,9.0,closure permanent,closure,2023-01-11,2023-01-09,2023-03-31,,2023-03-31,65.63,0
winnebago industries,IA,33.0,128.0,mass layoff,mass_layoff,,2025-05-15,2025-06-13,,2025-06-13,66.19,1
zymergen,CA,54.0,27.0,layoff permanent,layoff,2023-05-03,2023-04-21,2023-06-20,,2023-06-20,65.63,0
visalia citrus packing group,CA,11.0,31.0,closure permanent,closure,2023-09-07,2023-07-27,2023-09-30,,2023-09-30,65.63,0
amazon sfo36,CA,45.0,12.0,layoff permanent,layoff,2025-10-29,2025-10-28,2026-01-26,,2026-01-26,65.63,0
convoy,GA,48.0,119.0,closure,closure,,,2023-04-18,,2023-04-18,66.16,1
edina grill,MN,72.0,1.0,closure,closure,,,2025-09-18,,2025-09-18,65.65,0
denbury,TX,21.0,3.0,layoff,layoff,,,2024-06-30,,2024-06-30,65.64,0
making opportunities count,MA,,11.0,layoff,layoff,2025-05-02,,2025-06-30,,2025-06-30,65.63,0
calpac pizza ii llc dba pizza hut,CA,72.0,5.0,layoff permanent,layoff,2024-01-24,2023-12-14,2024-02-16,,2024-02-16,65.63,0
heartland health alliance,IL,62.0,113.0,closing,closure,2025-02-11,2025-02-11,2025-04-07,,2025-04-07,66.09,1
schultz industrial services,CA,23.0,66.0,closure permanent,closure,2026-01-27,2026-01-27,2026-03-31,,2026-03-31,65.77,0
cue health,CA,33.0,9.0,layoff permanent moda north,layoff,2023-05-17,2023-04-28,2023-06-27,,2023-06-27,65.63,0
renova energy,CA,23.0,49.0,closure permanent,closure,2026-02-17,2026-02-12,2026-04-10,,2026-04-10,65.63,0
parsons,KY,,4.0,closure,closure,2024-11-04,,2025-01-16,,2025-01-16,65.61,0
walmart store 6178,CO,44.0,141.0,closure,closure,,2024-05-13,2024-06-07,2024-06-07,2024-06-07,66.16,1
geodis logistics,PA,49.0,107.0,layoff,layoff,,,2023-07-31,,2023-07-31,66.05,1
asm global,AL,71.0,55.0,layoff,layoff,,2024-04-11,2024-05-31,,2024-05-31,65.64,0
primo brands,CA,,3.0,layoff permanent,layoff,2025-07-18,2025-07-18,2025-09-16,,2025-09-16,65.63,0
city national bank,CA,52.0,12.0,layoff permanent,layoff,2025-02-26,2025-02-25,2025-04-22,,2025-04-22,65.63,0
gap,CA,44.0,15.0,layoff permanent,layoff,2023-05-24,2023-04-27,2023-04-27,,2023-04-27,65.63,0
optum,CA,62.0,18.0,closure permanent,closure,2024-07-18,2024-07-18,2024-09-16,,2024-09-16,65.63,0
e j gallo winery louis m martini winery,CA,31.0,15.0,layoff permanent,layoff,2026-02-13,2026-02-12,2026-04-15,,2026-04-15,65.63,0
rico corp dba d addario woodwinds,CA,33.0,4.0,layoff permanent,layoff,2024-02-02,2024-01-29,2024-03-29,,2024-03-29,65.63,0
cisco systems,CA,33.0,108.0,layoff permanent,layoff,2024-02-22,2024-02-15,2024-04-15,,2024-04-15,66.03,1
chevron,CA,21.0,52.0,layoff permanent,layoff,2025-10-14,2025-08-22,2025-10-23,,2025-10-23,65.65,0
constellis llc laredo border station,TX,92.0,121.0,layoff,layoff,,,2025-03-07,,2025-03-07,66.11,1
cygnus home service llc houston,TX,45.0,13.0,layoff,layoff,,,2023-12-15,,2023-12-15,65.64,0
mcdonald s restaurants of california,CA,72.0,87.0,layoff temporary,layoff,2025-06-18,2025-06-18,2025-08-19,,2025-08-19,65.91,1
general atomics aeronautical systems,CA,33.0,15.0,layoff permanent,layoff,2023-04-21,2023-04-04,2023-06-05,,2023-06-05,65.63,0
marsden services,IL,56.0,113.0,layoff,layoff,2024-01-11,2024-01-11,2024-02-20,,2024-02-20,66.09,1
99 cents only store llc westheimer 2,TX,45.0,20.0,layoff,layoff,,,2024-06-03,,2024-06-03,65.64,0
carbon health medical group,CA,62.0,4.0,layoff permanent,layoff,2024-02-21,2024-01-12,2024-03-12,,2024-03-12,65.63,0
fed ex,VT,49.0,55.0,layoff,layoff,,2025-04-30,,,2025-04-30,65.57,0
wellness innovation group inc dba lowell farms,CA,31.0,11.0,closure permanent,closure,2024-01-18,2023-12-13,2024-02-10,,2024-02-10,65.63,0
rico corp dba d addario woodwinds,CA,33.0,6.0,layoff permanent,layoff,2024-02-20,2024-02-15,2024-04-19,,2024-04-19,65.63,0
waco family medicine bell s hill,TX,,52.0,layoff,layoff,,,2025-03-21,,2025-03-21,65.67,0
good sports plus ltd dba arc southwest high school,CA,61.0,4.0,layoff permanent,layoff,2026-04-03,2026-04-02,2026-06-04,,2026-06-04,65.63,0
caci,SC,54.0,109.0,layoff,layoff,,2025-06-02,2025-07-31,,2025-07-31,66.02,1
attala steel,MS,33.0,83.0,layoff,layoff,,2023-10-09,2023-10-05,,2023-10-05,65.84,0
caci inc federal,MD,54.0,61.0,layoff,layoff,,2024-01-11,2024-03-05,,2024-03-05,65.79,0
renesas electronics,CA,33.0,47.0,layoff permanent,layoff,2025-01-16,2025-01-16,2025-01-21,,2025-01-21,65.63,0
legacy supply chain,CA,49.0,4.0,layoff permanent,layoff,2026-02-02,2026-01-31,2026-04-01,,2026-04-01,65.63,0
bio rad laboratories,CA,32.0,1.0,layoff permanent,layoff,2025-02-11,2025-02-10,2025-04-11,,2025-04-11,65.63,0
maximus,TN,54.0,140.0,unknown,other,2024-05-24,,2024-07-31,,2024-07-31,66.15,1
pharma cann,MA,32.0,19.0,layoff,layoff,2025-01-29,,2025-03-31,,2025-03-31,65.63,0
republic national distributing company 14352,CA,42.0,79.0,closure permanent,closure,2025-07-01,2025-07-01,2025-09-02,,2025-09-02,65.86,0
charter communications,WI,51.0,36.0,layoff,layoff,,2024-08-28,2024-10-28,,2024-10-28,65.64,0
echopark automotive,MD,44.0,17.0,closure,closure,,2023-06-20,2023-08-21,,2023-08-21,65.68,0
ssc services for education at jsu,MS,56.0,41.0,layoff,layoff,,2025-04-29,2025-06-30,,2025-06-30,65.58,0
david s bridal,NC,44.0,1.0,layoff,layoff,2023-04-17,2023-04-14,2023-07-31,,2023-07-31,65.61,0
meta platforms,CA,51.0,114.0,layoff permanent,layoff,2023-05-08,2023-04-24,2023-06-23,,2023-06-23,66.05,1
kaiser foundation hospitals 94588,CA,62.0,1.0,layoff permanent,layoff,2025-04-23,2025-04-21,2025-04-21,,2025-04-21,65.63,0
cue health moda west,CA,33.0,7.0,layoff permanent moda west,layoff,2023-01-10,2023-01-05,2023-03-07,,2023-03-07,65.63,0
rico corp dba d addario woodwinds,CA,33.0,5.0,closure permanent,closure,2024-04-17,2024-04-15,2024-06-14,,2024-06-14,65.63,0
applebee,MN,72.0,39.0,closure,closure,,,2023-03-29,,2023-03-29,65.65,0
group o,IL,54.0,128.0,layoff,layoff,2023-12-01,2024-05-07,2024-02-13,,2024-02-13,66.15,1
hood container,SC,32.0,60.0,closure,closure,,2025-04-15,2025-06-15,,2025-06-15,65.71,0
forever 21 opco,PA,44.0,36.0,closure,closure,,,2025-04-23,2025-05-07,2025-04-23,65.65,0
stalk spade north loop,MN,72.0,1.0,closure,closure,,,2023-11-01,,2023-11-01,65.65,0
united states cellular,IA,51.0,18.0,amendment - change in date,amendment,,2025-06-11,2025-07-01,,2025-07-01,65.7,0
advance stores company incorporated and its subsidiary golden state supply,CA,44.0,10.0,closure permanent,closure,2024-11-15,2024-11-14,2025-03-09,,2025-03-09,65.63,0
lakeshore learning materials llc 20974,CA,44.0,21.0,layoff permanent,layoff,2025-05-14,2025-05-14,2025-07-13,,2025-07-13,65.63,0
catholic charities of orange sullivan ulster ccosu,NY,62.0,3.0,"economic, other",other,,2025-02-19,2025-05-23,2025-08-15,2025-05-23,65.76,0
cvs health,CT,44.0,72.0,layoff,layoff,2025-10-17,2025-10-17,2025-12-31,,2025-12-31,65.82,0
triple canopy,CA,32.0,13.0,layoff permanent,layoff,2024-04-22,2024-03-27,2024-05-31,,2024-05-31,65.63,0
one bus orange newark elizabeth bus,NJ,48.0,131.0,layoff,layoff,,2024-09-08,,,2024-09-08,66.09,1
google hmblt3,CA,51.0,1.0,layoff permanent,layoff,2026-01-27,2026-01-26,2026-03-29,,2026-03-29,65.63,0
cor restaurant services,AZ,72.0,130.0,layoff,layoff,,2023-02-02,,,2023-02-02,66.14,1
wausau equipment,WI,33.0,67.0,closure,closure,,2025-10-08,2025-12-07,,2025-12-07,65.79,0
king abdullah 2949 education dr herndon va 20171,VA,61.0,162.0,closure,closure,,2025-03-31,2025-07-31,,2025-07-31,66.17,1
enzyvant therapeutics,NC,32.0,23.0,layoff,layoff,2023-04-20,2023-04-20,2023-10-31,,2023-10-31,65.61,0
kay and associates,CA,54.0,103.0,layoff permanent,layoff,2026-03-26,2026-03-26,2026-04-30,,2026-04-30,66.0,1
rk industries,OH,33.0,80.0,layoff,layoff,2024-05-16,,2024-07-14,,2024-07-14,65.83,0
inoac exterior systems,OH,32.0,9.0,closure,closure,2025-05-07,,2025-07-02,,2025-07-02,65.59,0
americold logistics,GA,49.0,4.0,permanent layoff / reduction in force,layoff,,,2025-12-01,,2025-12-01,65.71,0
universal protection service lp dba allied universal security services,CA,45.0,113.0,layoff permanent,layoff,2024-11-22,2024-11-22,2025-01-24,,2025-01-24,66.05,1
advance care home health 7501 boulder view drive suite 601 richmond va 23225,VA,62.0,46.0,layoff,layoff,,2023-11-06,2024-01-05,,2024-01-05,65.56,0
barclays,NJ,52.0,70.0,layoff,layoff,,2024-07-15,,,2024-07-15,65.76,0
wells fargo,CA,52.0,114.0,layoff permanent,layoff,2025-12-10,2025-12-09,2026-02-06,,2026-02-06,66.05,1
centerra group,CA,62.0,33.0,layoff permanent,layoff,2023-11-15,2023-08-10,2023-09-30,,2023-09-30,65.63,0
watts regulators,TX,33.0,31.0,layoff,layoff,,,2023-11-06,,2023-11-06,65.64,0
officemax savage,MN,,5.0,closure,closure,,,2024-12-15,,2024-12-15,65.65,0
aspiration partners,CO,52.0,4.0,restructing and streamlining,other,,2023-03-24,2023-05-26,2023-06-01,2023-05-26,65.62,0
del monte foods,WI,31.0,90.0,closure,closure,,2024-02-26,2024-04-26,,2024-04-26,65.94,1
siemens healthcare diagnostics,NJ,33.0,197.0,layoff,layoff,,2024-09-27,,,2024-09-27,66.3,1
gdi services,TN,56.0,34.0,unknown,other,2024-01-05,,2024-03-05,,2024-03-05,65.61,0
celestica precision machining,CA,33.0,4.0,layoff permanent,layoff,2023-01-27,2023-01-16,2023-03-20,,2023-03-20,65.63,0
ascent tubular products,PA,33.0,114.0,layoff,layoff,,,2023-01-11,,2023-01-11,66.08,1
thermo fisher scientific,CA,33.0,183.0,layoff permanent,layoff,2023-02-06,2023-01-31,2023-01-31,,2023-01-31,66.3,1
compass group fresh ready foods,TX,72.0,65.0,layoff,layoff,,,2024-08-30,,2024-08-30,65.78,0
children s country day school,MN,61.0,19.0,closure,closure,,,2025-09-01,,2025-09-01,65.65,0
tropicale foods llc aka plm operations,CA,31.0,168.0,closure permanent,closure,2024-05-17,2024-05-15,2024-07-12,,2024-07-12,66.26,1
management training corp bradshaw state jail,TX,92.0,172.0,layoff,layoff,,,2025-08-31,,2025-08-31,66.29,1
mauser packaging solutions,OH,32.0,107.0,layoff,layoff,2024-05-13,,2009-07-13,,2009-07-13,65.98,1
at t,FL,51.0,138.0,layoff,layoff,,2024-12-17,2025-01-21,2025-02-11,2025-01-21,66.15,1
aramark christus santa rosa westover hills,TX,72.0,73.0,layoff,layoff,,,2023-10-31,,2023-10-31,65.84,0
rite aid,CA,42.0,16.0,closure permanent,closure,2025-01-10,2025-01-10,2025-02-26,,2025-02-26,65.63,0
cj logistics america,CA,49.0,92.0,closure permanent,closure,2023-05-05,2023-04-25,2023-06-16,,2023-06-16,65.94,1
oldcastle building envelope dba midwest glass,MI,,124.0,closure,closure,,,2025-08-18,,2025-08-18,66.02,1
pontiac general hospital,MI,62.0,113.0,layoff,layoff,,,2024-11-29,,2024-11-29,65.98,1
advance stores company incorporated and its subsidiary golden state supply,CA,44.0,9.0,closure permanent,closure,2024-11-15,2024-11-14,2025-03-07,,2025-03-07,65.63,0
american health partners,TN,62.0,99.0,unknown,other,2024-10-31,,2024-12-31,,2024-12-31,65.97,1
carbon health,CA,62.0,1.0,layoff permanent,layoff,2023-10-16,2023-08-10,2023-10-09,,2023-10-09,65.63,0
the sportsman guide inc south,MN,45.0,57.0,layoff,layoff,,,2025-07-18,,2025-07-18,65.72,0
team manufacturing east west,NC,33.0,107.0,closure,closure,2024-01-02,2024-01-02,2024-03-29,,2024-03-29,66.01,1
outform group,IL,54.0,53.0,layoff,layoff,2024-11-05,2024-11-05,2025-01-05,2025-02-05,2025-01-05,65.69,0
amazon,CA,45.0,5.0,layoff permanent,layoff,2023-01-20,2023-01-18,2023-03-19,,2023-03-19,65.63,0
sid tool,OH,42.0,130.0,layoff,layoff,2024-03-04,,2024-05-14,2024-06-14,2024-05-14,66.09,1
applied materials inc 1140 e arques ave,CA,33.0,26.0,layoff permanent,layoff,2025-10-24,2025-10-23,2025-12-23,,2025-12-23,65.63,0
tc js enterprises franchise operator of chick fil a,CA,72.0,58.0,closure temporary,closure,2025-04-14,2025-04-14,2025-06-19,,2025-06-19,65.7,0
eckerd connects,IA,61.0,115.0,closing,closure,,2025-06-03,2025-06-13,,2025-06-13,66.13,1
ahlstrom mosinee,WI,,48.0,layoff,layoff,,2026-03-04,2026-06-30,,2026-06-30,66.84,1
pasadena park healthcare wellness center,CA,,151.0,closure not known at this time,closure,2025-01-27,2025-01-27,2025-01-15,,2025-01-15,66.2,1
dtg2go,IA,31.0,5.0,closing,closure,,2024-04-03,2024-06-30,,2024-06-30,65.7,0
kaiser foundation hospitals 2025,CA,62.0,1.0,layoff permanent,layoff,2025-04-29,2025-04-28,2025-06-28,,2025-06-28,65.63,0
ceryx management llc 1540 s st andrews,CA,53.0,18.0,layoff permanent,layoff,2025-11-07,2025-10-31,2025-10-03,,2025-10-03,65.63,0
energizer,IN,33.0,64.0,closure,closure,,2024-01-22,2024-04-01,,2024-04-01,65.72,0
bloom energy,CA,33.0,8.0,layoff permanent,layoff,2023-11-01,2023-10-03,2023-10-03,,2023-10-03,65.63,0
at home rochester,MN,44.0,10.0,closure,closure,,,2025-09-30,,2025-09-30,65.65,0
carbon health medical group,CA,62.0,1.0,layoff permanent,layoff,2024-02-21,2024-01-12,2024-03-12,,2024-03-12,65.63,0
amazon mah5 facility,MD,45.0,155.0,closure,closure,,2026-01-28,2026-04-28,,2026-04-28,66.27,1
sonoco,CA,32.0,46.0,closure permanent,closure,2025-05-01,2025-05-01,2025-08-31,,2025-08-31,65.63,0
national spinning,NC,,100.0,layoff,layoff,2023-11-10,2023-11-10,2024-01-15,,2024-01-15,65.97,1
volta charging industries,AZ,,2.0,layoff,layoff,,2024-04-01,,,2024-04-01,65.65,0
aimbridge,FL,72.0,66.0,layoff,layoff,,2026-01-23,2026-03-24,2026-04-09,2026-03-24,65.77,0
pfizer,CA,32.0,196.0,layoff permanent,layoff,2023-02-17,2023-02-09,2023-04-19,,2023-04-19,66.34,1
lereta,WI,52.0,29.0,layoff,layoff,,2023-11-06,2023-11-04,,2023-11-04,64.0,0
marsden services l l c,TN,56.0,105.0,unknown,other,2024-01-24,,2024-02-20,,2024-02-20,66.0,1
clarifying,FL,54.0,103.0,layoff,layoff,,2026-02-18,2026-04-19,2026-04-19,2026-04-19,66.0,1
thermo fisher scientific,CA,33.0,15.0,layoff permanent,layoff,2023-02-06,2023-01-31,2023-01-31,,2023-01-31,65.63,0
main street sports group,MO,71.0,25.0,closure,closure,,2026-02-13,2026-04-14,,2026-04-14,65.59,0
railcrew xpress rcx,NC,,2.0,closure,closure,2025-12-22,2025-12-22,2026-02-27,,2026-02-27,65.61,0
ots solutions llc dba on time staffing,CA,56.0,6.0,layoff permanent,layoff,2024-06-19,2024-06-17,2024-08-17,,2024-08-17,65.63,0
umb,IA,52.0,38.0,mass layoff,mass_layoff,,2025-10-01,2025-11-01,,2025-11-01,65.7,0
vital energy,OK,,48.0,closure,closure,,2026-03-13,,,2026-03-13,66.78,1
quixote studio services 13334,CA,,16.0,layoff permanent,layoff,2025-07-11,2025-07-10,2025-07-10,,2025-07-10,65.63,0
think together,CA,61.0,114.0,layoff permanent,layoff,2026-04-02,2026-04-01,2026-06-12,,2026-06-12,66.05,1
10 roads express,TX,48.0,66.0,layoff,layoff,,,2023-10-16,,2023-10-16,65.79,0
five9,CA,51.0,3.0,layoff permanent,layoff,2024-08-20,2024-08-20,2024-08-20,,2024-08-20,65.63,0
jp morgan chase,NJ,52.0,63.0,layoff,layoff,,2025-08-04,,,2025-08-04,65.7,0
anaplan,CA,51.0,2.0,layoff permanent,layoff,2023-07-20,2023-06-21,2023-09-21,,2023-09-21,65.63,0
lgstx services,TN,48.0,12.0,unknown,other,2024-04-24,,2024-06-18,,2024-06-18,66.0,1
abs global genus intelligen technologies windsor,WI,11.0,8.0,layoff,layoff,,2024-02-19,2024-04-19,,2024-04-19,65.64,0
bionano genomics,MA,54.0,2.0,layoff,layoff,2024-03-25,,2024-05-24,,2024-05-24,65.63,0
amazon,CA,45.0,107.0,closure permanent,closure,2025-10-03,2025-10-02,2026-01-06,,2026-01-06,66.02,1
equus workforce solutions malcolm x blvd arbor e t,TX,56.0,16.0,layoff,layoff,,,2025-09-30,,2025-09-30,65.64,0
wellmore energy company llc 1073 riverview street grundy va 24614,VA,21.0,17.0,layoff,layoff,,2025-08-04,2025-10-04,,2025-10-04,65.56,0
sentinel transportation,CA,,3.0,layoff permanent,layoff,2026-03-30,2026-03-30,2026-05-31,,2026-05-31,65.63,0
unity technologies sf,CA,61.0,120.0,layoff permanent,layoff,2024-01-25,2024-01-09,2024-03-08,,2024-03-08,66.08,1
right at school,CA,61.0,15.0,layoff permanent,layoff,2025-04-10,2025-04-09,2025-06-10,,2025-06-10,65.63,0
directbuy home improvement inc dba z gallerie,CA,44.0,8.0,layoff permanent,layoff,2024-01-23,2023-12-12,2024-01-31,,2024-01-31,65.63,0
emcore,CA,33.0,25.0,closure permanent,closure,2024-06-05,2024-06-04,2024-07-24,,2024-07-24,65.63,0
east west boston,MA,56.0,51.0,layoff,layoff,2024-04-23,,2024-06-21,,2024-06-21,65.64,0
east coast migrant head start project ecmhsp,NC,61.0,2.0,closure,closure,2025-10-22,2025-10-17,2025-11-01,,2025-11-01,65.61,0
wisconsin physicians service insurance corporation wps,WI,52.0,51.0,layoff,layoff,,2025-06-27,2025-09-30,,2025-09-30,65.65,0
freightworks,NC,48.0,180.0,layoff,layoff,2023-03-31,2023-03-31,2023-03-13,,2023-03-13,66.28,1
raytheon,CA,,2.0,layoff permanent,layoff,2025-10-15,2025-10-15,2025-12-15,,2025-12-15,65.63,0
applied materials inc 545 oakmead pkwy,CA,33.0,7.0,layoff permanent,layoff,2025-10-24,2025-10-23,2025-12-23,,2025-12-23,65.63,0
country club mortgage,CA,52.0,24.0,closure permanent,closure,2024-01-17,2023-12-08,2024-02-06,,2024-02-06,65.63,0
nogin commerce,NY,54.0,20.0,economic,other,,2025-03-16,2025-03-16,2025-03-16,2025-03-16,65.76,0
airgas,OK,42.0,48.0,layoff,layoff,,2024-08-29,,,2024-08-29,66.78,1
nordstrom credit operations,NV,52.0,43.0,layoff,layoff,2025-11-17,2025-11-17,2026-02-21,,2026-02-21,65.68,0
epiroc industrial tools attachments,OH,33.0,77.0,layoff,layoff,2024-08-02,,2024-09-17,2024-09-30,2024-09-17,65.81,0
araca ink,CA,31.0,64.0,layoff permanent,layoff,2025-06-30,2025-06-30,2025-09-05,,2025-09-05,65.75,0
jvs masonry,CO,23.0,44.0,closure,closure,,2025-04-01,2025-05-31,2025-05-21,2025-05-31,65.62,0
qualcomm incorporated 10350 sorrento valley road,CA,33.0,3.0,layoff permanent,layoff,2026-04-02,2026-04-02,2026-05-26,,2026-05-26,65.63,0
cygnus home service llc dba yelloh,ND,45.0,1.0,layoff,layoff,,2024-09-23,2024-11-22,,2024-11-22,65.73,0
john deere waterloo works,IA,33.0,71.0,mass layoff,mass_layoff,,2025-08-15,2025-09-22,,2025-09-22,65.88,0
nb farms,CA,11.0,61.0,closure permanent,closure,2024-10-23,2024-10-18,2024-12-30,,2024-12-30,65.73,0
ryder integrated logistics,IL,48.0,32.0,layoff,layoff,2025-07-29,2025-07-29,2025-09-27,2025-09-27,2025-09-27,65.66,0
cepheid b7,CA,32.0,9.0,layoff permanent,layoff,2025-10-30,2025-10-29,2025-12-31,,2025-12-31,65.63,0
wells fargo,IA,52.0,6.0,amendment,amendment,,2023-10-17,2023-12-17,,2023-12-17,65.7,0
offset paperback manufacturers,PA,,106.0,closure,closure,,,2024-04-15,,2024-04-15,66.04,1
marshfield clinic health system,WI,62.0,5.0,layoff,layoff,,2023-03-01,2023-05-19,,2023-05-19,65.64,0
del monte foods corporation ii,CA,31.0,21.0,layoff permanent,layoff,2026-02-26,2026-02-26,2026-05-01,,2026-05-01,65.63,0
klaussner furniture industries,NC,33.0,15.0,closure,closure,2023-08-07,2023-08-07,2023-08-21,,2023-08-21,65.61,0
medtronic,CA,33.0,59.0,closure permanent,closure,2023-04-07,2023-03-29,2023-07-01,,2023-07-01,65.71,0
vertical supply group,CA,42.0,7.0,closure permanent,closure,2023-12-01,2023-10-30,2023-12-31,,2023-12-31,65.63,0
mississippi polymers,MS,32.0,102.0,layoff,layoff,,2025-03-18,2025-06-24,,2025-06-24,65.95,1
ebay san francisco,CA,45.0,28.0,layoff permanent,layoff,2026-02-25,2026-02-25,2026-02-25,,2026-02-25,65.63,0
nsi services,CA,56.0,7.0,closure permanent,closure,2024-03-27,2024-03-17,2024-05-18,,2024-05-18,65.63,0
bloom energy,CA,33.0,3.0,layoff permanent,layoff,2023-11-01,2023-10-03,2023-10-03,,2023-10-03,65.63,0
rocket travel,IL,51.0,61.0,layoff,layoff,2024-12-02,2024-12-02,2025-01-31,2025-01-31,2025-01-31,65.77,0
phoenix financial services,IN,52.0,94.0,closure,closure,,2025-01-24,2024-12-31,,2024-12-31,68.0,1
global communities,MD,92.0,44.0,layoff,layoff,,2025-08-18,2025-09-15,,2025-09-15,65.68,0
immunitybio,CA,54.0,48.0,layoff permanent,layoff,2023-09-19,2023-08-18,2023-10-17,,2023-10-17,65.63,0
google,CA,51.0,34.0,layoff permanent,layoff,2023-10-30,2023-09-13,2023-11-25,,2023-11-25,65.63,0
google us mtv 1900,CA,51.0,1.0,layoff permanent,layoff,2024-01-25,2024-01-10,2024-03-10,,2024-03-10,65.63,0
oracle america,CA,51.0,4.0,layoff permanent,layoff,2025-10-02,2025-10-01,2025-11-10,,2025-11-10,65.63,0
noa technologies,CA,54.0,69.0,layoff permanent,layoff,2026-04-16,2026-04-07,2026-06-01,,2026-06-01,65.79,0
center point inc 2100,CA,62.0,22.0,layoff permanent,layoff,2025-05-02,2025-04-28,2025-06-30,,2025-06-30,65.63,0
four points by sheraton,CA,72.0,181.0,closure permanent,closure,2025-02-25,2025-02-21,2025-04-29,,2025-04-29,66.3,1
amazon mam9,CA,45.0,179.0,closure permanent,closure,2026-01-28,2026-01-28,2026-04-28,,2026-04-28,66.29,1
auto warehousing,MI,54.0,75.0,closure,closure,,,2025-09-01,,2025-09-01,65.76,0
texana center el campo learning center,TX,62.0,9.0,layoff,layoff,,,2025-05-21,,2025-05-21,65.64,0
f2 tps,CA,,31.0,closure permanent,closure,2024-12-16,2024-12-16,2025-03-03,,2025-03-03,65.63,0
mcintosh box pallet,NC,32.0,43.0,closure,closure,2025-08-22,2025-08-20,2025-10-27,,2025-10-27,65.61,0
herbalife international of america,CA,31.0,26.0,layoff permanent,layoff,2023-06-07,2023-05-22,2023-04-28,,2023-04-28,65.63,0
e j victor,NC,33.0,121.0,layoff,layoff,2024-11-16,2024-11-15,2024-11-22,,2024-11-22,66.07,1
waterbury gardens nursing and rehab,CT,,48.0,layoff,layoff,,2023-09-06,,,2023-09-06,66.83,1
geodis,IL,49.0,204.0,layoff,layoff,2024-07-22,2024-07-22,2024-09-01,,2024-09-01,66.4,1
premier glass usa,NJ,23.0,48.0,layoff,layoff,,2023-09-29,,,2023-09-29,65.58,0
stanislaus surgical hospital,CA,62.0,191.0,closure temporary,closure,2024-04-17,2024-04-15,2024-04-30,,2024-04-30,66.32,1
dollar tree,OK,,48.0,closure,closure,,2024-05-24,,,2024-05-24,66.78,1
hudson,FL,45.0,133.0,layoff,layoff,,2025-11-18,2026-01-23,2026-02-26,2026-01-23,66.13,1
bank of the west,NE,52.0,143.0,layoff,layoff,,2023-09-19,,,2023-09-19,66.15,1
gsc logistics,CA,48.0,25.0,layoff permanent,layoff,2025-07-10,2025-07-10,2025-07-10,,2025-07-10,65.63,0
northstar medical radioisotopes,WI,32.0,65.0,layoff,layoff,,2023-10-05,2023-10-11,,2023-10-11,65.77,0
wells fargo,CA,52.0,2.0,layoff permanent,layoff,2023-04-28,2023-04-18,2023-04-18,,2023-04-18,65.63,0
printpack,IL,32.0,111.0,closing,closure,2025-11-12,2025-11-12,2026-01-05,,2026-01-05,66.08,1
steward medical group,AZ,62.0,4.0,layoff,layoff,,2024-10-01,,,2024-10-01,65.65,0
qualcomm incorporated,CA,33.0,6.0,layoff permanent,layoff,2023-06-14,2023-05-17,2023-07-18,,2023-07-18,65.63,0
hospital sisters health system sacred heart hospital of eau claire shec,WI,62.0,1.0,closure,closure,,2024-01-23,2024-03-22,,2024-03-22,65.64,0
wellmore energy llc paw paw 2 south 3113 old rock lick road big rock va 24603,VA,21.0,95.0,layoff,layoff,,2025-10-06,2025-12-06,,2025-12-06,65.89,0
jabil,CA,33.0,166.0,layoff permanent,layoff,2023-01-10,2023-01-06,2023-03-07,,2023-03-07,66.25,1
redemption restaurants llc dba chick fil a,CA,72.0,65.0,closure temporary,closure,2025-04-01,2025-03-31,2025-05-04,,2025-05-04,65.76,0
bay view nursing and rehabilitation,MN,62.0,120.0,closure,closure,,,2024-06-28,,2024-06-28,66.11,1
talaris therapeutics,KY,32.0,51.0,closure,closure,2023-04-26,,2023-04-28,,2023-04-28,65.62,0
wells fargo,IA,52.0,44.0,amendment - additional employees,amendment,,2025-07-22,2025-09-22,,2025-09-22,65.7,0
mckay books,TN,45.0,54.0,unknown,other,2026-03-02,,2026-05-03,,2026-05-03,65.65,0
informatica,CA,51.0,35.0,layoff permanent,layoff,2026-01-14,2026-01-12,2026-02-28,,2026-02-28,65.63,0
vytalogy wellness,CA,,1.0,layoff permanent,layoff,2024-12-20,2024-12-20,2025-02-18,,2025-02-18,65.63,0
international paper,GA,32.0,101.0,closure,closure,,,2025-10-20,,2025-10-20,66.07,1
lyondellbasell advanced polymers,OH,32.0,64.0,layoff,layoff,2023-06-26,,2023-09-02,2024-04-15,2023-09-02,65.72,0
cnh industrial america,IA,33.0,6.0,amendement - change in number,other,,2026-02-27,2026-04-09,,2026-04-09,65.7,0
southwest key programs,CA,62.0,5.0,closure permanent,closure,2025-08-06,2025-08-06,2025-10-05,,2025-10-05,65.63,0
urban alchemy arch shelter,TX,,55.0,layoff,layoff,,,2025-09-30,,2025-09-30,65.69,0
amazon sjc11 facility,CA,45.0,33.0,layoff permanent,layoff,2025-05-15,2025-05-15,2025-07-07,,2025-07-07,65.63,0
federal express,IA,49.0,84.0,mass layoff,mass_layoff,,2025-06-30,2025-09-01,,2025-09-01,65.97,1
cue health nancy ridge,CA,33.0,39.0,layoff permanent,layoff,2023-01-10,2023-01-05,2023-03-07,,2023-03-07,65.63,0
alary s bar,MN,72.0,1.0,closure,closure,,,2023-06-01,,2023-06-01,65.65,0
wuollet bakery minneapolis,MN,31.0,3.0,closure,closure,,,2025-01-25,,2025-01-25,65.65,0
instil bio,CA,54.0,42.0,layoff permanent,layoff,2023-02-23,2023-01-31,2023-04-01,,2023-04-01,65.63,0
juul labs 271,CA,31.0,1.0,layoff permanent,layoff,2023-09-28,2023-08-24,2023-12-01,,2023-12-01,65.63,0
universal protection service llc eight tower bridge 161 washington street suite 600 conshohocken pa 19428,VA,56.0,86.0,layoff,layoff,,2024-03-01,2024-05-01,,2024-05-01,65.84,0
amazon sfo 13,CA,45.0,19.0,layoff permanent,layoff,2026-01-30,2026-01-29,2026-04-28,,2026-04-28,65.63,0
herbalife international of america,CA,31.0,34.0,layoff permanent,layoff,2024-01-08,2023-11-20,2024-01-19,,2024-01-19,65.63,0
smithfield foods,UT,31.0,75.0,layoff,layoff,,2024-03-04,,,2024-03-04,65.87,0
at home,MN,44.0,1.0,closure,closure,,,2024-09-01,,2024-09-01,65.65,0
tattersall distilling,MN,31.0,50.0,closure,closure,,,2024-02-26,,2024-02-26,65.65,0
kpfg,MN,,62.0,closure,closure,2023-09-26,2023-09-26,2023-11-30,,2023-11-30,65.77,0
christmas tree shops location 7,NJ,45.0,20.0,layoff,layoff,,2023-07-07,,,2023-07-07,65.58,0
five9,CA,51.0,30.0,layoff permanent,layoff,2024-08-20,2024-08-20,2024-08-20,,2024-08-20,65.63,0
republic steel,OH,33.0,209.0,layoff,layoff,2023-08-22,,2023-08-10,2023-08-23,2023-08-10,66.33,1
la loma tamales,MN,72.0,1.0,layoff,layoff,,,2026-01-12,,2026-01-12,65.65,0
optum,CA,62.0,26.0,closure permanent,closure,2024-07-18,2024-07-18,2024-09-16,,2024-09-16,65.63,0
tlc of georgia,GA,,78.0,closure,closure,,,2026-04-04,,2026-04-04,65.94,1
smaill mine development,NV,21.0,90.0,layoff,layoff,2023-04-06,2023-04-06,2023-04-06,,2023-04-06,65.99,1
farmers group inc 6301,CA,52.0,3.0,layoff permanent,layoff,2023-09-28,2023-08-28,2023-11-27,,2023-11-27,65.63,0
in n out burgers a california,CA,72.0,115.0,closure permanent,closure,2024-02-01,2024-01-20,2024-03-24,,2024-03-24,66.06,1
kaiser foundation hospitals,CA,62.0,5.0,layoff permanent,layoff,2024-05-01,2024-04-22,2024-06-21,,2024-06-21,65.63,0
ufp edge,MT,32.0,104.0,layoff,layoff,,2025-07-28,2025-09-27,,2025-09-27,65.9,1
pacira biosciences,CA,32.0,71.0,layoff permanent,layoff,2025-07-09,2025-07-09,2025-09-07,,2025-09-07,65.81,0
bags metropolis,FL,56.0,26.0,layoff,layoff,,2024-12-13,2025-01-20,2025-02-17,2025-01-20,65.62,0
amazon mat8 facility,MD,45.0,156.0,closure,closure,,2026-01-28,2026-04-28,,2026-04-28,66.28,1
meta platforms inc 180 jefferson drive,CA,51.0,1.0,layoff permanent,layoff,2025-10-23,2025-10-22,2025-12-22,,2025-12-22,65.63,0
nitto avecia pharma services,CA,54.0,24.0,closure permanent,closure,2025-10-16,2025-10-15,2025-12-16,,2025-12-16,65.63,0
gilead sciences,CA,72.0,104.0,layoff permanent,layoff,2024-11-13,2024-11-13,2025-03-14,,2025-03-14,66.01,1
reach medical holdings,CA,62.0,13.0,closure permanent,closure,2023-09-25,2023-07-29,2023-09-30,,2023-09-30,65.63,0
advance stores company incorporated and its subsidiary golden state supply,CA,44.0,12.0,closure permanent,closure,2024-11-15,2024-11-14,2025-03-10,,2025-03-10,65.63,0
mv transportation,CA,,31.0,layoff permanent,layoff,2023-05-24,2023-04-28,2023-06-30,,2023-06-30,65.63,0
agile physical therapy sutter health mountain view center,CA,62.0,1.0,layoff permanent,layoff,2025-09-26,2025-09-12,2025-11-14,,2025-11-14,65.63,0
de la pena eye clinic dlp los angeles,CA,62.0,12.0,closure permanent,closure,2026-02-18,2026-02-13,2026-03-13,,2026-03-13,65.63,0
tesla,CA,33.0,2.0,layoff permanent,layoff,2024-04-25,2024-04-22,2024-06-14,,2024-06-14,65.63,0
saks,PA,45.0,90.0,layoff,layoff,,,2024-01-06,2024-03-26,2024-01-06,65.96,1
quantumscape battery,CO,,1.0,mass layoff,mass_layoff,,2025-01-28,2025-01-28,2025-01-29,2025-01-28,65.62,0
macy s gwinnett place,GA,45.0,62.0,closure,closure,,,2025-03-18,,2025-03-18,65.82,0
inoac exterior systems,OH,32.0,174.0,closure,closure,2025-01-17,,2025-03-18,,2025-03-18,66.24,1
human biosciences,MD,62.0,30.0,plant closure update: company relocating to west virginia; all workers will be offered positions in new facility,closure,,2025-09-03,2025-11-05,,2025-11-05,65.68,0
compass,NJ,52.0,110.0,layoff,layoff,,2026-01-09,,,2026-01-09,69.0,1
california communications access foundation,CA,54.0,5.0,layoff permanent,layoff,2024-05-08,2024-04-29,2024-07-01,,2024-07-01,65.63,0
yellow,CA,52.0,60.0,closure permanent,closure,2023-08-15,2023-08-01,2023-07-30,,2023-07-30,69.0,1
amentum,AL,56.0,62.0,layoff,layoff,,2025-01-27,2025-04-03,,2025-04-03,65.7,0
raytheon,CA,,137.0,layoff permanent,layoff,2024-07-18,2024-07-18,2024-09-16,,2024-09-16,66.15,1
community crisis services,IA,62.0,49.0,mass layoff,mass_layoff,,2025-07-02,2025-07-17,,2025-07-17,65.7,0
gdi services,IL,56.0,159.0,layoff,layoff,2024-01-05,2024-01-05,2024-03-05,2024-03-25,2024-03-05,66.27,1
exxon mobil midland 1,TX,21.0,1.0,layoff,layoff,,,2024-09-30,,2024-09-30,65.64,0
luke holdings inc donna,TX,,201.0,layoff,layoff,,,2025-02-28,,2025-02-28,66.37,1
vintage wine estates,CA,31.0,17.0,closure permanent,closure,2024-07-24,2024-07-24,2024-09-27,,2024-09-27,65.63,0
t rowe price,MD,52.0,54.0,layoff,layoff,,2026-02-12,2026-02-06,,2026-02-06,65.72,0
pulau corporation 863,CA,54.0,4.0,layoff permanent building,layoff,2025-04-25,2025-04-25,2025-06-30,,2025-06-30,65.63,0
club chef se,GA,42.0,48.0,permanent layoff / reduction in force,layoff,,,2024-06-30,,2024-06-30,65.71,0
wells fargo,CA,52.0,10.0,layoff permanent,layoff,2023-07-24,2023-07-11,2023-07-11,,2023-07-11,65.63,0
macy s retail holdings,NY,45.0,50.0,economic,other,,2025-01-09,2025-04-11,2025-04-11,2025-04-11,65.76,0
kuubix global,CA,49.0,7.0,closure permanent,closure,2023-11-01,2023-09-28,2023-09-29,,2023-09-29,65.63,0
path ai,MA,54.0,36.0,layoff,layoff,2023-06-01,,2023-07-29,,2023-07-29,65.63,0
juul labs 270,CA,31.0,1.0,layoff permanent,layoff,2023-09-28,2023-08-24,2023-10-31,,2023-10-31,65.63,0
kaiser foundation hospitals 90242,CA,62.0,4.0,layoff permanent,layoff,2025-04-23,2025-04-21,2025-04-21,,2025-04-21,65.63,0
kaiser foundation hospitals,CA,62.0,1.0,layoff permanent,layoff,2025-02-11,2025-02-10,2025-02-10,,2025-02-10,65.63,0
sunpower,IL,,60.0,closing,closure,2024-04-24,2024-04-24,2024-06-24,2024-06-24,2024-06-24,65.76,0
catholic charities diocese of san diego,CA,62.0,42.0,layoff permanent,layoff,2025-03-05,2025-02-28,2025-04-30,,2025-04-30,65.63,0
parsec,FL,,147.0,layoff,layoff,,2026-02-23,2026-05-01,2026-05-01,2026-05-01,66.18,1
gate precast,NC,32.0,77.0,closure,closure,2023-12-11,2023-12-11,2024-07-01,,2024-07-01,65.84,0
meta platforms,CA,51.0,53.0,layoff permanent,layoff,2023-05-08,2023-04-24,2023-06-23,,2023-06-23,65.66,0
amazon onm212,CA,45.0,3.0,layoff permanent,layoff,2025-10-29,2025-10-28,2026-01-26,,2026-01-26,65.63,0
excalibur pizza llc dba round table pizza,CA,72.0,4.0,layoff permanent,layoff,2024-02-20,2024-02-15,2024-04-19,,2024-04-19,65.63,0
amazon,CA,45.0,149.0,closure permanent,closure,2025-10-02,2025-10-02,2026-01-06,,2026-01-06,66.19,1
kuubix global,CA,49.0,17.0,closure permanent,closure,2023-11-01,2023-09-27,2023-09-29,,2023-09-29,65.63,0
saks,MO,45.0,65.0,closure,closure,,2026-03-06,2026-05-06,2026-05-31,2026-05-06,65.72,0
99 cents only store llc harlingen,TX,45.0,20.0,layoff,layoff,,,2024-06-03,,2024-06-03,65.64,0
cosmax nbt usa inc 1,TX,32.0,80.0,layoff,layoff,,,2025-02-28,,2025-02-28,65.89,0
innodata services,FL,51.0,1.0,layoff,layoff,,2026-02-03,2026-02-06,2026-03-13,2026-02-06,65.62,0
cole s quality foods,MI,31.0,175.0,closure,closure,,,2025-11-09,,2025-11-09,66.2,1
zachry industrial inc sabine pass updated,TX,23.0,33.0,layoff,layoff,,,2024-08-31,,2024-08-31,65.64,0
kaiser foundation hospitals 4841,CA,62.0,1.0,layoff permanent,layoff,2025-10-07,2025-10-06,2025-09-17,,2025-09-17,65.63,0
stir foods,CA,31.0,11.0,closure permanent,closure,2023-03-27,2023-03-21,2023-05-20,,2023-05-20,65.63,0
whitsons food service,NJ,72.0,66.0,layoff,layoff,,2025-04-18,,,2025-04-18,65.73,0
david s bridal,CA,44.0,38.0,layoff permanent,layoff,2023-06-30,2023-04-25,2023-09-02,,2023-09-02,65.63,0
boeing,FL,33.0,1.0,layoff,layoff,,2024-11-18,2025-01-17,2025-01-17,2025-01-17,65.62,0
salvation army thrift store,MN,45.0,1.0,closure,closure,,,2024-04-01,,2024-04-01,65.65,0
columbia,MN,,1.0,closure,closure,,,2025-08-01,,2025-08-01,65.65,0
parkhurst dining,WV,,38.0,closure,closure,,2025-06-24,2025-08-01,,2025-08-01,65.48,0
orora packaging solutions dba manufactured packaging products,CA,32.0,60.0,closure permanent,closure,2024-11-21,2024-11-21,2025-01-13,,2025-01-13,65.72,0
primo brands,CA,,4.0,closure permanent,closure,2025-04-18,2025-04-18,2025-06-17,,2025-06-17,65.63,0
cresco labs,CA,11.0,44.0,closure permanent,closure,2023-03-16,2023-03-15,2023-05-15,,2023-05-15,65.63,0
google,CA,51.0,3.0,layoff permanent,layoff,2023-01-24,2023-01-20,2023-03-31,,2023-03-31,65.63,0
pacpizza dba pizza hut,CA,,7.0,layoff permanent,layoff,2024-01-24,2023-12-14,2024-02-23,,2024-02-23,65.63,0
salesforce,OR,51.0,150.0,closure,closure,,2024-09-26,,,2024-09-26,66.26,1
kaiser foundation hospitals,CA,62.0,2.0,layoff permanent,layoff,2025-01-22,2025-01-21,2025-03-22,,2025-03-22,65.63,0
phillips 66 wilmington,CA,21.0,111.0,closure permanent,closure,2026-01-26,2026-01-26,2026-12-01,,2026-12-01,66.04,1
north loop galley mpls,MN,72.0,1.0,closure,closure,,,2025-05-10,,2025-05-10,65.65,0
hgs cx technologies,KY,54.0,1.0,layoff,layoff,2026-02-04,,2026-03-31,,2026-03-31,65.61,0
recircle solutions inc oroville flexible grocery bags llc and oroville flexible packaging,CA,32.0,24.0,layoff permanent,layoff,2025-10-20,2025-10-17,2025-12-19,,2025-12-19,65.63,0
bloom energy,CA,33.0,6.0,layoff permanent,layoff,2023-11-01,2023-10-03,2023-10-03,,2023-10-03,65.63,0
galleher,CA,42.0,86.0,closure permanent,closure,2025-11-20,2025-11-20,2026-01-20,,2026-01-20,65.91,1
ryder transportation solutions,IL,48.0,40.0,layoff,layoff,2024-10-21,2024-10-21,2024-12-20,,2024-12-20,65.66,0
nasco healthcare,WI,,60.0,closure,closure,,2023-10-16,2023-12-08,,2023-12-08,65.73,0
ati restoration,CA,56.0,18.0,closure permanent,closure,2023-09-13,2023-08-03,2023-10-06,,2023-10-06,65.63,0
tusimple,CA,54.0,1.0,layoff permanent,layoff,2024-09-03,2024-08-31,2024-10-30,,2024-10-30,65.63,0
lakeshore learning materials llc 2649,CA,44.0,48.0,closure permanent,closure,2025-11-14,2025-11-13,2026-01-12,,2026-01-12,65.63,0
equus workforce solutions greenville arbor e t,TX,56.0,9.0,layoff,layoff,,,2025-09-30,,2025-09-30,65.64,0
granite peak fabrication,TX,33.0,89.0,layoff,layoff,,,2024-02-02,,2024-02-02,65.95,1
optimae lifeservices,IA,62.0,30.0,closing,closure,,2024-09-03,2024-10-03,,2024-10-03,65.7,0
trove recommerce,CA,45.0,60.0,closure permanent,closure,2024-01-25,2023-12-21,2024-03-01,,2024-03-01,65.72,0
navajo manufacturing,OR,,11.0,layoff,layoff,,2025-04-16,,,2025-04-16,65.69,0
maya cuisine,MN,72.0,1.0,layoff,layoff,,,2026-01-20,,2026-01-20,65.65,0
temperpack technologies,NV,32.0,103.0,closure,closure,2023-10-19,2023-10-19,2023-12-21,,2023-12-21,66.06,1
hard rock cafe international,TN,72.0,52.0,unknown,other,2023-05-31,,2023-07-30,,2023-07-30,65.63,0
city national bank flower st,CA,52.0,14.0,layoff permanent,layoff,2024-05-10,2024-05-01,2024-07-05,,2024-07-05,65.63,0
nucor steel longview,TX,33.0,173.0,layoff,layoff,,,2023-08-18,,2023-08-18,66.29,1
community transit lines,NJ,48.0,123.0,layoff,layoff,,2024-09-08,,,2024-09-08,66.05,1
boelter companies,OH,42.0,64.0,closure,closure,2026-03-10,,2026-05-11,2026-05-29,2026-05-11,65.72,0
dropbox,CA,51.0,174.0,layoff permanent,layoff,2024-10-30,2024-10-30,2024-11-15,,2024-11-15,66.27,1
viasat,CA,51.0,11.0,layoff permanent,layoff,2023-12-05,2023-11-01,2024-01-02,,2024-01-02,65.63,0
national aerospace solutions llc nas,CA,,60.0,layoff permanent,layoff,2024-05-10,2024-04-26,2024-06-30,,2024-06-30,65.72,0
paradies lagardere 2401 smith blvd arlington va 22202,VA,,55.0,closure,closure,,2025-08-28,2025-09-26,,2025-09-26,65.61,0
linkotek medical,UT,33.0,52.0,layoff,layoff,,2023-04-01,,,2023-04-01,65.68,0
camelbak products,CA,33.0,43.0,layoff permanent,layoff,2024-02-05,2024-02-01,2024-04-01,,2024-04-01,65.63,0
california resources,CA,21.0,25.0,layoff permanent,layoff,2023-10-04,2023-08-28,2023-08-28,,2023-08-28,65.63,0
headway technologies,CA,33.0,59.0,layoff permanent,layoff,2023-08-30,2023-07-20,2023-09-22,,2023-09-22,65.71,0
cygnus home services llc odessa,TX,45.0,8.0,layoff,layoff,,,2023-10-26,,2023-10-26,65.64,0
good sports plus ltd dba brawley union high school,CA,61.0,6.0,layoff permanent,layoff,2026-04-03,2026-04-02,2026-06-04,,2026-06-04,65.63,0
marc heu patisserie paris,MN,72.0,1.0,layoff,layoff,,,2026-01-16,,2026-01-16,65.65,0
cvs health,NJ,44.0,207.0,layoff,layoff,,2023-11-15,,,2023-11-15,66.32,1
national institute of aerospace 100 exploration way hampton va 23666,VA,,65.0,layoff,layoff,,2023-03-31,2023-05-31,,2023-05-31,65.69,0
louis vuitton usa,CA,44.0,9.0,closure permanent,closure,2025-10-28,2025-10-28,2026-01-25,,2026-01-25,65.63,0
bionano genomics,CA,54.0,64.0,layoff permanent,layoff,2024-04-05,2024-03-21,2024-05-24,,2024-05-24,65.75,0
quixote studio services 12137,CA,,1.0,layoff permanent,layoff,2025-07-11,2025-07-10,2025-07-10,,2025-07-10,65.63,0
timken gaffney bearing plant,SC,33.0,187.0,closure,closure,,2023-03-09,2023-05-04,2023-12-31,2023-05-04,66.3,1
leidos,MD,54.0,71.0,layoff,layoff,,2026-04-02,2026-05-31,,2026-05-31,65.87,0
abm industry groups,SC,56.0,122.0,layoff,layoff,,2026-04-07,2026-04-13,2026-07-07,2026-04-13,66.08,1
black coffee and waffle bar,MN,72.0,25.0,closure,closure,,,2024-02-15,,2024-02-15,65.65,0
united states cellular,IA,51.0,7.0,amendment - change in date,amendment,,2025-06-11,2025-07-01,,2025-07-01,65.7,0
cpp global,NC,32.0,52.0,closure,closure,2023-12-06,2023-11-30,2024-04-30,,2024-04-30,65.63,0
promedica hospice,MN,62.0,25.0,closure,closure,,,2023-05-17,,2023-05-17,65.65,0
kaiser foundation hospitals,CA,62.0,1.0,layoff permanent,layoff,2023-12-12,2023-11-06,2024-01-04,,2024-01-04,65.63,0
procare private duty,TN,62.0,29.0,unknown,other,2024-11-15,,2024-11-14,,2024-11-14,65.61,0
krueger s true value,WI,44.0,37.0,closure,closure,,2025-07-24,2025-10-14,,2025-10-14,65.64,0
sundance holdings,UT,,63.0,layoff,layoff,,2025-09-21,,,2025-09-21,65.78,0
adidas america,MD,44.0,6.0,closure,closure,,2024-07-30,2024-09-17,,2024-09-17,65.68,0
sony pictures entertainment,CA,51.0,6.0,layoff permanent,layoff,2026-04-09,2026-04-08,2026-06-12,,2026-06-12,65.63,0
lsg sky chefs,NC,31.0,57.0,layoff,layoff,2023-12-13,2023-12-13,2024-01-31,,2024-01-31,65.68,0
sodexo inc and affiliates,SC,72.0,136.0,layoff,layoff,,2024-04-30,2024-06-30,,2024-06-30,66.13,1
newark group,CA,32.0,74.0,closure permanent,closure,2025-04-30,2025-04-30,2025-06-01,,2025-06-01,65.83,0
price rite marketplace,MD,,25.0,closure,closure,,2023-08-22,2023-10-22,,2023-10-22,65.68,0
lam research,CA,33.0,155.0,layoff permanent,layoff,2023-06-30,2023-05-25,2023-07-26,,2023-07-26,66.21,1
yellow corporation batavia st,CA,48.0,83.0,closure permanent,closure,2023-08-15,2023-08-01,2023-07-30,,2023-07-30,65.89,0
jabil,CA,33.0,140.0,layoff permanent,layoff,2023-10-13,2023-09-11,2023-11-10,,2023-11-10,66.16,1
plasan north america,MI,33.0,64.0,layoff,layoff,,,2025-07-02,,2025-07-02,65.68,0
americold logistics,GA,49.0,12.0,permanent layoff / reduction in force,layoff,,,2025-09-30,,2025-09-30,65.71,0
mv transportation,FL,,146.0,layoff,layoff,,2025-07-31,2025-09-30,2025-10-08,2025-09-30,66.18,1
edwards vacuum,OR,33.0,128.0,layoff,layoff,,2025-09-16,,,2025-09-16,66.18,1
boardriders wholesale,CA,42.0,2.0,layoff permanent,layoff,2024-02-06,2024-02-01,2024-03-15,,2024-03-15,65.63,0
lockheed martin corp fort bliss atmp,TX,33.0,17.0,layoff,layoff,,,2025-06-30,,2025-06-30,65.64,0
honeywell intelligrated,TX,33.0,80.0,layoff,layoff,,,2023-10-27,,2023-10-27,65.89,0
sacramento motorcars llc dba nissan of elk grove mazda of elk grove quick lube and elk grove cust,CA,,10.0,closure permanent,closure,2025-02-11,2025-02-04,2025-03-31,,2025-03-31,65.63,0
qb intermediate holdings llc aka quality built,AZ,54.0,8.0,layoff,layoff,,2025-07-07,,,2025-07-07,65.65,0
leah s pantry,CA,72.0,40.0,layoff permanent,layoff,2025-07-17,2025-07-16,2025-09-30,,2025-09-30,65.63,0
the segerdahl,IL,,55.0,closing,closure,2024-11-01,2024-11-01,2024-12-31,2024-12-31,2024-12-31,65.71,0
mcr health,FL,62.0,33.0,layoff,layoff,,2024-11-08,2024-11-08,2024-12-13,2024-11-08,65.62,0
techstyle fashion group fabletics,KY,45.0,69.0,closure,closure,2024-07-10,,2024-07-10,,2024-07-10,65.78,0
nutiva,CA,31.0,63.0,closure permanent,closure,2023-03-29,2023-03-24,2023-07-01,,2023-07-01,65.75,0
primeflight aviation services,PA,,68.0,layoff,layoff,,,2026-03-09,,2026-03-09,65.81,0
silgan containers manufacturing,WI,33.0,56.0,closure,closure,,2025-05-21,2025-07-21,,2025-07-21,65.69,0
age of learning,CA,51.0,94.0,layoff permanent,layoff,2024-01-17,2023-12-05,2024-02-05,,2024-02-05,65.95,1
holiday inn club vacations pantego,TX,72.0,56.0,layoff,layoff,,,2023-10-27,,2023-10-27,65.7,0
ssp america,CA,72.0,116.0,layoff permanent,layoff,2025-07-21,2025-07-21,2025-09-22,,2025-09-22,66.06,1
williamston clinic,NC,62.0,10.0,closure,closure,2023-08-04,2023-08-03,2023-10-05,,2023-10-05,65.61,0
legacy supply chain services ii,CA,49.0,39.0,closure permanent,closure,2023-09-28,2023-08-28,2023-10-29,,2023-10-29,65.63,0
safeway albertsons portland division,OR,,87.0,closure,closure,,2024-12-10,,,2024-12-10,65.97,1
wolverine world wide,MA,31.0,71.0,layoff,layoff,2024-01-29,,2024-03-29,,2024-03-29,65.81,0
scat enterprises,CA,33.0,48.0,closure permanent,closure,2023-10-26,2023-09-26,2024-02-29,,2024-02-29,65.63,0
toca madera west hollywood dba knightlife collective,CA,72.0,97.0,layoff permanent,layoff,2024-12-26,2024-12-26,2025-02-24,,2025-02-24,65.97,1
berry global,CA,32.0,8.0,closure permanent,closure,2023-01-19,2023-01-10,2023-04-30,,2023-04-30,65.63,0
movate inc at t project,TX,54.0,71.0,layoff,layoff,,,2025-07-01,,2025-07-01,65.83,0
caterpillar,SC,33.0,109.0,closure,closure,,2024-06-07,2024-08-09,2024-09-30,2024-08-09,66.02,1
colonial savings f a,TX,52.0,130.0,layoff,layoff,,,2026-01-01,,2026-01-01,66.14,1
nri usa,CA,49.0,164.0,closure permanent,closure,2023-08-09,2023-06-29,2023-09-30,,2023-09-30,66.24,1
richland ace hardware,CA,44.0,10.0,closure permanent,closure,2025-06-26,2025-06-25,2025-09-27,,2025-09-27,65.63,0
howard miller,MI,33.0,138.0,closure,closure,,,2025-09-07,,2025-09-07,66.08,1
simplyioa llc 1855 west state road 434 longwood fl 32750,VA,52.0,1.0,closure,closure,,2025-10-03,2025-12-02,,2025-12-02,65.56,0
sambanova systems,CA,51.0,77.0,layoff permanent,layoff,2025-04-22,2025-04-22,2025-04-22,,2025-04-22,65.85,0
ryman hospitality properties,TN,,124.0,unknown,other,2023-10-26,,2024-01-01,,2024-01-01,66.08,1
medzed,GA,,43.0,closure,closure,,,2024-12-01,,2024-12-01,65.71,0
arvinas,CT,54.0,128.0,closure,closure,2025-04-30,2025-04-30,2025-06-29,,2025-06-29,66.12,1
packers sanitation services,AL,56.0,102.0,layoff,layoff,,2023-05-19,2023-05-31,,2023-05-31,65.96,1
amentum,CO,56.0,92.0,closure,closure,,2025-06-05,,,2025-06-05,65.93,1
william kreysler associates,CA,23.0,2.0,layoff permanent,layoff,2024-05-10,2024-05-03,2024-07-03,,2024-07-03,65.63,0
cue health moda north ii,CA,33.0,8.0,layoff permanent,layoff,2024-02-02,2024-01-25,2024-03-26,,2024-03-26,65.63,0
kovalus separation solutions,MA,33.0,100.0,layoff,layoff,2025-02-25,,2025-04-30,2025-06-30,2025-04-30,65.99,1
conn s homeplus grand prairie,TX,44.0,16.0,layoff,layoff,,,2024-10-07,,2024-10-07,65.64,0
great minds 55 m street se suite 301 washington dc 20003,VA,61.0,79.0,layoff,layoff,,2023-11-03,2023-12-31,,2023-12-31,65.79,0
niagara bottling,CA,31.0,73.0,layoff permanent,layoff,2025-02-18,2025-02-14,2025-04-15,,2025-04-15,65.82,0
key energy services,CA,21.0,9.0,layoff permanent,layoff,2024-10-02,2024-10-02,2024-12-02,,2024-12-02,65.63,0
family resources,IA,62.0,26.0,mass layoff,mass_layoff,,2024-04-25,2024-06-30,,2024-06-30,65.7,0
marvell semiconductor,CA,33.0,29.0,layoff permanent,layoff,2023-04-03,2023-03-22,2023-05-22,,2023-05-22,65.63,0
ruan transport,AZ,48.0,144.0,layoff,layoff,,2025-07-01,,,2025-07-01,66.2,1
heartland healthcare services,PA,62.0,71.0,closure,closure,,,2023-02-28,,2023-02-28,65.83,0
graftech usa,PA,33.0,210.0,layoff,layoff,,,2024-04-13,2024-05-31,2024-04-13,66.4,1
hell s kitchen,MN,72.0,1.0,layoff,layoff,,,2026-01-12,,2026-01-12,65.65,0
bh security llc dba brinks home,TX,56.0,61.0,layoff,layoff,,,2025-06-30,,2025-06-30,65.75,0
tupperware,SC,32.0,102.0,closure,closure,,2025-03-04,2025-04-04,2025-06-13,2025-04-04,65.98,1
right at school llc anna kyle elementary,CA,61.0,3.0,closure permanent,closure,2025-04-10,2025-04-09,2025-06-09,,2025-06-09,65.63,0
act,IA,61.0,106.0,mass layoff,mass_layoff,,2023-05-17,2023-06-19,,2023-06-19,66.09,1
calpac pizza dba pizza hut,CA,72.0,3.0,layoff permanent,layoff,2024-01-24,2023-12-14,2024-02-15,,2024-02-15,65.63,0
amazon,CA,45.0,16.0,layoff permanent,layoff,2023-01-20,2023-01-18,2023-03-19,,2023-03-19,65.63,0
the boeing,AL,33.0,158.0,layoff,layoff,,2024-11-15,2025-01-17,,2025-01-17,66.19,1
agilent technologies,CA,33.0,4.0,layoff permanent,layoff,2024-06-07,2024-06-07,2024-08-09,,2024-08-09,65.63,0
forman mills,WI,44.0,33.0,closure,closure,,2023-06-20,2023-08-03,,2023-08-03,65.64,0
federal express,KY,49.0,122.0,closure,closure,2025-01-03,,2025-03-03,,2025-03-03,66.07,1
vmware,GA,,217.0,permanent layoff / reduction in force,layoff,,,2024-01-26,,2024-01-26,66.47,1
para los ninos,CA,,25.0,layoff permanent,layoff,2024-04-18,2024-04-11,2024-06-11,,2024-06-11,65.63,0
amentum,CO,56.0,54.0,completion of pcapp milestones,other,,2023-11-21,2024-01-01,2024-01-31,2024-01-01,65.66,0
packers sanitation services,AL,56.0,157.0,layoff,layoff,,2023-02-21,2023-03-09,,2023-03-09,66.18,1
sharp healthcare 250,CA,,1.0,layoff permanent,layoff,2025-07-01,2025-06-30,2025-09-02,,2025-09-02,65.63,0
yellow,CA,52.0,23.0,closure permanent,closure,2023-08-18,2023-08-01,2023-07-30,,2023-07-30,69.0,1
francesca s houston,TX,44.0,202.0,layoff,layoff,,,2026-01-08,,2026-01-08,66.37,1
aspiration partners,CA,52.0,26.0,layoff permanent,layoff,2023-06-07,2023-05-24,2023-06-30,,2023-06-30,65.63,0
stoney river steakhouse grill,MD,72.0,68.0,closure,closure,,2026-04-20,2026-06-26,,2026-06-26,65.84,0
kaiser foundation hospitals,CA,62.0,1.0,layoff permanent,layoff,2024-09-23,2024-09-23,2024-11-22,,2024-11-22,65.63,0
dotdash meredith,IA,51.0,45.0,mass layoff,mass_layoff,,2023-01-26,2023-02-01,,2023-02-01,65.7,0
inoac exterior systems,OH,32.0,11.0,closure,closure,2025-04-04,,2025-06-03,,2025-06-03,65.59,0
workday,CA,51.0,196.0,layoff permanent,layoff,2023-02-15,2023-02-03,2023-04-03,,2023-04-03,66.34,1
distribution alternatives,CA,49.0,1.0,closure permanent,closure,2024-01-16,2023-11-16,2024-01-15,,2024-01-15,65.63,0
best buy outlet blaine,MN,44.0,1.0,closure,closure,,,2025-07-15,,2025-07-15,65.65,0
pinova,GA,32.0,125.0,closure,closure,,,2023-09-15,,2023-09-15,66.18,1
labcorp early development laboratories inc and laboratory corporation of america holdings labcorp,MI,62.0,76.0,closure,closure,,,2026-03-09,,2026-03-09,65.77,0
orlando sanford international airport,FL,48.0,93.0,layoff,layoff,,2023-07-20,2023-09-25,2023-09-25,2023-09-25,65.95,1
adventist health simi valley,CA,62.0,3.0,layoff permanent,layoff,2024-05-23,2024-05-23,2024-05-23,,2024-05-23,65.63,0
creative testing solutions,TX,54.0,91.0,layoff,layoff,,,2025-12-12,,2025-12-12,65.96,1
q e p,TN,32.0,87.0,unknown,other,2023-06-06,,2023-08-09,,2023-08-09,65.9,1
qualcomm incorporated,CA,33.0,12.0,layoff permanent,layoff,2023-06-14,2023-05-17,2023-07-18,,2023-07-18,65.63,0
unity technologies sf,CA,61.0,49.0,layoff permanent,layoff,2024-03-25,2024-02-06,2024-04-06,,2024-04-06,65.63,0
menasha packaging,IL,32.0,66.0,layoff,layoff,2023-08-31,2023-08-31,2023-10-31,2023-10-31,2023-10-31,65.81,0
walmart,CA,,79.0,layoff permanent,layoff,2024-03-18,2024-03-14,2024-06-14,,2024-06-14,65.86,0
renesas electronics corporation san jose campus,CA,33.0,17.0,layoff permanent,layoff,2025-06-11,2025-06-10,2025-05-12,,2025-05-12,65.63,0
boston scientific,CA,33.0,30.0,closure permanent,closure,2024-10-23,2024-10-23,2024-12-31,,2024-12-31,65.63,0
universal screen arts,OH,61.0,215.0,layoff,layoff,2024-09-11,,2024-09-10,2024-11-01,2024-09-10,66.35,1
united states cellular,IA,51.0,8.0,amendment - change in date,amendment,,2025-06-11,2025-07-01,,2025-07-01,65.7,0
collins aerospace,CA,33.0,8.0,layoff permanent,layoff,2025-03-19,2025-03-14,2025-05-12,,2025-05-12,65.63,0
activision blizzard,CA,51.0,9.0,layoff permanent,layoff,2024-05-10,2024-04-08,2024-06-07,,2024-06-07,65.63,0
goetze s candy,MD,31.0,74.0,"temporary mass layoff update: temporary, 2 week layoff for annual maintenance and cleaning",mass_layoff,,2025-10-22,2025-12-22,,2025-12-22,65.89,0
first student,OH,48.0,39.0,layoff,layoff,2025-08-18,,2025-08-20,,2025-08-20,65.59,0
sentinel transportation,CA,,7.0,layoff permanent,layoff,2026-03-30,2026-03-30,2026-05-31,,2026-05-31,65.63,0
c2 technologies,FL,54.0,1.0,layoff,layoff,,2026-03-05,2026-03-06,2026-03-06,2026-03-06,65.62,0
bwi group,IN,33.0,9.0,layoff,layoff,,2023-08-03,2023-10-03,,2023-10-03,65.59,0
planned parenthood mar monte inc 5440,CA,62.0,12.0,layoff permanent,layoff,2025-08-26,2025-07-24,2025-07-24,,2025-07-24,65.63,0
vellee deli,MN,72.0,1.0,closure,closure,,,2025-04-20,,2025-04-20,65.65,0
david s bridal,CA,44.0,27.0,layoff permanent,layoff,2023-07-05,2023-04-25,2023-09-02,,2023-09-02,65.63,0
mountain valley express,CA,48.0,6.0,layoff permanent,layoff,2024-12-05,2024-11-25,2025-01-23,,2025-01-23,66.0,1
bayer cropscience lp,IA,32.0,28.0,mass layoff,mass_layoff,,2024-03-28,2024-05-22,,2024-05-22,65.7,0
centerra group,CA,62.0,3.0,layoff permanent,layoff,2023-11-13,2023-08-10,2023-09-30,,2023-09-30,65.63,0
accella polyurethane systems,OH,32.0,71.0,layoff,layoff,2023-01-12,,2023-03-13,2023-03-31,2023-03-13,65.77,0
sinton dairy foods,CO,31.0,64.0,closure,closure,,2024-09-26,2026-12-30,2026-12-30,2026-12-30,65.74,0
downtown streets,CA,81.0,3.0,closure permanent,closure,2025-08-29,2025-08-29,2025-10-31,,2025-10-31,65.63,0
meta platforms,CA,51.0,8.0,layoff permanent,layoff,2023-06-26,2023-05-29,2023-07-28,,2023-07-28,65.63,0
nordstrom,NV,45.0,24.0,closure,closure,2025-05-29,2025-05-29,2025-08-16,,2025-08-16,65.68,0
child care associates mansfield,TX,62.0,15.0,layoff,layoff,,,2025-06-30,,2025-06-30,65.64,0
agile physical therapy sutter health dublin physical hand therapy,CA,62.0,7.0,layoff permanent,layoff,2025-09-26,2025-09-12,2025-11-14,,2025-11-14,65.63,0
ferrara candy company courage drive,CA,31.0,1.0,layoff permanent,layoff,2026-02-23,2026-02-21,2026-06-01,,2026-06-01,65.63,0
dhl supply chain formerly exel,KY,49.0,72.0,closure,closure,2023-04-26,,2023-07-31,,2023-07-31,65.8,0
quality fabrication,CA,,55.0,closure permanent,closure,2024-01-08,2023-11-16,2024-01-16,,2024-01-16,65.67,0
paper source inc minneapolis,MN,,1.0,closure,closure,,,2024-02-28,,2024-02-28,65.65,0
fig leasing co inc a subsidiary of farmers group,CA,53.0,56.0,layoff permanent,layoff,2024-10-31,2024-10-31,2024-12-31,,2024-12-31,65.68,0
fresno economic opportunities commission 1504 n webser,CA,62.0,9.0,layoff temporary,layoff,2025-11-03,2025-10-31,2026-01-01,,2026-01-01,65.63,0
david s bridal,NC,44.0,1.0,layoff,layoff,2023-04-17,2023-04-14,2023-07-31,,2023-07-31,65.61,0
yellow,CA,52.0,120.0,closure permanent,closure,2023-08-17,2023-08-01,2023-07-30,,2023-07-30,69.0,1
poblocki sign,WI,33.0,91.0,closure,closure,,2024-04-08,2024-06-07,,2024-06-07,65.95,1
affirm,PA,52.0,60.0,layoff,layoff,,,2024-02-15,2024-04-30,2024-02-15,65.75,0
southwest key programs casa canutillo,TX,62.0,2.0,layoff,layoff,,,2025-11-05,,2025-11-05,65.64,0
boardriders wholesale,CA,42.0,2.0,layoff permanent,layoff,2024-01-03,2023-11-20,2023-12-22,,2023-12-22,65.63,0
medicago usa,NC,54.0,164.0,closure,closure,2023-02-06,2023-02-03,2023-06-30,,2023-06-30,66.23,1
child care associates tucker,TX,62.0,7.0,layoff,layoff,,,2025-06-30,,2025-06-30,65.64,0
capra s sporting goods,MN,45.0,1.0,closure,closure,,,2024-07-01,,2024-07-01,65.65,0
riverpoint medical,GA,62.0,110.0,closure,closure,,,2024-08-02,,2024-08-02,66.12,1
serta mattress,AL,,102.0,closure,closure,,2026-04-15,2026-04-17,,2026-04-17,65.96,1
fate therapeutics,CA,54.0,217.0,layoff permanent,layoff,2023-01-24,2023-01-05,2023-03-06,,2023-03-06,66.39,1
masu sushi apple valley,MN,72.0,1.0,closure,closure,,,2024-07-30,,2024-07-30,65.65,0
grouper acquisition company llc dba shiloh industries,IN,55.0,172.0,closure,closure,,2026-02-02,2026-03-31,,2026-03-31,66.24,1
genpact us services,GA,32.0,45.0,permanent layoff / reduction in force,layoff,,,2024-11-30,,2024-11-30,65.71,0
qualicaps,NC,,91.0,closure,closure,2025-12-05,2025-12-02,2026-12-31,,2026-12-31,65.93,1
amazon,CA,45.0,2.0,layoff permanent,layoff,2023-01-20,2023-01-18,2023-03-19,,2023-03-19,65.63,0
raytheon technologies,CA,,175.0,layoff permanent,layoff,2023-04-24,2023-04-07,2023-06-09,,2023-06-09,66.28,1
charles river laboratories,CA,54.0,55.0,closure permanent,closure,2023-08-28,2023-07-19,2023-09-19,,2023-09-19,65.67,0
alchemee,CA,32.0,12.0,closure permanent,closure,2023-09-06,2023-07-27,2023-09-29,,2023-09-29,65.63,0
dakkota integrated systems llc louisville chamberlain 1,KY,33.0,11.0,layoff,layoff,2025-05-05,,2025-07-01,,2025-07-01,65.61,0
daifuku services america,CA,56.0,80.0,layoff permanent,layoff,2024-02-22,2024-02-22,2024-04-22,,2024-04-22,65.87,0
hunt sons,CA,,10.0,layoff permanent,layoff,2024-10-31,2024-10-29,2025-01-01,,2025-01-01,65.63,0
track utilities,ID,,152.0,layoff,layoff,,2023-02-06,2023-04-24,,2023-04-24,66.24,1
updated charles river laboratories,MA,32.0,71.0,layoff,layoff,2025-12-16,,2026-01-06,2026-06-26,2026-01-06,65.81,0
best wishes floral,MN,45.0,3.0,closure,closure,,,2023-10-01,,2023-10-01,65.65,0
charles river laboratories,NC,54.0,37.0,closure,closure,2025-01-28,2025-01-27,2025-10-24,,2025-10-24,65.61,0
directbuy home improvement inc dba z gallerie,CA,44.0,15.0,layoff permanent,layoff,2024-01-24,2023-12-12,2024-01-31,,2024-01-31,65.63,0
oakland stamping llc dba autokiniton,MI,33.0,201.0,closure,closure,,,2025-12-05,2026-04-03,2025-12-05,66.28,1
brinks home,OH,56.0,6.0,layoff,layoff,2023-01-05,,2023-03-05,2023-03-05,2023-03-05,65.59,0
stryder corp dba handshake,CA,51.0,96.0,layoff permanent,layoff,2025-10-15,2025-10-15,2025-10-15,,2025-10-15,65.96,1
fresenius usa,CA,62.0,123.0,closure permanent,closure,2024-05-17,2024-05-16,2024-08-16,,2024-08-16,66.09,1
carbon health medical group,CA,62.0,2.0,layoff permanent,layoff,2024-02-21,2024-01-12,2024-03-12,,2024-03-12,65.63,0
nuvasive,CA,33.0,157.0,layoff permanent,layoff,2024-01-24,2024-01-03,2024-03-05,,2024-03-05,66.22,1
lgo pasadena,CA,72.0,74.0,closure permanent,closure,2025-02-03,2025-02-01,2025-04-05,,2025-04-05,65.83,0
advance stores company incorporated and its subsidiary golden state supply,CA,44.0,14.0,closure permanent,closure,2024-11-15,2024-11-14,2025-02-02,,2025-02-02,65.63,0
carbon health,CA,62.0,8.0,layoff permanent,layoff,2023-10-18,2023-08-10,2023-10-09,,2023-10-09,65.63,0
pacpizza dba pizza hut,CA,,4.0,layoff permanent,layoff,2024-01-24,2023-12-14,2024-02-25,,2024-02-25,65.63,0
rochambeau logistics inc 61 floyd thompson dr hampton va 23666,VA,49.0,63.0,closure,closure,,2025-07-22,2025-07-25,,2025-07-25,65.68,0
heritage bank of commerce livermore,CA,52.0,1.0,layoff permanent,layoff,2026-03-17,2026-02-27,2026-04-17,,2026-04-17,65.63,0
liberty residential services inc 2915,CA,62.0,35.0,layoff permanent,layoff,2025-05-28,2025-05-27,2025-07-31,,2025-07-31,65.63,0
appliance plus,IA,44.0,5.0,closing,closure,,2026-04-14,2026-07-31,,2026-07-31,65.7,0
the boeing,CA,33.0,22.0,layoff permanent,layoff,2023-12-27,2023-11-08,2024-01-19,,2024-01-19,65.63,0
iqor holdings us,AZ,56.0,148.0,layoff,layoff,,2025-05-30,,,2025-05-30,66.21,1
david s bridal,AK,44.0,48.0,store closure,closure,,2023-04-14,,,2023-04-14,66.82,1
lexington law firm,UT,54.0,63.0,layoff,layoff,,2023-05-11,,,2023-05-11,65.78,0
ford walker haggerty behar llp fwhb,CA,54.0,6.0,closure permanent,closure,2025-05-05,2025-05-01,2025-06-30,,2025-06-30,65.63,0
d a consulting services dba getinsured,NV,54.0,1.0,layoff,layoff,2024-12-30,2024-12-30,2025-02-19,,2025-02-19,65.68,0
kaleo,NC,,2.0,layoff,layoff,2024-10-01,2024-09-30,2024-11-30,,2024-11-30,65.61,0
good sports plus ltd dba arc j w oakley elementary school,CA,61.0,15.0,layoff permanent,layoff,2026-04-03,2026-04-02,2026-06-04,,2026-06-04,65.63,0
qualcomm incorporated,CA,33.0,2.0,layoff permanent,layoff,2023-06-14,2023-05-17,2023-07-18,,2023-07-18,65.63,0
betmgm,NJ,71.0,83.0,layoff,layoff,,2025-05-27,,,2025-05-27,65.85,0
lulus fashion lounge,CA,45.0,83.0,closure permanent,closure,2024-12-05,2024-12-05,2025-02-28,,2025-02-28,65.89,0
kira services,AZ,54.0,3.0,layoff,layoff,,2025-07-17,,,2025-07-17,65.65,0
google,CA,51.0,2.0,layoff permanent,layoff,2023-01-23,2023-01-20,2023-03-31,,2023-03-31,65.63,0
battelle,CO,54.0,1.0,layoff,layoff,,2026-01-15,2026-03-16,2026-03-16,2026-03-16,65.62,0
golden gate university,CA,61.0,11.0,layoff permanent,layoff,2024-05-31,2024-05-31,2024-07-31,,2024-07-31,65.63,0
blue shield of california,CA,52.0,13.0,layoff permanent,layoff,2023-12-29,2023-11-27,2024-01-31,,2024-01-31,65.63,0
emanate health system,CA,62.0,2.0,layoff permanent,layoff,2024-10-10,2024-10-10,2024-12-09,,2024-12-09,65.63,0
gala group north america inc 3994 pepperell way dublin va 24084,VA,33.0,60.0,closure,closure,,2024-02-06,2024-04-06,,2024-04-06,65.65,0
kenco logistic services,IN,49.0,110.0,closure,closure,,2024-01-19,2024-03-19,,2024-03-19,66.01,1
st vincent de paul society of lane county,CA,,16.0,closure permanent,closure,2024-04-23,2024-04-16,2024-06-15,,2024-06-15,65.63,0
ryder integrated logistics,IL,48.0,59.0,closing,closure,2025-12-30,2025-12-30,2026-02-28,2026-02-28,2026-02-28,65.75,0
kaiser foundation hospitals,CA,62.0,3.0,layoff permanent,layoff,2025-06-18,2025-06-16,2025-06-16,,2025-06-16,65.63,0
cygnus home service llc dba yelloh,ID,45.0,10.0,layoff,layoff,,2023-10-25,2023-12-15,,2023-12-15,65.66,0
fedex freight,MN,48.0,30.0,closure,closure,,,2023-08-12,,2023-08-12,65.65,0
nelson laboratories,MT,54.0,40.0,layoff,layoff,,2024-09-16,2024-11-15,,2024-11-15,65.52,0
pitney bowes,IA,33.0,168.0,closing,closure,,2025-03-12,2025-05-19,,2025-05-19,66.33,1
graphic solutions inc welch rd,TX,32.0,2.0,layoff,layoff,,,2025-06-13,,2025-06-13,65.64,0
cox automotive corp svc,MD,54.0,70.0,layoff,layoff,,2026-04-03,2026-06-05,,2026-06-05,65.86,0
york street fresh foods,OH,31.0,150.0,layoff,layoff,2023-10-23,,2023-12-15,2023-12-22,2023-12-15,66.16,1
chinese phoenix express st cloud,MN,72.0,1.0,closure,closure,,,2024-11-24,,2024-11-24,65.65,0
first savings bank,NM,52.0,1.0,layoff,layoff,2023-09-29,2023-09-29,2023-11-30,,2023-11-30,65.78,0
blue shield of california oakland,CA,52.0,70.0,layoff permanent,layoff,2025-07-15,2025-07-14,2025-09-23,,2025-09-23,65.8,0
walmart,OH,,177.0,layoff,layoff,2024-02-06,,2024-05-03,,2024-05-03,66.25,1
wellspace health,CA,62.0,1.0,layoff permanent,layoff,2024-05-15,2024-04-25,2024-06-30,,2024-06-30,65.63,0
ymca bill libbon elementary school,CA,71.0,11.0,layoff permanent,layoff,2026-04-20,2026-04-17,2026-06-09,,2026-06-09,65.63,0
living christ early learning center,MN,61.0,12.0,closure,closure,,,2024-12-31,,2024-12-31,65.65,0
emanate health system,CA,62.0,32.0,closure permanent,closure,2024-10-10,2024-10-10,2024-12-09,,2024-12-09,65.63,0
sonny dot mankato,MN,45.0,1.0,closure,closure,,,2024-12-23,,2024-12-23,65.65,0
hinge health,CA,62.0,45.0,layoff permanent,layoff,2024-04-15,2024-04-11,2024-06-11,,2024-06-11,65.63,0
trinity management services,CA,33.0,10.0,layoff permanent,layoff,2023-06-28,2023-05-23,2023-07-24,,2023-07-24,65.63,0
mahle thermal and fluid systems,OH,33.0,141.0,closure,closure,2025-09-30,,2025-12-01,2026-08-31,2025-12-01,66.13,1
fresno economic opportunities commission 115 w belmont ave,CA,62.0,3.0,layoff temporary,layoff,2025-11-03,2025-10-31,2026-01-01,,2026-01-01,65.63,0
pinterest inc ca remote,CA,51.0,4.0,layoff permanent,layoff,2026-01-28,2026-01-27,2026-03-31,,2026-03-31,65.63,0
value village thrift stores,MD,45.0,9.0,"plant closure update: there are 5 maryland locations. new owner is expected to hire all workers, with the exception of 46 workers, due to transportation issues",closure,,2025-12-19,2026-02-21,,2026-02-21,65.68,0
fresno economic opportunities commission 112 4th st,CA,62.0,7.0,layoff temporary,layoff,2025-11-03,2025-10-31,2026-01-01,,2026-01-01,65.63,0
cloud software group,CA,51.0,96.0,layoff permanent,layoff,2023-05-03,2023-01-09,2023-03-13,,2023-03-13,65.96,1
cti foods azusa,CA,31.0,145.0,closure permanent,closure,2024-11-14,2024-11-14,2025-01-13,,2025-01-13,66.18,1
regal rexnord,CA,33.0,3.0,closure permanent,closure,2026-02-02,2026-02-02,2026-04-10,,2026-04-10,65.63,0
peloton interactive,CA,33.0,3.0,closure permanent,closure,2023-10-02,2023-08-31,2023-11-01,,2023-11-01,65.63,0
kaiser foundation hospitals,CA,62.0,1.0,layoff permanent,layoff,2024-02-28,2024-02-26,2024-04-26,,2024-04-26,65.63,0
advance stores company incorporated and its subsidiary golden state supply,CA,44.0,14.0,closure permanent,closure,2024-11-15,2024-11-14,2025-03-11,,2025-03-11,65.63,0
hussian college,TN,33.0,59.0,unknown,other,2023-07-20,,2023-06-09,,2023-06-09,65.7,0
legacy supply chain,KY,49.0,123.0,closure,closure,2026-04-01,,2026-06-06,,2026-06-06,66.08,1
robert kaufman,CA,31.0,44.0,closure permanent,closure,2025-03-20,2025-03-20,2025-05-19,,2025-05-19,65.63,0
sunrun sweetwater ave phoenix,AZ,,117.0,layoff,layoff,,2023-06-30,,,2023-06-30,66.09,1
salut bar,MN,72.0,20.0,closure,closure,,,2024-01-08,,2024-01-08,65.65,0
david s bridal,MA,44.0,48.0,layoff,layoff,2023-04-14,,2023-04-14,2023-08-11,2023-04-14,66.83,1
soli organic,GA,11.0,128.0,closure,closure,,,2025-10-15,,2025-10-15,66.2,1
carbon health,CA,62.0,12.0,layoff permanent,layoff,2023-10-18,2023-08-10,2023-10-09,,2023-10-09,65.63,0
chemours,FL,32.0,44.0,layoff,layoff,,2026-01-05,2026-03-06,2026-03-06,2026-03-06,65.62,0
advance stores company incorporated and its subsidiary golden state supply,CA,44.0,6.0,closure permanent,closure,2024-11-15,2024-11-14,2025-02-25,,2025-02-25,65.63,0
timber valley grille,MN,72.0,20.0,closure,closure,,,2024-03-01,,2024-03-01,65.65,0
urovant sciences,CA,,22.0,layoff permanent,layoff,2023-05-15,2023-04-27,2023-06-30,,2023-06-30,65.63,0
infineon,CA,33.0,1.0,layoff permanent,layoff,2025-11-04,2025-10-31,2025-11-14,,2025-11-14,65.63,0
amazon,IL,45.0,211.0,closing,closure,2024-09-16,2024-09-16,2024-11-13,,2024-11-13,66.41,1
panera,CA,,77.0,closure permanent,closure,2025-02-14,2025-02-13,2025-04-14,,2025-04-14,65.85,0
air products and chemicals,PA,32.0,14.0,layoff,layoff,,,2025-11-17,,2025-11-17,65.65,0
cremach tech,CA,33.0,27.0,layoff permanent,layoff,2024-10-29,2024-10-29,2024-12-31,,2024-12-31,65.63,0
denkai america,SC,32.0,60.0,closure,closure,,2024-11-27,2025-01-31,,2025-01-31,65.71,0
ethos cannabis,PA,45.0,11.0,closure,closure,,,2024-04-20,2024-05-04,2024-04-20,65.65,0
raytheon,CA,,1.0,layoff permanent,layoff,2025-12-15,2025-12-15,2026-02-13,,2026-02-13,65.63,0
ecamsecure,CA,56.0,4.0,layoff permanent,layoff,2025-02-11,2025-02-10,2025-04-11,,2025-04-11,65.63,0
renesas electronics,CA,33.0,50.0,layoff permanent,layoff,2023-12-22,2023-11-15,2023-12-01,,2023-12-01,65.63,0
michael s cookies,IA,31.0,29.0,closing,closure,,2025-04-22,2025-05-23,,2025-05-23,65.7,0
walmart,NC,,201.0,closure,closure,2025-02-05,2025-02-05,2025-06-13,,2025-06-13,66.34,1
phoenix technologies,OH,52.0,7.0,closure,closure,2025-11-19,,2025-11-20,,2025-11-20,85.0,1
joslyn sunbank,CA,33.0,76.0,closure permanent,closure,2023-02-28,2023-01-30,2023-03-31,,2023-03-31,65.84,0
rainbow health minneapolis,MN,,55.0,closure,closure,,,2024-07-18,,2024-07-18,65.7,0
yelloh,CA,,7.0,closure permanent,closure,2023-12-01,2023-10-09,2023-10-20,,2023-10-20,65.63,0
klarna,OH,52.0,102.0,layoff,layoff,2023-10-23,,2023-12-23,2024-01-05,2023-12-23,65.96,1
bedding acquisition llc grand prairie plant,TX,31.0,23.0,layoff,layoff,,,2023-05-26,,2023-05-26,65.64,0
schlumberger technology,CA,21.0,28.0,layoff permanent,layoff,2024-08-29,2024-08-27,2024-10-29,,2024-10-29,65.63,0
makita u s a,NV,33.0,9.0,layoff,layoff,2023-04-28,2023-04-28,2023-06-28,,2023-06-28,65.68,0
dhl supply chain,PA,49.0,66.0,closure,closure,,,2026-02-28,,2026-02-28,65.8,0
geodis logistics llc casestack,TX,56.0,76.0,layoff,layoff,,,2024-09-17,,2024-09-17,65.86,0
oncall urgent care,IL,62.0,10.0,closing,closure,2025-06-16,2025-06-16,2022-08-08,,2022-08-08,65.66,0
tbi us operations,FL,54.0,7.0,layoff,layoff,,2023-12-13,2024-02-15,2024-02-15,2024-02-15,65.62,0
thermo fisher scientific,CA,33.0,19.0,layoff permanent,layoff,2023-03-07,2023-03-07,2023-05-06,,2023-05-06,65.63,0
first savings bank,TN,52.0,4.0,unknown,other,2023-10-11,,2023-11-30,,2023-11-30,65.61,0
daifuku services america corporation aurora,CO,56.0,32.0,loss of contract,other,,2024-02-22,2024-04-22,2024-05-06,2024-04-22,65.62,0
amazon mao6,CA,45.0,189.0,closure permanent,closure,2026-01-28,2026-01-28,2026-04-28,,2026-04-28,66.32,1
premier berry farms,CA,11.0,74.0,closure permanent,closure,2026-04-20,2026-04-07,2026-06-06,,2026-06-06,65.83,0
bpa facility services,GA,56.0,60.0,closure,closure,,,2024-09-30,,2024-09-30,65.8,0
lyft,TN,48.0,133.0,unknown,other,2023-05-30,,2023-04-28,,2023-04-28,66.12,1
pregis,CA,32.0,45.0,closure permanent,closure,2025-01-29,2025-01-29,2025-03-31,,2025-03-31,65.63,0
apellis pharmaceuticals,MA,32.0,175.0,layoff,layoff,2023-08-30,,2023-10-30,,2023-10-30,66.28,1
djafi trucking,OH,48.0,15.0,layoff,layoff,2024-04-30,,2024-04-27,,2024-04-27,65.59,0
bell nursery usa,MD,11.0,42.0,closure,closure,,2025-09-25,2025-09-26,,2025-09-26,65.68,0
ademco,CA,33.0,72.0,closure permanent,closure,2023-04-25,2023-04-10,2024-01-02,,2024-01-02,65.82,0
yang ming america corporation updated,TX,,105.0,layoff,layoff,,,2025-11-30,,2025-11-30,66.03,1
amazon san 18,CA,45.0,3.0,layoff permanent,layoff,2025-10-29,2025-10-28,2026-01-26,,2026-01-26,65.63,0
intel,CA,33.0,23.0,layoff permanent,layoff,2024-08-30,2024-08-30,2024-10-31,,2024-10-31,65.63,0
franciscan alliance,IN,62.0,61.0,layoff,layoff,,2023-07-10,2023-09-30,,2023-09-30,65.7,0
ajinomoto bio pharma services,CA,32.0,71.0,layoff permanent,layoff,2024-08-01,2024-08-01,2024-09-30,,2024-09-30,65.81,0
compass group inc d b a chartwells lancaster isd,TX,72.0,83.0,layoff,layoff,,,2025-06-30,,2025-06-30,65.91,1
universal logistics intermodal,CA,56.0,46.0,closure permanent,closure,2025-01-23,2025-01-21,2025-03-22,,2025-03-22,65.63,0
cruise,CA,33.0,3.0,layoff permanent,layoff,2025-02-04,2025-02-04,2025-04-05,,2025-04-05,65.63,0
southern pacpizza dba pizza hut 029221,CA,72.0,6.0,layoff permanent,layoff,2024-01-24,2023-12-14,2024-02-18,,2024-02-18,65.63,0
aerofarms,VA,11.0,133.0,closure,closure,,2026-03-27,2026-04-17,,2026-04-17,66.07,1
minted,CA,32.0,6.0,closure permanent,closure,2023-02-27,2023-02-16,2023-04-17,,2023-04-17,65.63,0
kaleo,GA,,1.0,closure,closure,,,2024-11-30,,2024-11-30,65.71,0
bpa facility services,GA,56.0,61.0,permanent layoff / reduction in force,layoff,,,2024-12-31,,2024-12-31,65.81,0
process retail group,WI,33.0,66.0,closure,closure,,2023-10-16,2023-11-30,,2023-11-30,65.78,0
bh security llc d b a brinks home,PA,56.0,42.0,layoff,layoff,,,2025-06-30,,2025-06-30,65.65,0
amazon,CA,45.0,162.0,layoff permanent,layoff,2024-09-09,2024-09-06,2024-11-07,,2024-11-07,66.24,1
smoky mountain logistics,TN,48.0,100.0,unknown,other,2026-01-26,,2026-03-24,,2026-03-24,65.97,1
sarcos,UT,33.0,70.0,layoff,layoff,,2024-01-16,,,2024-01-16,65.83,0
kipp memphis academy middle school,TN,61.0,40.0,unknown,other,2023-04-05,,2023-06-01,,2023-06-01,65.61,0
general dynamics information technology,MD,54.0,59.0,layoff,layoff,,2023-08-01,2023-09-29,2023-11-30,2023-09-29,65.77,0
xelas by el sazon stillwater,MN,,1.0,layoff,layoff,,,2026-01-15,,2026-01-15,65.65,0
innodata services,FL,51.0,1.0,layoff,layoff,,2026-02-03,2026-02-06,2026-03-13,2026-02-06,65.62,0
cytiva global life sciences solutions usa,MA,54.0,85.0,layoff,layoff,2024-12-18,,2025-03-07,2025-03-31,2025-03-07,65.9,1
b braun medical,CA,32.0,70.0,layoff permanent,layoff,2023-10-19,2023-09-14,2023-11-13,,2023-11-13,65.8,0
patrick yarn mill,NC,31.0,171.0,closure,closure,2025-04-14,2025-04-01,2025-12-31,,2025-12-31,66.25,1
apple,CA,33.0,11.0,layoff permanent,layoff,2024-04-02,2024-03-28,2024-05-27,,2024-05-27,65.63,0
aspiration partners,AZ,52.0,3.0,layoff,layoff,,2023-03-24,,,2023-03-24,65.65,0
infineon,CA,33.0,46.0,layoff permanent,layoff,2025-11-04,2025-10-31,2025-11-14,,2025-11-14,65.63,0
itc federal,CA,54.0,31.0,layoff permanent,layoff,2024-07-25,2024-07-22,2024-09-20,,2024-09-20,65.63,0
hupp draft services,CA,61.0,75.0,closure permanent,closure,2026-01-13,2026-01-11,2026-02-27,,2026-02-27,65.84,0
ups,MD,,69.0,layoff,layoff,,2025-03-05,2025-05-05,,2025-05-05,65.85,0
thermo fisher scientific,CA,33.0,6.0,layoff permanent,layoff,2023-08-02,2023-06-22,2023-08-22,,2023-08-22,65.63,0
diamond comic distributors,MS,42.0,131.0,closure,closure,,2025-01-22,2025-03-19,,2025-03-19,66.08,1
ericsson,TX,51.0,6.0,layoff,layoff,,,2024-01-05,,2024-01-05,65.64,0
southeast service corporation services for education,TX,56.0,95.0,layoff,layoff,,,2024-08-02,,2024-08-02,65.98,1
national express transit,WI,,140.0,layoff,layoff,,2023-09-01,2023-10-31,,2023-10-31,66.17,1
dnata us inflight catering,CA,72.0,1.0,layoff permanent,layoff,2023-09-14,2023-08-11,2023-11-10,,2023-11-10,65.63,0
hologic,CT,33.0,86.0,closure,closure,,2024-10-18,2024-12-20,2025-02-21,2024-12-20,65.91,1
syzygy plasmonics kirby,TX,33.0,10.0,layoff,layoff,,,2025-03-31,,2025-03-31,65.64,0
american institute of research,IL,54.0,23.0,layoff,layoff,2025-03-11,2025-04-02,2025-05-09,,2025-05-09,65.66,0
sodexo inc and affiliates,FL,72.0,163.0,layoff,layoff,,2025-11-22,2026-02-28,2026-02-28,2026-02-28,66.24,1
tf metal usa,KY,33.0,49.0,closure,closure,2024-01-11,,2024-03-14,,2024-03-14,65.61,0
pacpizza dba pizza hut 011753,CA,,1.0,layoff permanent,layoff,2024-01-24,2023-12-14,2024-02-18,,2024-02-18,65.63,0
customized distribution services,PA,49.0,107.0,closure,closure,,,2024-10-07,2024-12-31,2024-10-07,66.05,1
microsoft,CA,,2.0,layoff permanent,layoff,2023-07-07,2023-06-05,2023-08-04,,2023-08-04,65.63,0
kinecta federal credit union,CA,52.0,85.0,layoff permanent,layoff,2024-01-03,2023-11-06,2023-11-06,,2023-11-06,65.9,1
jcpenney detroit lakes,MN,45.0,10.0,closure,closure,,,2023-05-01,,2023-05-01,65.65,0
gate gourmet,MO,72.0,102.0,layoff,layoff,,2024-11-22,2025-01-15,,2025-01-15,65.96,1
intel,CA,33.0,49.0,layoff permanent,layoff,2023-02-22,2023-02-14,2023-04-15,,2023-04-15,65.63,0
cummins meritor,CA,33.0,36.0,layoff permanent,layoff,2023-06-01,2023-05-11,2023-07-14,,2023-07-14,65.63,0
monosol,IN,32.0,45.0,layoff,layoff,,2023-07-26,2023-09-25,,2023-09-25,65.59,0
thermo fisher scientific,CA,33.0,74.0,closure permanent,closure,2024-04-03,2024-03-28,2024-05-31,,2024-05-31,65.83,0
transaxle,NC,,3.0,layoff,layoff,2025-05-16,2025-05-16,2025-07-29,,2025-07-29,65.61,0
hunter douglas fabrication company custom brands group,TX,33.0,100.0,layoff,layoff,,,2023-06-09,,2023-06-09,66.01,1
marshall excelsior,MI,33.0,71.0,closure,closure,,,2025-09-26,,2025-09-26,65.73,0
centerra group,CA,62.0,5.0,layoff permanent,layoff,2023-11-13,2023-08-10,2023-09-30,,2023-09-30,65.63,0
yrc inc d b a new penn motor express,MD,48.0,42.0,closure,closure,,2023-08-01,2023-07-30,,2023-07-30,65.68,0
alstom transportation,CA,33.0,5.0,layoff permanent,layoff,2024-12-20,2024-12-20,2025-02-20,,2025-02-20,65.63,0
noodles co crystal,MN,72.0,1.0,closure,closure,,,2025-02-12,,2025-02-12,65.65,0
digital river,MN,51.0,122.0,closure,closure,,,2025-03-31,,2025-03-31,66.12,1
marshfield clinic health system,WI,62.0,37.0,layoff,layoff,,2023-01-30,2023-03-31,,2023-03-31,65.64,0
matriarch mpls,MN,72.0,1.0,closure,closure,,,2025-08-21,,2025-08-21,65.65,0
paulie s maple grove,MN,72.0,10.0,closure,closure,,,2025-02-23,,2025-02-23,65.65,0
takeda pharmaceuticals usa,MA,32.0,189.0,layoff,layoff,2024-06-27,,,,2024-06-27,66.32,1
yellow,CA,52.0,23.0,closure permanent,closure,2023-08-18,2023-08-01,2023-07-30,,2023-07-30,69.0,1
alameda health system fairmont rehabilitation and wellness,CA,62.0,44.0,layoff permanent,layoff,2026-01-08,2026-01-06,2026-03-09,,2026-03-09,65.63,0
everquote,IN,52.0,98.0,layoff,layoff,,2023-06-30,2023-08-28,,2023-08-28,65.95,1
phononic,NC,33.0,54.0,layoff,layoff,2024-04-23,2024-04-23,2024-08-02,,2024-08-02,65.65,0
blue shield of california,CA,52.0,4.0,layoff permanent,layoff,2023-12-29,2023-11-27,2024-01-31,,2024-01-31,65.63,0
ascent classical academy of northern colorado,CO,61.0,87.0,unforseen - contracts ending,other,,2023-12-28,2023-12-31,2023-12-31,2023-12-31,65.9,1
prepa tec los angeles campus,CA,,42.0,closure permanent,closure,2026-04-07,2026-04-07,2026-06-30,,2026-06-30,65.63,0
pottery barn in st paul,MN,44.0,1.0,closure,closure,,,2023-12-01,,2023-12-01,65.65,0
kliklok,GA,33.0,89.0,closure,closure,,,2024-09-27,,2024-09-27,66.01,1
leidos 1750 presidents st reston va 20190,VA,54.0,29.0,layoff,layoff,,2025-03-31,2025-05-30,,2025-05-30,65.56,0
scout distribution llc city of industry,CA,42.0,87.0,layoff permanent,layoff,2025-06-19,2025-06-18,2025-08-22,,2025-08-22,65.91,1
dexter axle,GA,33.0,67.0,closure,closure,,,2023-01-09,,2023-01-09,65.86,0
amcor,IA,32.0,10.0,mass layoff,mass_layoff,,2024-05-01,2024-07-01,,2024-07-01,65.7,0
block,PA,51.0,22.0,layoff,layoff,,,2024-03-30,,2024-03-30,65.65,0
christmas tree shops location 8,NJ,45.0,48.0,layoff,layoff,,2023-07-07,,,2023-07-07,65.58,0
northrop grumman,CA,33.0,78.0,closure permanent,closure,2025-08-20,2025-08-20,2025-10-31,,2025-10-31,65.86,0
banner engineering,SD,33.0,164.0,layoff,layoff,,2023-03-08,,,2023-03-08,66.06,1
death in the afternoon,NV,72.0,40.0,closure,closure,2023-11-20,2023-11-20,2023-01-17,,2023-01-17,65.68,0
affirm,CA,52.0,155.0,layoff permanent,layoff,2023-02-17,2023-02-08,2023-02-15,,2023-02-15,66.21,1
bill operations,CA,51.0,156.0,layoff permanent,layoff,2024-01-16,2023-12-05,2024-02-05,,2024-02-05,66.22,1
cygnus home service llc d b a yelloh,NM,45.0,16.0,layoff,layoff,2023-10-25,2023-10-25,2023-12-15,,2023-12-15,65.78,0
dfa dairy brands fluid,NC,31.0,78.0,layoff,layoff,2023-02-09,2023-02-08,2023-04-21,,2023-04-21,65.85,0
kaiser foundation hospitals,CA,62.0,2.0,layoff permanent,layoff,2025-07-09,2025-07-07,2025-07-07,,2025-07-07,65.63,0
cherokee nation system solutions,TX,54.0,87.0,layoff,layoff,,,2025-12-19,,2025-12-19,65.93,1
avante health,KY,62.0,55.0,closure,closure,2024-10-25,,2024-11-25,,2024-11-25,65.66,0
blue shield of california woodland hills,CA,52.0,10.0,layoff permanent,layoff,2025-07-15,2025-07-14,2025-09-23,,2025-09-23,65.63,0
eisai,NJ,32.0,57.0,layoff,layoff,,2025-03-31,,,2025-03-31,65.65,0
foundation for california community colleges,CA,61.0,113.0,layoff permanent,layoff,2025-09-16,2025-09-16,2025-11-14,,2025-11-14,66.05,1
wescom financial,CA,52.0,1.0,layoff permanent,layoff,2026-02-19,2026-02-19,2026-04-21,,2026-04-21,65.63,0
amazon maf1 facility,MD,45.0,129.0,closure,closure,,2026-01-28,2026-04-28,,2026-04-28,66.18,1
northern foundry,MN,33.0,91.0,closure,closure,2024-03-01,2024-03-01,2024-04-12,,2024-04-12,65.97,1
lazy dog restaurant and bar,CA,72.0,109.0,closure permanent,closure,2023-07-26,2023-06-23,2023-08-23,,2023-08-23,66.03,1
delta apparel,AL,31.0,3.0,closure,closure,,2024-07-02,2024-08-29,,2024-08-29,65.59,0
cj logistics america,CA,49.0,111.0,closure permanent,closure,2025-04-29,2025-04-29,2025-06-27,,2025-06-27,66.04,1
sumisho air lease,CA,,53.0,layoff permanent,layoff,2026-04-10,2026-04-09,2026-06-08,,2026-06-08,65.66,0
advance stores company incorporated and its subsidiary golden state supply,CA,44.0,8.0,closure permanent,closure,2024-11-15,2024-11-14,2025-03-06,,2025-03-06,65.63,0
l3harris technologies java man program,TX,33.0,179.0,layoff,layoff,,,2025-04-22,,2025-04-22,66.31,1
publishers clearing house,NY,51.0,4.0,economic,other,,2025-01-15,2025-04-18,2025-04-18,2025-04-18,65.76,0
blue ridge power,NC,23.0,169.0,layoff,layoff,2025-09-18,2025-09-18,2025-11-18,,2025-11-18,66.25,1
bronco wine company and its affiliated entities bivio transport and logistics company llc and wc ag,CA,31.0,81.0,layoff permanent,layoff,2025-02-06,2025-02-06,2025-04-08,,2025-04-08,65.88,0
block,CO,51.0,2.0,reduction in force,layoff,,2025-08-12,2025-10-13,2025-10-13,2025-10-13,65.62,0
thermal structures,IN,33.0,155.0,closure,closure,,2025-08-25,2025-11-24,2025-12-30,2025-11-24,66.18,1
walkin dog,MN,,1.0,closure,closure,,,2023-04-09,,2023-04-09,65.65,0
morrison healthcare maryview medical center 3636 high street portsmouth va 23707,VA,62.0,74.0,layoff,layoff,,2023-03-13,2023-05-07,,2023-05-07,65.76,0
advanced systems group,CA,54.0,92.0,layoff permanent,layoff,2024-10-25,2024-10-23,2024-12-31,,2024-12-31,65.94,1
general dynamics information technology,FL,54.0,151.0,layoff,layoff,,2025-08-18,2025-10-24,2025-10-24,2025-10-24,66.2,1
management science for health msh 4201 wilson boulevard arlington va 22203,VA,54.0,182.0,layoff,layoff,,2025-02-07,2025-02-04,,2025-02-04,66.23,1
hudson news distributors,MD,42.0,10.0,closure,closure,,2025-08-28,2025-10-27,,2025-10-27,65.68,0
glassdoor,IL,32.0,26.0,layoff,layoff,2023-03-22,2023-03-22,2023-03-31,,2023-03-31,65.66,0
s3 shared service solutions,MD,,92.0,mass layoff - no recall update: partner credit unions have hired 72 of the impacted workers,mass_layoff,,2025-12-01,2026-02-01,,2026-02-01,66.0,1
oia global,NV,,43.0,closure,closure,2023-12-06,2023-12-06,2024-03-21,,2024-03-21,65.68,0
sunpower,CA,,18.0,layoff permanent,layoff,2024-07-29,2024-07-26,2024-09-24,,2024-09-24,65.63,0
resource label group s pharmaceutic litho and label,NC,32.0,74.0,closure,closure,2024-03-14,2024-03-14,2024-06-14,,2024-06-14,65.82,0
technical response,TN,54.0,90.0,unknown,other,2024-09-18,,2024-11-05,,2024-11-05,65.92,1
333 unitek learning education group,CA,61.0,4.0,layoff permanent,layoff,2025-05-01,2025-04-30,2025-07-03,,2025-07-03,65.63,0
block,GA,51.0,49.0,permanent layoff / reduction in force,layoff,,,2025-05-24,,2025-05-24,65.71,0
tesla,CA,33.0,155.0,layoff permanent,layoff,2024-04-25,2024-04-22,2024-06-14,,2024-06-14,66.21,1
amentum,AZ,56.0,108.0,layoff,layoff,,2024-07-31,,,2024-07-31,66.05,1
evolent health,IL,62.0,23.0,layoff,layoff,2023-01-12,2023-03-31,2023-03-31,2023-03-31,2023-03-31,65.66,0
dura supreme cabinetry,NC,33.0,74.0,closure,closure,2024-11-25,2024-11-19,2025-01-20,,2025-01-20,65.82,0
distribution alternatives,CA,49.0,5.0,layoff permanent,layoff,2024-09-10,2024-09-10,2024-11-11,,2024-11-11,65.63,0
primo brands,IL,,10.0,layoff,layoff,2025-03-26,2025-03-26,2025-07-01,,2025-07-01,65.66,0
sunrun broadway rd phoenix,AZ,,84.0,layoff,layoff,,2023-06-30,,,2023-06-30,65.92,1
james hardie building products,SC,32.0,78.0,closure,closure,,2026-01-15,2026-03-16,,2026-03-16,65.84,0
amazon,CA,45.0,11.0,layoff permanent,layoff,2026-01-30,2026-01-29,2026-04-28,,2026-04-28,65.63,0
multi color,WI,,29.0,closure,closure,,2023-01-23,2023-04-01,,2023-04-01,65.64,0
output services group,MO,51.0,79.0,closure,closure,,2024-10-16,2024-12-31,,2024-12-31,65.83,0
gamestop fullfillment center,PA,49.0,155.0,closure,closure,,,2024-03-15,2024-09-30,2024-03-15,66.24,1
parsons technical services,MD,,17.0,closure,closure,,2025-10-20,2025-12-19,,2025-12-19,65.68,0
intrepid studios,CA,51.0,123.0,closure permanent,closure,2026-02-02,2026-01-31,2026-02-02,,2026-02-02,66.09,1
thomas jefferson university hospital,PA,62.0,171.0,layoff,layoff,,,2025-03-10,,2025-03-10,66.29,1
first student,CA,48.0,201.0,layoff permanent,layoff,2024-05-16,2024-05-15,2024-07-16,,2024-07-16,66.35,1
kohana coffee,CA,31.0,51.0,closure permanent,closure,2024-06-28,2024-06-28,2024-08-30,,2024-08-30,65.64,0
nestle usa,CA,31.0,75.0,layoff temporary,layoff,2023-07-05,2023-06-07,2023-08-07,,2023-08-07,65.84,0
edaron llc south hadley facility,MA,31.0,24.0,layoff,layoff,2025-01-14,,,,2025-01-14,65.63,0
national distribution centers llc ndc,CA,,45.0,closure permanent,closure,2025-10-15,2025-10-14,2025-12-14,,2025-12-14,65.63,0
innodata services,FL,51.0,1.0,layoff,layoff,,2026-02-03,2026-02-06,2026-03-13,2026-02-06,65.62,0
cef solutions,SC,54.0,108.0,layoff,layoff,,2025-06-11,2025-08-31,,2025-08-31,66.01,1
specialized bicycle components,UT,,16.0,layoff,layoff,,2023-01-13,,,2023-01-13,65.66,0
fresno economic opportunities commission 1350 e annadale,CA,62.0,7.0,layoff temporary,layoff,2025-11-03,2025-10-31,2026-01-01,,2026-01-01,65.63,0
meta platforms,CA,51.0,39.0,layoff permanent,layoff,2023-05-08,2023-04-24,2023-06-23,,2023-06-23,65.63,0
sentinel transportation,CA,,2.0,layoff permanent,layoff,2026-03-30,2026-03-30,2026-05-31,,2026-05-31,65.63,0
freudenberg battery power systems,MI,33.0,83.0,closure,closure,,,2025-12-29,,2025-12-29,65.81,0
posigen developer,CT,23.0,48.0,closure,closure,2025-10-03,2025-10-03,2025-10-12,2025-10-25,2025-10-12,66.83,1
memorial herman health system skilled nursing facility,TX,62.0,83.0,layoff,layoff,,,2025-09-01,,2025-09-01,65.91,1
uf health central florida,FL,62.0,58.0,layoff,layoff,,2026-02-18,2026-05-01,2026-05-01,2026-05-01,65.7,0
cisco systems,CA,33.0,157.0,layoff permanent,layoff,2025-08-15,2025-08-13,2025-10-13,,2025-10-13,66.22,1
pedalpoint evterra recycling,MD,56.0,17.0,closure,closure,,2026-03-19,2026-05-19,,2026-05-19,65.68,0
parsons,KY,,8.0,closure,closure,2026-02-03,,2026-04-16,,2026-04-16,65.61,0
arkane studios,TX,51.0,96.0,layoff,layoff,,,2024-07-06,,2024-07-06,65.98,1
republic national distributing,CA,42.0,104.0,closure permanent,closure,2025-07-01,2025-07-01,2025-09-02,,2025-09-02,66.01,1
phenomex,CT,54.0,208.0,layoff,layoff,2023-10-11,2023-10-02,2023-10-02,,2023-10-02,66.37,1
advance stores company incorporated and its subsidiary golden state supply,CA,44.0,9.0,closure permanent,closure,2024-11-15,2024-11-14,2025-02-26,,2025-02-26,65.63,0
wells fargo,IL,52.0,23.0,layoff,layoff,2023-01-17,2023-04-18,,,2023-04-18,65.66,0
ryder,NC,48.0,91.0,closure,closure,2025-12-01,2025-12-01,2026-01-30,,2026-01-30,65.93,1
milwaukee forge,WI,33.0,60.0,closure,closure,,2025-08-20,2025-10-31,,2025-10-31,65.73,0
carbon health,CA,62.0,2.0,layoff permanent,layoff,2023-10-18,2023-08-10,2023-10-09,,2023-10-09,65.63,0
concordia university,WI,61.0,24.0,layoff,layoff,,2024-04-01,2024-05-31,,2024-05-31,65.64,0
footprint south carolina,SC,32.0,168.0,closure,closure,,2023-01-26,2023-03-29,,2023-03-29,66.24,1
ahf products manufacturing,KY,32.0,134.0,closure,closure,2025-08-20,,2025-12-12,,2025-12-12,66.12,1
kj s hideaway,MN,72.0,10.0,closure,closure,,,2024-03-11,,2024-03-11,65.65,0
the service companies inc primm,NV,56.0,51.0,layoff,layoff,2024-06-07,2024-06-07,2024-08-04,,2024-08-04,65.69,0
yellow,CA,52.0,11.0,closure permanent,closure,2023-08-15,2023-08-01,2023-07-30,,2023-07-30,69.0,1
statewide automotive,PA,44.0,5.0,closure,closure,,,2025-03-24,2025-04-12,2025-03-24,65.65,0
maryland university of integrative health,MD,61.0,35.0,layoff,layoff,,2023-12-05,2024-01-31,,2024-01-31,65.68,0
moxion power,CA,,1.0,closure permanent,closure,2024-07-23,2024-07-19,2024-08-05,,2024-08-05,65.63,0
brown toland physician services organization,CA,62.0,4.0,layoff permanent,layoff,2023-01-27,2022-12-22,2023-01-01,,2023-01-01,65.63,0
penney opco,CA,45.0,76.0,closure permanent,closure,2025-08-18,2025-08-18,2025-11-21,,2025-11-21,65.84,0
oak view group,PA,71.0,48.0,layoff,layoff,,,2025-12-31,,2025-12-31,66.85,1
ymca el camino jr high school,CA,71.0,3.0,layoff permanent,layoff,2026-04-20,2026-04-17,2026-06-09,,2026-06-09,65.63,0
foster dairy farms,CA,31.0,65.0,closure permanent,closure,2023-02-28,2023-02-24,2023-04-24,,2023-04-24,65.76,0
blue shield of california 601,CA,52.0,31.0,layoff permanent,layoff,2025-10-13,2025-10-13,2025-12-02,,2025-12-02,65.63,0
paramount skydance corporation gower,CA,,81.0,layoff permanent,layoff,2025-11-10,2025-11-07,2025-10-29,,2025-10-29,65.88,0
updated kovalus separation solutions,MA,62.0,80.0,layoff,layoff,2025-08-08,,2025-10-15,2025-12-01,2025-10-15,65.87,0
gxo logistics supply chain,GA,49.0,69.0,closure,closure,,,2024-03-10,,2024-03-10,65.87,0
tesla,CA,33.0,11.0,layoff permanent,layoff,2024-04-25,2024-04-22,2024-06-14,,2024-06-14,65.63,0
evans bank national association,NY,52.0,64.0,merger,other,,2025-01-23,2025-05-02,2025-06-06,2025-05-02,65.88,0
temple nightclub,CA,71.0,86.0,closure permanent,closure,2024-04-09,2024-04-03,2024-05-25,,2024-05-25,65.91,1
elkay plumbing products,IL,33.0,135.0,closing,closure,2025-04-22,2025-04-22,2025-04-25,2025-12-31,2025-04-25,66.18,1
aol,VA,51.0,108.0,layoff,layoff,,2026-02-17,2026-03-01,,2026-03-01,65.96,1
memorialcare long beach medical center and miller children s and women s hospital long beach,CA,62.0,58.0,layoff permanent,layoff,2024-02-01,2024-01-23,2024-01-26,,2024-01-26,65.7,0
tesla,CA,33.0,8.0,layoff permanent,layoff,2024-04-25,2024-04-22,2024-06-14,,2024-06-14,65.63,0
niterra north america,IL,33.0,35.0,closing,closure,2024-11-19,2024-11-19,2025-01-17,2025-07-31,2025-01-17,65.66,0
group 1001 resources,IL,55.0,32.0,layoff,layoff,2025-06-25,2025-06-25,2025-10-01,2025-12-16,2025-10-01,65.66,0
mmci acquisition llc dba mortech manufacturing,CA,33.0,19.0,closure permanent,closure,2025-04-23,2025-04-23,2025-07-01,,2025-07-01,65.63,0
carbon health,CA,62.0,2.0,layoff permanent,layoff,2023-10-18,2023-08-10,2023-10-09,,2023-10-09,65.63,0
t marzetti,CA,31.0,78.0,closure permanent,closure,2025-04-28,2025-04-28,2025-06-30,,2025-06-30,65.86,0
liberty residential services inc 1404,CA,62.0,31.0,layoff permanent,layoff,2025-05-28,2025-05-27,2025-07-31,,2025-07-31,65.63,0
rapid reliable care by docgo llc d b a rapid reliable care docgo,NY,,52.0,contract termination,other,,2025-03-14,,2025-06-24,2025-03-14,65.78,0
cue health,CA,33.0,6.0,layoff permanent,layoff,2024-01-26,2024-01-04,2024-03-05,,2024-03-05,65.63,0
bitwise industries,WI,54.0,1.0,layoff,layoff,,2023-06-14,2023-06-14,,2023-06-14,65.64,0
cvs health,NJ,44.0,111.0,layoff,layoff,,2025-01-03,,,2025-01-03,66.0,1
amazon mak9,CA,45.0,134.0,closure permanent,closure,2026-01-28,2026-01-28,2026-04-28,,2026-04-28,66.14,1
hawthorne hydroponics llc an affiliate of the scotts,CA,42.0,1.0,closure permanent,closure,2023-04-17,2023-04-04,2023-06-04,,2023-06-04,65.63,0
accurate diagnostic laboratories,NJ,62.0,38.0,layoff,layoff,,2023-01-06,,,2023-01-06,65.58,0
goldschmitt and associates llc 21515 ridgetop circle sterling va 20166,VA,54.0,217.0,layoff,layoff,,2025-04-24,2025-05-01,,2025-05-01,66.32,1
tropitone furniture,CA,33.0,2.0,closure permanent,closure,2023-07-11,2023-06-15,2023-12-31,,2023-12-31,65.63,0
tree island wire,CA,33.0,5.0,closure permanent,closure,2023-01-11,2023-01-09,2023-04-28,,2023-04-28,65.63,0
john deere davenport works,IA,33.0,211.0,mass layoff,mass_layoff,,2024-06-28,2024-08-30,,2024-08-30,66.45,1
paramount global,CA,32.0,1.0,layoff permanent,layoff,2025-07-16,2025-07-15,2025-06-25,,2025-06-25,64.0,0
99 cents only store llc state hwy 249,TX,45.0,20.0,layoff,layoff,,,2024-06-03,,2024-06-03,65.64,0
kaiser foundation hospitals 4460,CA,62.0,43.0,layoff permanent,layoff,2025-10-07,2025-10-06,2025-09-17,,2025-09-17,65.63,0
yanfeng international automotive technology,CA,,17.0,closure permanent,closure,2026-04-20,2026-04-20,2026-06-22,,2026-06-22,65.63,0
meta platforms,CA,51.0,119.0,layoff permanent,layoff,2023-05-08,2023-04-24,2023-06-23,,2023-06-23,66.08,1
guardian healthcare management services,PA,62.0,124.0,closure,closure,,,2024-03-08,,2024-03-08,66.12,1
echostar,MD,51.0,17.0,layoff,layoff,,2025-09-02,2025-11-01,,2025-11-01,65.68,0
david s bridal llc san antonio,TX,44.0,38.0,layoff,layoff,,,2023-07-17,,2023-07-17,65.64,0
immunitybio,MA,54.0,2.0,layoff,layoff,2023-08-18,,2023-10-17,,2023-10-17,65.63,0
edwards dessert kitchen,MN,31.0,14.0,closure,closure,,,2025-06-29,,2025-06-29,65.65,0
bedabox llc dba shipmonk,NJ,49.0,148.0,layoff,layoff,,2024-06-30,,,2024-06-30,66.15,1
fm restaurants hq,CA,72.0,40.0,closure permanent,closure,2024-03-05,2024-03-04,2024-05-03,,2024-05-03,65.63,0
cepheid,CA,32.0,46.0,layoff permanent,layoff,2023-04-25,2023-04-11,2023-06-20,,2023-06-20,65.63,0
duluth trading,IA,45.0,74.0,closing,closure,,2024-08-22,2024-10-27,,2024-10-27,65.9,1
appliance plus,IA,44.0,3.0,closing,closure,,2026-04-14,2026-07-31,,2026-07-31,65.7,0
dai global,MD,54.0,62.0,layoff,layoff,,2025-06-02,2025-08-01,,2025-08-01,65.79,0
eikon therapeutics,CA,54.0,55.0,layoff permanent,layoff,2025-05-21,2025-05-21,2025-07-21,,2025-07-21,65.67,0
azure acres treatment center 5665,CA,62.0,1.0,closure permanent,closure,2025-09-17,2025-09-16,2025-11-08,,2025-11-08,65.63,0
ngm biopharmaceuticals,CA,54.0,85.0,layoff permanent,layoff,2025-05-01,2025-04-29,2025-06-30,,2025-06-30,65.9,1
emcore corporation raymond,CA,33.0,26.0,closure permanent,closure,2024-06-05,2024-06-04,2024-07-24,,2024-07-24,65.63,0
amazon san 18,CA,45.0,13.0,layoff permanent,layoff,2026-01-30,2026-01-29,2026-04-28,,2026-04-28,65.63,0
national fulfillment services,PA,48.0,45.0,closure,closure,,,2025-11-15,,2025-11-15,63.0,0
jpmorgan chase,CA,52.0,99.0,layoff permanent,layoff,2025-08-27,2025-08-27,2025-08-27,,2025-08-27,65.98,1
novartis pharmaceuticals,CA,32.0,29.0,closure permanent,closure,2024-07-08,2024-07-05,2024-09-06,,2024-09-06,65.63,0
industrial plastics group,SC,32.0,74.0,layoff,layoff,,2026-04-10,2026-04-10,,2026-04-10,65.82,0
american nursery services,NV,11.0,48.0,closure,closure,2023-09-05,2023-09-05,2023-12-31,,2023-12-31,66.88,1
amazon sfo24,CA,45.0,75.0,layoff permanent,layoff,2025-10-29,2025-10-28,2026-01-26,,2026-01-26,65.84,0
advance stores company incorporated and its subsidiary golden state supply,CA,44.0,14.0,closure permanent,closure,2024-11-15,2024-11-14,2025-03-09,,2025-03-09,65.63,0
lowe s,OR,44.0,3.0,layoff,layoff,,2026-02-17,,,2026-02-17,65.69,0
united states cellular,IA,51.0,8.0,amendment - change in date,amendment,,2025-06-11,2025-07-01,,2025-07-01,65.7,0
packers sanitation services,TN,56.0,71.0,unknown,other,2023-05-31,,2023-07-11,,2023-07-11,65.79,0
macy s,OR,45.0,56.0,layoff,layoff,,2025-01-09,,,2025-01-09,65.74,0
acrt pacific,CA,54.0,3.0,layoff permanent,layoff,2024-01-22,2023-12-01,2024-01-31,,2024-01-31,65.63,0
ymca roberto dr francisco jimenez elementary school,CA,71.0,12.0,layoff permanent,layoff,2026-04-20,2026-04-17,2026-06-09,,2026-06-09,65.63,0
transcontinental packaging,WI,,90.0,closure,closure,,2023-11-22,2024-01-15,,2024-01-15,65.94,1
off lease only,FL,,75.0,layoff,layoff,,2023-09-06,2023-09-07,2023-09-07,2023-09-07,65.83,0
illumina inc world headquarters,CA,54.0,64.0,layoff permanent,layoff,2023-07-13,2023-06-21,2023-07-21,,2023-07-21,65.75,0
arbor e t llc equus workforce solutions llano satellite office,TX,56.0,1.0,layoff,layoff,,,2024-09-30,,2024-09-30,65.64,0
le burger,MN,72.0,1.0,layoff,layoff,,,2026-01-12,,2026-01-12,65.65,0
pulau corporation 6222,CA,54.0,8.0,layoff permanent building,layoff,2025-04-25,2025-04-25,2025-06-30,,2025-06-30,65.63,0
crst expedited inc dba crst the transportation solution,CA,48.0,104.0,layoff permanent,layoff,2025-06-16,2025-06-16,2025-08-22,,2025-08-22,66.01,1
universal protection service lp dba allied universal security services,CA,45.0,3.0,layoff permanent,layoff,2023-09-22,2023-07-27,2023-09-01,,2023-09-01,65.63,0
bayfirst financial,RI,52.0,1.0,layoff,layoff,2022-09-27,2023-01-23,2022-11-25,,2022-11-25,65.53,0
country club mortgage center,CA,52.0,41.0,closure permanent,closure,2024-01-17,2023-12-08,2024-02-06,,2024-02-06,65.63,0
para los ninos,CA,,23.0,layoff permanent,layoff,2024-04-18,2024-04-11,2024-06-11,,2024-06-11,65.63,0
eberle design,AZ,33.0,125.0,layoff,layoff,,2023-02-02,,,2023-02-02,66.12,1
actavis laboratories,UT,32.0,205.0,layoff,layoff,,2025-11-18,,,2025-11-18,66.39,1
jabil,CA,33.0,59.0,closure temporary,closure,2024-09-20,2024-09-20,2024-12-23,,2024-12-23,65.71,0
foster farms,CA,31.0,25.0,closure permanent,closure,2025-01-28,2025-01-24,2025-05-09,,2025-05-09,65.63,0
itc federal,CA,54.0,44.0,layoff permanent,layoff,2024-06-24,2024-06-24,2024-08-23,,2024-08-23,65.63,0
infineon technologies americas,CA,33.0,1.0,layoff permanent,layoff,2024-10-01,2024-09-27,2024-10-11,,2024-10-11,65.63,0
saks,MD,45.0,16.0,closure,closure,,2026-01-29,2026-04-30,,2026-04-30,65.68,0
bristol myers squibb,NJ,32.0,195.0,layoff,layoff,,2025-02-13,,,2025-02-13,66.29,1
appliance plus,IA,44.0,5.0,closing,closure,,2026-04-14,2026-07-31,,2026-07-31,65.7,0
zachry industrial inc baytown updated,TX,23.0,28.0,layoff,layoff,,,2024-08-31,,2024-08-31,65.64,0
tesla,MD,33.0,55.0,layoff,layoff,,2023-08-18,2023-10-16,,2023-10-16,65.73,0
true value company l l c kingman warehouse,AZ,44.0,62.0,layoff,layoff,,2024-10-21,,,2024-10-21,65.76,0
advance stores company incorporated and its subsidiary golden state supply,CA,44.0,15.0,closure permanent,closure,2024-11-15,2024-11-14,2025-03-08,,2025-03-08,65.63,0
direct marketing solutions,OR,54.0,106.0,layoff,layoff,,2026-04-06,,,2026-04-06,66.08,1
tattooed chef 6325,CA,31.0,46.0,closure permanent,closure,2023-08-03,2023-06-29,2023-08-28,,2023-08-28,65.63,0
saks,MD,45.0,75.0,closure,closure,,2026-03-06,2026-05-06,2026-05-31,2026-05-06,65.89,0
geo secure services,CA,56.0,112.0,layoff permanent,layoff,2023-03-01,2023-02-15,2023-04-14,,2023-04-14,66.05,1
family dollar stores of pennsylvania,PA,45.0,62.0,closure,closure,,,2024-04-20,,2024-04-20,65.76,0
southern pacpizza dba pizza hut 029198,CA,72.0,6.0,layoff permanent,layoff,2024-01-24,2023-12-14,2024-02-23,,2024-02-23,65.63,0
good sports plus ltd dba arc miguel hidalgo elementary school,CA,61.0,5.0,layoff permanent,layoff,2026-04-03,2026-04-02,2026-06-04,,2026-06-04,65.63,0
ern services,CA,56.0,74.0,layoff permanent,layoff,2026-03-20,2026-03-18,2026-04-24,,2026-04-24,65.83,0
valassis direct mail,GA,32.0,69.0,permanent layoff / reduction in force,layoff,,,2023-05-31,,2023-05-31,65.87,0
stryker employment,FL,,6.0,layoff,layoff,,2024-10-30,2024-12-31,2024-12-31,2024-12-31,65.62,0
cygnus home services llc d b a yelloh,IA,45.0,5.0,mass layoff,mass_layoff,,2024-05-28,2024-07-27,,2024-07-27,65.7,0
giant,PA,45.0,76.0,closure,closure,,,2026-02-27,,2026-02-27,65.87,0
compass group,IL,52.0,28.0,closing,closure,2024-12-05,2024-12-05,2025-02-01,2025-02-01,2025-02-01,69.0,1
ups,NC,,37.0,closure,closure,2024-03-25,2024-03-22,2024-05-24,,2024-05-24,65.61,0
transaxle,PA,,218.0,layoff,layoff,,,2025-07-15,2025-07-29,2025-07-15,66.42,1
kaiser foundation hospitals,CA,62.0,1.0,layoff permanent,layoff,2024-05-01,2024-04-22,2024-06-21,,2024-06-21,65.63,0
yellow,CA,52.0,70.0,closure permanent,closure,2023-08-18,2023-08-01,2023-07-30,,2023-07-30,69.0,1
truepill,CA,62.0,11.0,closure permanent,closure,2023-03-08,2023-02-17,2023-04-14,,2023-04-14,65.63,0
on with life,IA,62.0,31.0,mass layoff,mass_layoff,,2024-05-08,2024-06-17,,2024-06-17,65.7,0
arbor e t llc equus workforce solutions san marcos office,TX,56.0,17.0,layoff,layoff,,,2024-09-30,,2024-09-30,65.64,0
jack cooper flint,MI,48.0,101.0,closure,closure,,,2025-02-08,,2025-02-08,65.92,1
kaiser foundation hospitals,CA,62.0,1.0,layoff permanent,layoff,2023-12-12,2023-11-06,2024-01-04,,2024-01-04,65.63,0
immunitybio,MA,54.0,3.0,layoff,layoff,2025-06-11,,2025-07-29,2025-08-12,2025-07-29,65.63,0
del frisco s double eagle steakhouse,CA,72.0,60.0,closure permanent,closure,2025-06-11,2025-06-10,2025-08-09,,2025-08-09,65.72,0
mama management usa,CA,55.0,89.0,closure permanent,closure,2025-01-10,2025-01-10,2025-03-11,,2025-03-11,65.93,1
target,GA,45.0,62.0,closure,closure,,,2025-08-15,,2025-08-15,65.82,0
cae usa,OK,,48.0,closure,closure,,2026-03-25,,,2026-03-25,66.78,1
dunn brothers chaska,MN,72.0,1.0,closure,closure,,,2023-05-05,,2023-05-05,65.65,0
bell sports,CA,33.0,57.0,closure permanent,closure,2023-06-05,2023-05-12,2023-07-14,,2023-07-14,65.69,0
kaiser foundation hospitals 1830,CA,62.0,2.0,layoff permanent,layoff,2025-10-07,2025-10-06,2025-09-17,,2025-09-17,65.63,0
cue health inc nancy ridge ii,CA,33.0,7.0,layoff permanent,layoff,2024-05-10,2024-05-01,2024-07-01,,2024-07-01,65.63,0
cushman wakefield u s,CA,53.0,133.0,layoff permanent,layoff,2023-05-11,2023-04-27,2023-06-25,,2023-06-25,66.13,1
bionano genomics,GA,54.0,38.0,permanent layoff / reduction in force,layoff,,,2024-05-24,,2024-05-24,65.71,0
big lots,MN,45.0,23.0,closure,closure,,,2024-07-25,,2024-07-25,65.65,0
ge united technologies ii,CA,33.0,60.0,closure permanent,closure,2024-01-03,2023-11-21,2023-11-21,,2023-11-21,65.72,0
sega of america,CA,,12.0,layoff permanent,layoff,2024-01-29,2024-01-08,2024-03-08,,2024-03-08,65.63,0
blue shield of california,CA,52.0,19.0,layoff permanent,layoff,2023-12-29,2023-11-27,2024-01-31,,2024-01-31,65.63,0
hollister,MO,44.0,3.0,closure,closure,,2025-07-30,2025-09-29,,2025-09-29,65.59,0
sk hynix america inc skhya,CA,33.0,58.0,layoff permanent,layoff,2025-03-26,2025-03-24,2025-05-19,,2025-05-19,65.7,0
elevance health,CA,52.0,64.0,layoff permanent,layoff,2024-10-15,2024-10-14,2024-10-18,,2024-10-18,65.75,0
yellow,IA,52.0,1.0,closing,closure,,2023-08-01,2023-07-30,,2023-07-30,69.0,1
block,GA,51.0,4.0,permanent layoff / reduction in force,layoff,,,2025-10-13,,2025-10-13,65.71,0
interfor,GA,32.0,93.0,permanent layoff / reduction in force,layoff,,,2024-08-19,,2024-08-19,66.03,1
amount,IL,52.0,130.0,mass layoff,mass_layoff,2023-01-13,2023-01-13,2023-01-12,,2023-01-12,66.16,1
specialized bicycle components,CA,,80.0,layoff permanent,layoff,2023-01-12,2023-01-11,2023-01-13,,2023-01-13,65.87,0
tupperware,SC,32.0,148.0,closure,closure,,2024-06-11,2024-09-28,2025-01-14,2024-09-28,66.18,1
rivian automotive,CA,33.0,1.0,layoff permanent,layoff,2024-05-07,2024-04-19,2024-06-18,,2024-06-18,65.63,0
cvs health,IL,44.0,65.0,mass layoff,mass_layoff,2023-08-18,2023-08-18,2023-10-21,2023-12-30,2023-10-21,65.8,0
rtx,IA,33.0,2.0,mass layoff,mass_layoff,,2025-09-30,2025-10-31,,2025-10-31,65.7,0
michigan sugar,OH,,4.0,closure,closure,2025-12-11,,2026-01-31,,2026-01-31,65.59,0
allied universal,FL,56.0,77.0,layoff,layoff,,2024-11-07,2025-01-09,2025-01-09,2025-01-09,65.85,0
abm,IN,56.0,77.0,closure,closure,,2025-02-28,2025-04-30,,2025-04-30,65.82,0
rb health,NJ,,14.0,layoff,layoff,,2026-03-02,,,2026-03-02,65.58,0
jack cooper transport grade lane facility,KY,48.0,89.0,closure,closure,2025-01-14,,2025-01-31,,2025-01-31,65.91,1
exxon mobil midland 3,TX,21.0,10.0,layoff,layoff,,,2024-09-30,,2024-09-30,65.64,0
bechtel parsons blue grass,KY,23.0,14.0,closure,closure,2025-10-13,,2025-12-18,,2025-12-18,65.61,0
advance stores company incorporated and its subsidiary golden state supply,CA,44.0,22.0,closure permanent,closure,2024-11-15,2024-11-14,2025-03-09,,2025-03-09,65.63,0
qualcomm incorporated,CA,33.0,24.0,layoff permanent,layoff,2023-06-14,2023-05-17,2023-07-18,,2023-07-18,65.63,0
equus workforce solutions terrell arbor e t,TX,56.0,8.0,layoff,layoff,,,2025-09-30,,2025-09-30,65.64,0
biolife plasma services,MD,62.0,26.0,closure,closure,,2025-09-02,2025-08-25,,2025-08-25,65.68,0
david s bridal,IA,44.0,17.0,mass layoff,mass_layoff,,2023-04-14,2023-06-12,,2023-06-12,65.7,0
knauf insulation,CA,32.0,97.0,layoff temporary,layoff,2024-01-11,2023-11-22,2024-01-29,,2024-01-29,65.97,1
william kreysler associates,CA,23.0,59.0,layoff permanent,layoff,2024-02-01,2024-01-26,2024-03-29,,2024-03-29,65.71,0
marc glassman,OH,44.0,44.0,layoff,layoff,2023-01-03,,2023-03-06,2023-03-20,2023-03-06,65.59,0
denali,TX,,28.0,layoff,layoff,,,2025-06-02,,2025-06-02,65.64,0
microsoft,CA,,40.0,layoff permanent,layoff,2023-08-10,2023-07-10,2023-09-08,,2023-09-08,65.63,0
priority yard train,MO,48.0,75.0,layoff,layoff,,2025-07-01,2025-08-31,,2025-08-31,65.8,0
cygnus home services llc schertz,TX,45.0,6.0,layoff,layoff,,,2023-12-15,,2023-12-15,65.64,0
charter communications,WI,51.0,50.0,layoff,layoff,,2024-05-09,2024-07-08,,2024-07-08,65.64,0
red lobster,NJ,72.0,60.0,layoff,layoff,,2024-05-13,,,2024-05-13,65.68,0
innodata services,FL,51.0,2.0,layoff,layoff,,2026-02-03,2026-02-06,2026-03-13,2026-02-06,65.62,0
amq solutions,CA,33.0,37.0,closure permanent,closure,2024-01-18,2023-12-11,2024-03-22,,2024-03-22,65.63,0
mission ambulance,CA,62.0,22.0,closure permanent,closure,2023-02-06,2023-01-27,2023-01-01,,2023-01-01,65.63,0
equiniti trust,MN,52.0,8.0,layoff,layoff,2025-02-28,2025-02-28,2025-04-30,,2025-04-30,65.65,0
immunitybio,MA,54.0,1.0,layoff,layoff,2024-09-26,,2024-11-25,,2024-11-25,65.63,0
transdev services,CA,,179.0,closure permanent,closure,2024-04-09,2024-04-05,2024-06-30,,2024-06-30,66.29,1
biosteel sports nutrition canopy group 33 lakeview court verona va 24482,VA,31.0,79.0,closure,closure,,2023-09-14,2023-09-14,,2023-09-14,65.79,0
saltzer health,ID,62.0,162.0,layoff,layoff,,2024-01-22,2024-03-29,,2024-03-29,67.0,1
cvs health,CT,44.0,4.0,layoff,layoff,2025-02-11,2025-02-11,2025-04-12,,2025-04-12,65.63,0
amazon sjc25,CA,45.0,43.0,layoff permanent,layoff,2026-01-30,2026-01-29,2026-04-28,,2026-04-28,65.63,0
advanced auto parts 6855 pearland,TX,44.0,10.0,layoff,layoff,,,2025-02-15,,2025-02-15,65.64,0
simply ioa,OR,52.0,1.0,layoff,layoff,,2025-10-07,,,2025-10-07,65.69,0
michael s college of hair design,KY,61.0,8.0,closure,closure,2024-01-24,,2024-01-24,,2024-01-24,65.61,0
rehrig pacific,CA,32.0,71.0,closure permanent,closure,2024-04-23,2024-04-17,2024-07-05,,2024-07-05,65.81,0
community development institute head start,WI,61.0,8.0,layoff,layoff,,2023-06-30,2023-08-31,,2023-08-31,65.64,0
university of southern california hc4,CA,62.0,2.0,layoff permanent,layoff,2025-08-05,2025-08-04,2025-10-04,,2025-10-04,65.63,0
sony pictures entertainment,CA,51.0,111.0,layoff permanent,layoff,2026-04-09,2026-04-08,2026-06-12,,2026-06-12,66.04,1
benson house,CA,62.0,44.0,layoff permanent,layoff,2024-10-16,2024-10-16,2024-12-15,,2024-12-15,65.63,0
lowe s companies,OH,44.0,17.0,layoff,layoff,2026-02-16,,2026-04-19,2026-05-01,2026-04-19,65.59,0
national distribution centers,CA,,2.0,layoff not known at this time,layoff,2024-01-31,2024-01-17,2024-03-22,,2024-03-22,65.63,0
dish network,CO,51.0,5.0,reduction in force,layoff,,2024-03-12,2024-05-11,2024-05-11,2024-05-11,65.62,0
kaiser foundation hospitals,CA,62.0,2.0,layoff permanent,layoff,2025-08-25,2025-08-25,2025-08-25,,2025-08-25,65.63,0
crittenton 600 n harbor blvd,CA,62.0,26.0,closure permanent,closure,2026-04-02,2026-03-27,2026-03-31,,2026-03-31,65.63,0
smbc manubank,FL,52.0,1.0,layoff,layoff,,2026-01-08,2026-03-10,2026-03-10,2026-03-10,65.62,0
whirlpool,TN,33.0,50.0,unknown,other,2024-05-23,,2024-06-01,,2024-06-01,65.61,0
unitypoint health,IA,51.0,3.0,mass layoff,mass_layoff,,2026-04-14,2026-07-24,,2026-07-24,65.7,0
kehe distributors,CA,42.0,80.0,layoff permanent,layoff,2023-09-27,2023-08-23,2023-11-03,,2023-11-03,65.87,0
amazon,CA,45.0,81.0,layoff permanent,layoff,2026-01-30,2026-01-29,2026-04-28,,2026-04-28,65.88,0
crc ed treatment llc montecatini inc remote,CA,62.0,3.0,closure permanent,closure,2025-09-16,2025-09-09,2025-11-08,,2025-11-08,65.63,0
hearthside food solutions llc dba maker s pride,ID,31.0,51.0,layoff,layoff,2026-01-28,2026-01-28,2026-02-26,,2026-02-26,65.67,0
callaway golf interactive,TX,71.0,28.0,layoff,layoff,,,2024-10-28,,2024-10-28,65.64,0
kaiser foundation hospitals 94612,CA,62.0,1.0,layoff permanent,layoff,2025-04-23,2025-04-21,2025-04-21,,2025-04-21,65.63,0
u s bank,CA,,30.0,layoff permanent,layoff,2023-09-21,2023-07-05,2023-06-30,,2023-06-30,65.63,0
nordstrom,MO,45.0,135.0,closure,closure,,2025-06-23,2025-08-24,,2025-08-24,66.11,1
northern brewer st paul,MN,44.0,9.0,closure,closure,,,2023-08-01,,2023-08-01,65.65,0
cygnus home service,WI,81.0,11.0,closure,closure,,2024-09-23,2024-11-22,,2024-11-22,65.64,0
gmri,GA,72.0,78.0,closure,closure,,,2026-04-05,,2026-04-05,65.94,1
institute of international education,DC,61.0,95.0,layoff,layoff,,2025-03-13,,,2025-03-13,65.89,0
ots solutions llc dba on time staffing,CA,56.0,6.0,layoff permanent,layoff,2024-04-15,2024-04-11,2024-06-10,,2024-06-10,65.63,0
city national bank olympic blvd,CA,52.0,1.0,layoff permanent,layoff,2024-05-10,2024-05-01,2024-07-05,,2024-07-05,65.63,0
campbell snacks,IN,31.0,85.0,layoff,layoff,,2024-05-28,2024-07-27,,2024-07-27,65.87,0
amazon,CA,45.0,39.0,layoff permanent,layoff,2023-01-20,2023-01-18,2023-03-19,,2023-03-19,65.63,0
jabil,CA,33.0,57.0,layoff permanent,layoff,2023-04-06,2023-03-30,2023-05-30,,2023-05-30,65.69,0
navistar defense,MS,33.0,118.0,layoff,layoff,,2023-10-16,2023-10-26,,2023-10-26,66.03,1
fila usa,MD,42.0,112.0,layoff,layoff,,2025-01-08,2025-03-30,,2025-03-30,66.1,1
walmart,IL,,124.0,closing,closure,2023-03-24,2023-03-24,2023-06-30,,2023-06-30,66.14,1
99 cents only stores,CA,45.0,46.0,closure permanent,closure,2024-04-16,2024-04-04,2024-06-03,,2024-06-03,65.63,0
ultravolt inc a wholly owned subsidiary of advanced energy industries,NY,33.0,37.0,economic,other,,2024-10-29,2025-02-03,2025-10-01,2025-02-03,65.76,0
pulau corporation 891,CA,54.0,32.0,layoff permanent building,layoff,2025-04-25,2025-04-25,2025-06-30,,2025-06-30,65.63,0
mcgee air services,CA,48.0,29.0,layoff permanent,layoff,2026-04-14,2026-04-14,2026-06-14,,2026-06-14,65.63,0
john deere des moines works,IA,33.0,30.0,mass layoff,mass_layoff,,2024-03-12,2024-04-08,,2024-04-08,65.7,0
ppg industries,PA,32.0,82.0,closure,closure,,,2025-08-18,2026-12-31,2025-08-18,65.91,1
aarp,CA,81.0,18.0,closure permanent,closure,2025-12-10,2025-12-09,2026-01-09,,2026-01-09,65.63,0
united states cellular,IA,51.0,6.0,amendment - change in date,amendment,,2025-06-11,2025-07-01,,2025-07-01,65.7,0
kehe distributors,ID,42.0,106.0,layoff,layoff,,2023-08-03,2023-10-06,,2023-10-06,66.05,1
the park hotel at meadowlands,NJ,,167.0,layoff,layoff,,2025-11-19,,,2025-11-19,66.21,1
nbcuniversal bldg 2375,CA,51.0,4.0,layoff permanent,layoff,2025-11-13,2025-10-28,2025-11-28,,2025-11-28,65.63,0
ford walker haggerty behar llp fwhb,CA,54.0,3.0,closure permanent,closure,2025-05-05,2025-05-01,2025-06-30,,2025-06-30,65.63,0
7 eleven,OK,,48.0,unknown,other,,2024-05-23,,,2024-05-23,66.78,1
usasf servicing,GA,,44.0,permanent layoff / reduction in force,layoff,,,2023-05-19,,2023-05-19,65.71,0
neenah foundry,NE,33.0,103.0,layoff,layoff,,2025-09-09,,,2025-09-09,65.97,1
collins aerospace,NC,33.0,5.0,layoff,layoff,2023-03-17,2023-03-17,2023-08-30,,2023-08-30,65.61,0
arbor e t llc equus workforce solutions giddings office,TX,56.0,3.0,layoff,layoff,,,2024-09-30,,2024-09-30,65.64,0
gulf stevedoring services,TX,48.0,29.0,layoff,layoff,,,2024-04-30,,2024-04-30,65.64,0
gannett publishing services dba visalia times delta,CA,51.0,24.0,layoff permanent,layoff,2024-01-26,2024-01-10,2024-03-11,,2024-03-11,65.63,0
texana center willowbend group home,TX,62.0,6.0,layoff,layoff,,,2025-05-21,,2025-05-21,65.64,0
degerstrom,ID,23.0,113.0,layoff,layoff,,2025-09-05,2025-11-10,,2025-11-10,66.08,1
lendlease americas,CA,23.0,1.0,closure permanent,closure,2024-01-03,2023-11-08,2024-01-08,,2024-01-08,65.63,0
mckesson,PA,42.0,135.0,closure,closure,,,2023-06-01,,2023-06-01,66.17,1
excalibur pizza llc dba round table pizza,CA,72.0,4.0,layoff permanent,layoff,2024-02-20,2024-02-15,2024-04-19,,2024-04-19,65.63,0
national aviation services nas,MO,,48.0,layoff,layoff,,2026-01-31,2026-04-01,,2026-04-01,65.59,0
sentinel transportation,CA,,3.0,layoff permanent,layoff,2026-03-30,2026-03-30,2026-05-31,,2026-05-31,65.63,0
game informer magazing,MN,51.0,13.0,closure,closure,,,2024-08-01,,2024-08-01,65.65,0
ardagh glass packaging,TX,32.0,220.0,layoff,layoff,,,2024-07-01,,2024-07-01,66.42,1
meta platforms inc 190 jefferson drive,CA,51.0,21.0,layoff permanent,layoff,2025-10-23,2025-10-22,2025-12-22,,2025-12-22,65.63,0
meta platforms,CA,51.0,58.0,layoff permanent,layoff,2023-06-26,2023-05-29,2023-07-28,,2023-07-28,65.7,0
six flags entertainment,CA,71.0,56.0,layoff permanent,layoff,2025-05-22,2025-05-22,2025-07-21,,2025-07-21,65.68,0
radial,CO,,79.0,closure,closure,,2024-07-30,2024-09-30,2024-09-30,2024-09-30,65.85,0
kimura enterprise,CA,,15.0,closure permanent,closure,2024-07-23,2024-07-22,2024-09-22,,2024-09-22,65.63,0
lam research,CA,33.0,200.0,layoff permanent,layoff,2023-02-13,2023-01-31,2023-04-03,,2023-04-03,66.35,1
quality manufacturing,IA,,68.0,mass layoff,mass_layoff,,2024-09-12,2024-09-12,,2024-09-12,65.86,0
the fresh market,MA,44.0,50.0,layoff,layoff,2025-10-14,,2025-12-14,,2025-12-14,65.63,0
macy s sterling heights,MI,45.0,117.0,closure,closure,,,2025-03-18,,2025-03-18,65.99,1
eaton,NE,52.0,219.0,layoff,layoff,,2025-07-10,,,2025-07-10,66.0,1
cedars sinai medical center,CA,23.0,1.0,layoff permanent,layoff,2023-05-02,2023-04-20,2023-06-01,,2023-06-01,65.63,0
laurel grocery,KY,42.0,115.0,closure,closure,2025-04-15,,2025-04-15,,2025-04-15,66.04,1
calpac pizza dba pizza hut 027406,CA,72.0,5.0,layoff permanent,layoff,2024-01-24,2023-12-14,2024-02-17,,2024-02-17,65.63,0
western power sports,CA,42.0,12.0,closure permanent,closure,2024-05-01,2024-04-25,2024-06-28,,2024-06-28,65.63,0
regal rexnord,WI,33.0,54.0,closure,closure,,2023-09-13,2023-11-15,,2023-11-15,65.68,0
firebird bulk carriers inc dayton,TX,48.0,2.0,layoff,layoff,,,2025-12-31,,2025-12-31,65.64,0
telesis technologies,CA,33.0,3.0,closure permanent,closure,2023-05-12,2023-04-26,2023-06-16,,2023-06-16,65.63,0
cnc logistics,IL,48.0,57.0,closing,closure,2025-09-23,2025-09-23,2025-08-27,2025-08-27,2025-08-27,65.73,0
true value company l l c,OR,44.0,98.0,closure,closure,,2024-10-15,,,2024-10-15,66.04,1
catholic charities archdiocese of galveston houston san felipe,TX,62.0,8.0,layoff,layoff,,,2025-02-07,,2025-02-07,65.64,0
united supermarkets,TX,32.0,126.0,layoff,layoff,,,2026-01-19,,2026-01-19,66.13,1
poppy fun fashion st paul,MN,45.0,1.0,closure,closure,,,2025-01-30,,2025-01-30,65.65,0
pbs west,NV,,16.0,layoff,layoff,2023-07-10,2023-07-10,2023-09-06,,2023-09-06,65.68,0
boise cascade,AL,32.0,72.0,closure,closure,,2023-11-29,2024-01-28,,2024-01-28,65.78,0
ruiz food products,CA,31.0,215.0,closure permanent,closure,2024-05-31,2024-05-31,2024-08-30,,2024-08-30,66.39,1
stanley black decker,SC,33.0,179.0,closure,closure,,2023-03-20,2023-05-19,2023-11-10,2023-05-19,66.28,1
making opportunities count,MA,,10.0,layoff,layoff,2025-02-28,,2025-04-30,,2025-04-30,65.63,0
countryside health care center,IA,62.0,101.0,closing,closure,,2023-07-05,2023-09-05,,2023-09-05,66.06,1
sie orange county kitchen,CA,72.0,64.0,layoff permanent,layoff,2025-08-05,2025-08-01,2025-10-01,,2025-10-01,65.75,0
cruise,CA,33.0,87.0,layoff permanent,layoff,2025-02-04,2025-02-04,2025-04-05,,2025-04-05,65.91,1
sutro biopharma,CA,54.0,45.0,layoff permanent,layoff,2025-09-30,2025-09-29,2025-09-30,,2025-09-30,65.63,0
gopro,CA,33.0,73.0,layoff permanent,layoff,2024-10-30,2024-10-29,2024-11-08,,2024-11-08,65.82,0
westrock,MD,32.0,75.0,closure,closure,,2023-04-25,2023-07-03,,2023-07-03,65.89,0
superior consolidated industries,IL,,124.0,closing,closure,2024-04-04,2024-04-04,2024-04-27,,2024-04-27,66.14,1
transaxle st paul,MN,,6.0,closure,closure,,,2025-07-15,,2025-07-15,65.65,0
scripps mercy hospital,CA,62.0,2.0,layoff permanent,layoff,2023-03-09,2023-03-08,2023-05-08,,2023-05-08,65.63,0
fresno economic opportunities commission 4995 e balch ave,CA,62.0,18.0,layoff temporary,layoff,2025-11-03,2025-10-31,2026-01-01,,2026-01-01,65.63,0
international flavors fragrances,CA,31.0,36.0,closure permanent,closure,2025-07-23,2025-07-22,2025-09-22,,2025-09-22,65.63,0
target,CA,45.0,85.0,closure permanent,closure,2024-07-31,2024-07-29,2024-09-28,,2024-09-28,65.9,1
gsc transport,GA,48.0,4.0,closure,closure,,,2025-07-10,,2025-07-10,65.71,0
tuscan brands kitchen,MA,72.0,38.0,layoff,layoff,2025-08-19,,2025-08-04,,2025-08-04,65.63,0
kaiser foundation hospitals 94589,CA,62.0,2.0,layoff permanent,layoff,2025-04-23,2025-04-21,2025-04-21,,2025-04-21,65.63,0
athena healthcare systems,CT,62.0,209.0,closure,closure,2024-09-30,2024-09-24,2024-11-08,,2024-11-08,66.37,1
the gunter hotel san antonio,TX,72.0,75.0,layoff,layoff,,,2024-10-01,,2024-10-01,65.86,0
air wisconsin airlines,WI,48.0,11.0,layoff,layoff,,2025-04-10,2025-06-01,,2025-06-01,65.64,0
thermo fisher scientific,AL,33.0,97.0,closure,closure,,2023-11-03,2024-01-02,,2024-01-02,65.93,1
spartannash,WI,,57.0,closure,closure,,2026-02-10,2026-04-11,,2026-04-11,65.7,0
bionano genomics,AZ,54.0,1.0,layoff,layoff,,2024-03-22,,,2024-03-22,65.65,0
sound physicians of oklahoma,OK,,48.0,unknown,other,,2024-08-13,,,2024-08-13,66.78,1
kaiser foundation hospitals,CA,62.0,1.0,layoff permanent,layoff,2024-10-09,2024-10-07,2024-12-06,,2024-12-06,65.63,0
robinhood markets,CA,52.0,7.0,layoff permanent,layoff,2023-06-22,2023-06-03,2023-07-31,,2023-07-31,65.63,0
radial,WI,,63.0,layoff,layoff,,2024-05-01,2024-06-28,,2024-06-28,65.76,0
microsoft,CA,,7.0,layoff permanent,layoff,2023-02-13,2023-02-09,2023-04-10,,2023-04-10,65.63,0
rubius therapeutics,RI,32.0,77.0,layoff,layoff,2022-09-13,2023-01-04,2022-11-15,,2022-11-15,65.76,0
bellota,CA,72.0,33.0,closure not known at this time,closure,2024-07-23,2024-07-22,2024-09-20,,2024-09-20,65.63,0
jenny craig shakopee,MN,62.0,1.0,closure,closure,,,2023-04-17,,2023-04-17,65.65,0
gxo logistics,OH,49.0,192.0,layoff,layoff,2023-11-14,,2024-01-15,2024-01-29,2024-01-15,66.29,1
savers,AZ,45.0,42.0,layoff,layoff,,2024-05-02,,,2024-05-02,65.65,0
charles river laboratories,MD,54.0,7.0,closure,closure,,2025-01-29,2025-03-28,,2025-03-28,65.68,0
ups updated from previous,RI,,16.0,layoff,layoff,2024-04-01,2024-03-29,2024-04-30,,2024-04-30,65.53,0
boston scientific,CA,33.0,52.0,closure permanent,closure,2023-07-17,2023-06-12,2023-08-11,,2023-08-11,65.65,0
saks company llc saks fifth avenue store,VA,45.0,40.0,closure,closure,,2026-02-10,2026-04-11,,2026-04-11,65.56,0
vertex aerospace,NC,48.0,57.0,layoff,layoff,2023-05-24,2023-05-24,2023-09-30,,2023-09-30,65.68,0
gino giuseppe inc dba g g construction,CA,33.0,135.0,closure permanent,closure,2023-02-24,2023-02-17,2023-04-30,,2023-04-30,66.14,1
lendingclub bank,CA,52.0,54.0,layoff permanent,layoff,2023-11-14,2023-10-12,2023-10-13,,2023-10-13,65.67,0
good earth restaurant roseville,MN,72.0,1.0,closure,closure,,,2023-07-01,,2023-07-01,65.65,0
calpac pizza dba pizza hut 027385,CA,72.0,8.0,layoff permanent,layoff,2024-01-24,2023-12-14,2024-02-16,,2024-02-16,65.63,0
catalent maryland,MD,32.0,93.0,layoff,layoff,,2026-02-19,2026-04-19,,2026-04-19,66.01,1
fisker group,CA,33.0,35.0,closure permanent,closure,2024-05-10,2024-04-29,2024-06-28,,2024-06-28,65.63,0
university of southern california health sciences campus,CA,61.0,151.0,layoff permanent,layoff,2025-09-15,2025-09-14,2025-10-03,,2025-10-03,66.2,1
sunpower,CA,,77.0,closure permanent,closure,2024-05-01,2024-04-24,2024-06-24,,2024-06-24,65.85,0
zachry industrial inc beaumont updated,TX,23.0,33.0,layoff,layoff,,,2024-08-31,,2024-08-31,65.64,0
meta platforms,CA,51.0,41.0,layoff permanent,layoff,2023-05-04,2023-04-24,2023-06-23,,2023-06-23,65.63,0
customized distribution services inc layoff 4,CA,49.0,7.0,closure permanent,closure,2023-06-08,2023-05-10,2023-09-01,,2023-09-01,65.63,0
pittsburgh technical college,PA,,48.0,closure,closure,,,2024-08-09,,2024-08-09,66.85,1
american medical response,TN,62.0,72.0,unknown,other,2023-08-08,,2023-10-02,,2023-10-02,65.8,0
organon,NJ,32.0,93.0,layoff,layoff,,2025-04-30,,,2025-04-30,65.91,1
nordstrom,CA,45.0,46.0,closure permanent,closure,2023-05-18,2023-05-02,2023-07-01,,2023-07-01,65.63,0
jabil,CA,33.0,84.0,closure temporary,closure,2023-10-25,2023-09-21,2023-12-25,,2023-12-25,65.9,1
abm texas tcc northwest,TX,56.0,23.0,layoff,layoff,,,2024-08-31,,2024-08-31,65.64,0
atara biotherapeutics,CA,54.0,1.0,layoff permanent,layoff,2023-12-13,2023-11-01,2023-12-31,,2023-12-31,65.63,0
gilead sciences,CA,72.0,41.0,layoff permanent,layoff,2023-11-03,2023-10-04,2023-12-15,,2023-12-15,65.63,0
macy s,CA,45.0,61.0,closure permanent,closure,2025-01-10,2025-01-09,2025-03-18,,2025-03-18,65.73,0
paramount global,NY,32.0,2.0,economic,other,,2024-02-13,2024-05-17,2025-03-14,2024-05-17,64.0,0
accurate diagnostics laboratories,NJ,62.0,94.0,layoff,layoff,,2023-02-12,,,2023-02-12,65.91,1
ebay,CA,45.0,169.0,layoff permanent,layoff,2023-02-21,2023-02-07,2023-02-07,,2023-02-07,66.26,1
gates,IA,33.0,30.0,closing,closure,,2024-08-01,2024-11-01,,2024-11-01,65.7,0
battelle,CO,54.0,3.0,layoff,layoff,,2025-08-25,2025-10-24,2025-11-06,2025-10-24,65.62,0
legacy supply chain services ii,CA,49.0,14.0,closure permanent,closure,2023-09-28,2023-08-28,2023-10-29,,2023-10-29,65.63,0
mikron industries,KY,,48.0,closure,closure,2024-04-08,,2024-08-06,,2024-08-06,66.81,1
the corner bar mpls,MN,72.0,1.0,closure,closure,,,2025-08-24,,2025-08-24,65.65,0
mountain valley express,NV,48.0,4.0,layoff,layoff,2024-11-25,2024-11-25,2024-01-01,,2024-01-01,66.0,1
lost boys interactive,MA,51.0,4.0,layoff,layoff,2024-01-13,,2024-03-15,,2024-03-15,65.63,0
fedex myra facility,SC,49.0,57.0,closure,closure,,2024-06-06,2024-09-03,,2024-09-03,65.68,0
inmar supply chain solutions,PA,49.0,101.0,closure,closure,,,2025-10-10,,2025-10-10,66.02,1
f21 opco llc d b a forever 21,NY,44.0,72.0,economic,other,,2025-02-19,2025-05-27,2025-06-10,2025-05-27,65.95,1
active sports,MN,45.0,90.0,closure,closure,2023-03-03,2023-03-03,2023-05-01,,2023-05-01,65.96,1
oracle america,CA,51.0,143.0,layoff permanent,layoff,2025-08-13,2025-08-13,2025-10-13,,2025-10-13,66.17,1
rite aid,CA,42.0,23.0,closure permanent,closure,2025-02-18,2025-02-17,2025-04-09,,2025-04-09,65.63,0
walmart,IL,,110.0,closing,closure,2023-04-14,2023-04-14,2023-04-11,2023-08-11,2023-04-11,66.07,1
money map press,MD,51.0,63.0,layoff,layoff,,2023-09-20,2023-11-14,,2023-11-14,65.8,0
burger king north moorhead,MN,72.0,25.0,closure,closure,,,2023-04-10,,2023-04-10,65.65,0
catherine kasper life center,IN,62.0,60.0,closure,closure,,2023-02-01,2023-03-31,,2023-03-31,65.69,0
freshrealm,IN,31.0,168.0,closure,closure,,2025-12-02,2026-01-31,,2026-01-31,66.23,1
vimo inc dba,FL,54.0,3.0,layoff,layoff,,2024-12-20,2025-02-19,2025-02-19,2025-02-19,65.62,0
sdh services east,NJ,56.0,93.0,layoff,layoff,,2023-08-26,,,2023-08-26,65.91,1
management training corporation idaho correctional alternative placement program,ID,92.0,82.0,layoff,layoff,,2023-05-01,2023-07-01,,2023-07-01,65.91,1
cepheid,CA,32.0,11.0,layoff permanent,layoff,2024-07-25,2024-07-24,2024-09-27,,2024-09-27,65.63,0
venture forthe,NY,62.0,1.0,contract loss,other,,2024-12-31,2025-03-31,2025-04-13,2025-03-31,65.76,0
finance of america,CA,52.0,48.0,closure permanent,closure,2023-03-06,2022-10-26,2023-04-03,,2023-04-03,65.63,0
macy s retail holdings,NJ,45.0,89.0,layoff,layoff,,2026-03-31,,,2026-03-31,65.88,0
oak view group,OH,71.0,108.0,layoff,layoff,2024-04-09,,2024-06-30,,2024-06-30,65.99,1
first savings bank,CO,52.0,2.0,reduction in force,layoff,,2023-09-29,2023-11-30,2023-11-30,2023-11-30,65.62,0
fervalue usa,IL,,72.0,layoff,layoff,2025-10-08,2025-10-08,2026-01-01,2027-01-01,2026-01-01,65.85,0
amazon sjc14,CA,45.0,80.0,layoff permanent,layoff,2025-10-29,2025-10-28,2026-01-26,,2026-01-26,65.87,0
pac 12 enterprises,CA,71.0,141.0,layoff permanent,layoff,2023-12-11,2023-11-03,2024-01-05,,2024-01-05,66.17,1
advanced auto parts 8489 houston ii,TX,44.0,7.0,layoff,layoff,,,2025-01-27,,2025-01-27,65.64,0
bcs automotive interface solutions u s,WI,33.0,19.0,closure,closure,,2023-01-25,2022-12-02,,2022-12-02,65.64,0
adient,TN,33.0,210.0,unknown,other,2026-04-21,,2026-06-30,,2026-06-30,66.36,1
compass group,IL,52.0,27.0,layoff,layoff,2025-07-14,2025-07-14,2025-08-28,2025-08-28,2025-08-28,69.0,1
medtronic,CA,33.0,44.0,layoff permanent,layoff,2024-03-27,2024-03-25,2024-05-19,,2024-05-19,65.63,0
advance stores company incorporated and its subsidiary golden state supply,CA,44.0,8.0,closure permanent,closure,2024-11-15,2024-11-14,2025-02-17,,2025-02-17,65.63,0
chevron,CA,21.0,20.0,layoff permanent,layoff,2025-05-08,2025-05-02,2025-07-01,,2025-07-01,65.63,0
qualcomm incorporated,CA,33.0,50.0,layoff permanent,layoff,2025-01-09,2025-01-09,2025-03-10,,2025-03-10,65.63,0
metro commercial laundry,MD,81.0,169.0,plant closure update: company relocating to a jessup facility; actually no job loss anticipated,closure,,2025-07-28,2025-09-22,,2025-09-22,66.32,1
99 cents only store llc waco,TX,45.0,20.0,layoff,layoff,,,2024-06-03,,2024-06-03,65.64,0
google,CA,51.0,20.0,layoff permanent,layoff,2023-01-23,2023-01-20,2023-03-31,,2023-03-31,65.63,0
compass group,IL,52.0,15.0,layoff,layoff,2025-07-14,2025-07-14,2025-08-28,2025-08-28,2025-08-28,69.0,1
essendant,MD,42.0,101.0,closure,closure,,2024-03-11,2024-05-17,,2024-05-17,66.05,1
cambridge college,MA,61.0,50.0,layoff,layoff,2024-04-09,,2024-06-09,,2024-06-09,65.63,0
advanced auto parts 7776 plano,TX,44.0,12.0,layoff,layoff,,,2025-02-15,,2025-02-15,65.64,0
ron group llc dba blue sky specialty pharmacy,SC,44.0,125.0,layoff,layoff,,2025-05-06,2025-06-19,2025-07-03,2025-06-19,66.09,1
universal intermodal services,CA,48.0,42.0,layoff permanent,layoff,2024-02-14,2024-02-13,2024-04-19,,2024-04-19,65.63,0
fresno economic opportunities commission 510 barstow ave,CA,62.0,4.0,layoff temporary,layoff,2025-11-03,2025-10-31,2026-01-01,,2026-01-01,65.63,0
abm texas tcc trinity,TX,56.0,23.0,layoff,layoff,,,2024-08-31,,2024-08-31,65.64,0
clarion management,CA,56.0,4.0,closure permanent,closure,2025-02-19,2025-02-18,2025-04-20,,2025-04-20,65.63,0
north american savings bank,OH,52.0,1.0,layoff,layoff,2023-01-06,,2023-03-07,2023-03-07,2023-03-07,65.59,0
broadstep academy,NJ,62.0,56.0,layoff,layoff,,2024-10-01,,,2024-10-01,65.64,0
twitch interactive inc sfo19 facility,CA,51.0,218.0,layoff permanent,layoff,2024-01-26,2024-01-10,2024-04-01,,2024-04-01,66.39,1
carbon health medical group,CA,62.0,1.0,layoff permanent,layoff,2024-02-21,2024-01-12,2024-03-12,,2024-03-12,65.63,0
bartlo packaging,NJ,32.0,50.0,layoff,layoff,,2023-03-31,,,2023-03-31,65.58,0
wirthwein new bern,NC,32.0,120.0,layoff,layoff,2024-03-20,2024-03-20,2024-05-20,,2024-05-20,66.07,1
activision blizzard,CA,51.0,76.0,layoff permanent,layoff,2024-02-02,2024-01-25,2024-03-30,,2024-03-30,65.84,0
international paper company san antonio,TX,32.0,89.0,layoff,layoff,,,2024-11-18,,2024-11-18,65.95,1
shadow holdings llc dba bright innovation labs,CA,,1.0,closure permanent,closure,2024-10-22,2024-10-11,2024-12-13,,2024-12-13,65.63,0
wells fargo,IA,52.0,2.0,amendment - additional employees,amendment,,2024-11-12,2025-01-12,,2025-01-12,65.7,0
intel corporation sc 11,CA,33.0,3.0,layoff permanent,layoff,2025-06-20,2025-06-18,2025-07-15,,2025-07-15,65.63,0
southern california pizza,CA,72.0,129.0,layoff permanent,layoff,2024-02-23,2023-12-01,2024-02-05,,2024-02-05,66.12,1
google,CA,51.0,31.0,layoff permanent,layoff,2023-01-24,2023-01-20,2023-03-31,,2023-03-31,65.63,0
the biery cheese,WI,31.0,104.0,closure,closure,,2023-03-31,2023-04-02,,2023-04-02,66.02,1
alatrade foods,AL,31.0,165.0,layoff,layoff,,2025-03-28,2025-03-27,,2025-03-27,66.21,1
flagship facility services inc at meta platforms,CA,56.0,4.0,layoff permanent,layoff,2023-01-10,2023-01-03,2023-03-06,,2023-03-06,65.63,0
omnicare,CA,62.0,64.0,closure permanent,closure,2025-10-14,2025-10-13,2025-12-14,,2025-12-14,65.75,0
encircle,WV,62.0,52.0,layoff,layoff,,2024-07-31,,,2024-07-31,65.5,0
berkeley retirement home,MA,62.0,43.0,layoff,layoff,2025-05-19,,2025-08-31,,2025-08-31,65.63,0
national oilwell varco,OH,,127.0,closure,closure,2025-05-07,,2025-05-08,2025-12-31,2025-05-08,66.07,1
hard rock cafe,PA,72.0,55.0,closure,closure,,,2025-02-14,,2025-02-14,65.7,0
kaiser foundation hospitals,CA,62.0,20.0,layoff permanent,layoff,2023-12-12,2023-11-06,2024-01-04,,2024-01-04,65.63,0
yellow,CA,52.0,145.0,closure permanent,closure,2023-08-15,2023-08-01,2023-07-30,,2023-07-30,69.0,1
alsco,CA,81.0,107.0,closure permanent,closure,2024-01-17,2023-12-11,2024-02-09,,2024-02-09,66.02,1
the works entertainment newco,NV,71.0,37.0,layoff,layoff,2024-03-12,2024-03-12,2024-05-03,,2024-05-03,65.68,0
spreadshirt,PA,31.0,64.0,closure,closure,,,2023-01-09,,2023-01-09,65.78,0
advanced drainage systems,NJ,32.0,59.0,layoff,layoff,,2023-04-03,,,2023-04-03,65.67,0
pace plumbing,NY,23.0,214.0,economic,other,,2025-02-06,2025-02-06,2025-02-06,2025-02-06,66.51,1
advanced specialty hospitals of toledo,OH,62.0,116.0,closure,closure,2026-04-09,,2026-06-08,,2026-06-08,66.03,1
faircast,IA,33.0,46.0,closing,closure,,2024-03-12,2024-04-13,,2024-04-13,65.7,0
prime healthcare services reno,NV,,2.0,layoff,layoff,2023-06-16,2023-06-16,2023-08-15,,2023-08-15,65.68,0
kaiser foundation hospitals,CA,62.0,8.0,layoff permanent,layoff,2025-02-25,2025-02-24,2025-04-25,,2025-04-25,65.63,0
ascent professional staffing,IA,56.0,32.0,closing,closure,,2025-02-28,2025-05-02,,2025-05-02,65.7,0
scale ai,CA,51.0,54.0,layoff permanent,layoff,2023-01-11,2023-01-09,2023-01-09,,2023-01-09,65.67,0
bags,NC,56.0,56.0,layoff,layoff,2025-11-01,2025-11-01,2025-11-01,,2025-11-01,65.67,0
pli holdings,NC,,25.0,layoff,layoff,2023-06-14,2023-06-07,2023-06-06,,2023-06-06,65.61,0
intel,CA,33.0,5.0,layoff permanent,layoff,2024-04-08,2024-04-04,2024-05-25,,2024-05-25,65.63,0
meta platforms,CA,51.0,34.0,layoff permanent,layoff,2023-05-08,2023-04-24,2023-06-23,,2023-06-23,65.63,0
winn management group,SC,53.0,70.0,layoff,layoff,,2024-07-24,2024-09-30,,2024-09-30,65.79,0
delta apparel,OH,31.0,14.0,layoff,layoff,2024-07-01,,2024-08-29,,2024-08-29,65.59,0
mhs global,KY,33.0,75.0,layoff,layoff,2023-04-10,,2023-06-09,,2023-06-09,65.82,0
monitronics international inc d b a brinks home,WI,56.0,1.0,layoff,layoff,,2023-01-05,2023-03-05,,2023-03-05,65.64,0
stratasys,MA,33.0,5.0,layoff,layoff,2024-09-10,,2024-09-11,2024-09-17,2024-09-11,65.63,0
don pablos fergus falls,MN,72.0,1.0,layoff,layoff,,,2026-01-15,,2026-01-15,65.65,0
the taubman,MI,53.0,105.0,closure,closure,,,2026-01-09,,2026-01-09,65.94,1
daifuku services america corporation formerly elite line services thornton,CO,56.0,75.0,loss of contract,other,,2024-02-22,2024-04-22,2024-05-06,2024-04-22,65.83,0
csl vifor,CA,32.0,85.0,layoff permanent,layoff,2023-08-30,2023-08-21,2023-10-25,,2023-10-25,65.9,1
kevothermal,NM,33.0,118.0,layoff,layoff,2023-07-13,2023-07-13,2023-09-15,,2023-09-15,66.22,1
blue shield of california,CA,52.0,29.0,layoff permanent,layoff,2024-10-03,2024-10-02,2024-12-11,,2024-12-11,65.63,0
salsa a la salsa,MN,72.0,1.0,layoff,layoff,,,2026-01-12,,2026-01-12,65.65,0
silgan plastics,MO,32.0,33.0,closure,closure,,2024-12-03,2025-02-07,,2025-02-07,65.59,0
blount fine foods,OR,31.0,198.0,closure,closure,,2023-03-13,,,2023-03-13,66.4,1
ima automation usa,IL,33.0,57.0,closing,closure,2024-10-31,2024-10-31,2024-10-31,,2024-10-31,65.73,0
gdit,IN,54.0,70.0,layoff,layoff,,2023-09-01,2023-10-31,,2023-10-31,65.77,0
watson hotel operator llc d b a the watson hotel,NY,72.0,79.0,contract termination,other,,2025-01-21,2025-03-31,2025-03-31,2025-03-31,65.99,1
carefusion resources llc a subsidiary of becton dickinson and,CA,33.0,48.0,layoff permanent,layoff,2025-02-12,2025-02-11,2024-12-20,,2024-12-20,65.63,0
rogue valley transportation district,OR,48.0,82.0,layoff,layoff,,2025-07-01,,,2025-07-01,65.94,1
wilson creek energy,MD,21.0,93.0,closure,closure,,2025-03-13,2025-03-28,,2025-03-28,66.01,1
wells fargo,IL,52.0,1.0,layoff,layoff,2023-01-17,2023-03-23,,,2023-03-23,65.66,0
thermo fisher scientific,FL,33.0,18.0,layoff,layoff,,2023-08-08,2023-10-09,2024-03-29,2023-10-09,65.62,0
meta platforms,CA,51.0,30.0,layoff permanent,layoff,2023-05-08,2023-04-24,2023-06-23,,2023-06-23,65.63,0
icf international inc through its subsidiaries icf incorporated llc icf macro,MD,54.0,14.0,layoff,layoff,,2025-03-26,2025-03-14,,2025-03-14,65.68,0
westrock,IL,32.0,73.0,closing,closure,2023-09-28,2023-09-28,2023-11-30,,2023-11-30,65.86,0
david s bridal llc corpus christie,TX,44.0,21.0,layoff,layoff,,,2023-07-17,,2023-07-17,65.64,0
jabil,CA,33.0,43.0,closure permanent,closure,2024-03-27,2024-03-27,2024-05-31,,2024-05-31,65.63,0
jp morgan chase bank,NJ,52.0,63.0,layoff,layoff,,2023-09-25,,,2023-09-25,65.7,0
das companies,UT,33.0,82.0,layoff,layoff,,2023-10-31,,,2023-10-31,65.91,1
aspen sports viewline retail,CO,45.0,4.0,layoff,layoff,,2023-02-27,,,2023-02-27,65.62,0
gilead sciences,CA,72.0,58.0,layoff permanent,layoff,2024-04-30,2024-04-23,2024-06-28,,2024-06-28,65.7,0
bright horizons,OK,,48.0,closure,closure,,2026-01-30,,,2026-01-30,66.78,1
daddy o s cafe,MN,33.0,20.0,closure,closure,,,2024-05-16,,2024-05-16,65.65,0
kaiser foundation hospitals,CA,62.0,2.0,layoff permanent,layoff,2024-05-01,2024-04-22,2024-06-21,,2024-06-21,65.63,0
jeld wen,CA,33.0,113.0,layoff permanent,layoff,2024-04-23,2024-04-11,2024-04-11,,2024-04-11,66.05,1
activision blizzard,CA,51.0,73.0,layoff permanent,layoff,2025-07-08,2025-07-02,2025-08-31,,2025-08-31,65.82,0
ipg mediabrands,CA,54.0,103.0,layoff permanent,layoff,2024-10-31,2024-10-30,2025-01-02,,2025-01-02,66.0,1
idx,OH,33.0,62.0,layoff,layoff,2024-07-18,,2024-09-16,,2024-09-16,65.7,0
chick fil a,TN,72.0,84.0,unknown,other,2023-12-01,,2024-02-06,,2024-02-06,65.88,0
radial fulfillment center,KY,,136.0,closure,closure,2024-01-02,,2024-02-29,,2024-02-29,66.13,1
clarion management,CA,56.0,1.0,closure permanent,closure,2025-02-19,2025-02-18,2025-04-20,,2025-04-20,65.63,0
rivian automotive,CA,33.0,35.0,layoff permanent,layoff,2023-03-01,2023-02-01,2023-04-14,,2023-04-14,65.63,0
triple canopy,IN,32.0,123.0,closure,closure,,2024-07-23,2024-09-30,,2024-09-30,66.06,1
danimer scientific main,KY,72.0,70.0,closure,closure,2025-03-18,,2025-03-21,,2025-03-21,65.79,0
bell carter foods,CA,31.0,5.0,layoff permanent,layoff,2025-03-07,2025-03-07,2025-05-09,,2025-05-09,65.63,0
small precision tools california,CA,33.0,30.0,layoff permanent,layoff,2026-02-04,2026-02-03,2026-04-17,,2026-04-17,65.63,0
us cellular,TX,,1.0,layoff,layoff,,,2025-06-02,,2025-06-02,65.64,0
nico s taco and tequila bar,MN,72.0,1.0,layoff,layoff,,,2026-01-15,,2026-01-15,65.65,0
cushman wakefield 543,CA,53.0,1.0,layoff permanent,layoff,2025-06-26,2025-06-25,2025-08-28,,2025-08-28,65.63,0
everest insurance,IL,52.0,1.0,layoff,layoff,2025-12-22,2026-03-10,2026-03-31,,2026-03-31,65.66,0
c2 technologies,MD,54.0,1.0,layoff,layoff,,2026-03-06,2026-03-06,,2026-03-06,65.68,0
sentinel transportation,CA,,24.0,layoff permanent,layoff,2026-03-30,2026-03-30,2026-05-31,,2026-05-31,65.63,0
wescom financial,CA,52.0,1.0,layoff permanent,layoff,2026-02-19,2026-02-19,2026-04-21,,2026-04-21,65.63,0
david s bridal llc hurst,TX,44.0,25.0,layoff,layoff,,,2023-07-17,,2023-07-17,65.64,0
kaiser foundation hospitals 1600,CA,62.0,1.0,layoff permanent,layoff,2025-04-29,2025-04-28,2025-06-28,,2025-06-28,65.63,0
99 cents only store llc rosenberg,TX,45.0,20.0,layoff,layoff,,,2024-06-03,,2024-06-03,65.64,0
crown castle usa,MD,51.0,20.0,layoff,layoff,,2024-06-14,2024-08-13,,2024-08-13,65.68,0
gdi services dallas,TX,56.0,44.0,layoff,layoff,,,2024-01-04,,2024-01-04,65.64,0
wellmore energy company llc 1073 riverside drive grundy va 24614,VA,21.0,8.0,layoff,layoff,,2025-10-06,2025-12-06,,2025-12-06,65.56,0
the rinks foundation,CA,71.0,35.0,closure permanent,closure,2024-02-16,2024-02-07,2024-04-07,,2024-04-07,65.63,0
peterson farms dba appeeling fruit holdings,PA,11.0,68.0,closure,closure,,,2024-03-08,,2024-03-08,65.81,0
downtown streets,CA,81.0,25.0,closure not known at this time,closure,2025-08-29,2025-08-29,2025-10-31,,2025-10-31,65.63,0
safeway inc store 0137,CO,,61.0,closure,closure,,2025-09-09,2025-11-07,2025-11-07,2025-11-07,65.72,0
intel,CA,33.0,174.0,layoff permanent,layoff,2025-07-08,2025-07-07,2025-07-11,,2025-07-11,66.27,1
university of southern california keck school of medicine,CA,62.0,80.0,layoff permanent,layoff,2024-05-10,2024-05-01,2024-06-30,,2024-06-30,65.87,0
aspen sports hyatt retail store,CO,45.0,4.0,layoff,layoff,,2023-02-27,,,2023-02-27,65.62,0
guideone insurance,IA,52.0,43.0,mass layoff,mass_layoff,,2023-11-15,2023-12-15,,2023-12-15,65.7,0
amazon fresh,IL,44.0,179.0,closing,closure,2026-01-28,2026-01-28,2026-04-28,,2026-04-28,66.33,1
becton dickinson and,CA,33.0,4.0,layoff permanent,layoff,2023-11-30,2023-10-04,2023-10-14,,2023-10-14,65.63,0
messmer catholic schools,WI,61.0,73.0,closure,closure,,2024-04-24,2024-06-30,,2024-06-30,65.83,0
power plug inc houston manufacturing,TX,33.0,74.0,layoff,layoff,,,2026-01-23,,2026-01-23,65.85,0
oracle america,CA,51.0,184.0,layoff permanent,layoff,2026-04-02,2026-04-01,2026-06-01,,2026-06-01,66.3,1
kaiser foundation hospitals irvine,CA,62.0,1.0,layoff permanent,layoff,2025-06-03,2025-06-02,2025-06-02,,2025-06-02,65.63,0
thermo fisher scientific,CA,33.0,8.0,layoff permanent,layoff,2023-06-13,2023-05-25,2023-07-24,,2023-07-24,65.63,0
primo brands,CA,,16.0,closure permanent,closure,2025-03-06,2025-03-05,2025-05-05,,2025-05-05,65.63,0
fool me once bar 2024,MN,72.0,8.0,closure,closure,,,2024-04-29,,2024-04-29,65.65,0
carbon health,CA,62.0,4.0,layoff permanent,layoff,2023-10-16,2023-08-10,2023-10-09,,2023-10-09,65.63,0
boardriders wholesale,CA,42.0,3.0,layoff permanent,layoff,2023-10-03,2023-09-01,2023-09-14,,2023-09-14,65.63,0
loreto r sicam jr dmd,CA,62.0,6.0,closure temporary,closure,2025-06-16,2025-06-06,2025-06-19,,2025-06-19,65.63,0
bhfo,IA,45.0,32.0,mass layoff,mass_layoff,,2025-04-15,2025-05-15,,2025-05-15,65.7,0
marshfield clinic health system,WI,62.0,29.0,layoff,layoff,,2023-01-30,2023-03-31,,2023-03-31,65.64,0
cisco systems,CA,33.0,145.0,layoff permanent,layoff,2024-09-17,2024-09-13,2024-11-15,,2024-11-15,66.18,1
northrop grumman,CA,33.0,3.0,layoff permanent,layoff,2024-03-20,2024-03-04,2024-04-29,,2024-04-29,65.63,0
united states cellular uscc various va,VA,92.0,95.0,layoff,layoff,,2025-03-26,2025-06-02,,2025-06-02,65.89,0
mountain valley express,CA,48.0,23.0,layoff permanent,layoff,2024-12-05,2024-11-25,2025-01-23,,2025-01-23,66.0,1
harpoon henrys,CA,72.0,150.0,closure permanent,closure,2024-12-04,2024-12-03,2025-01-28,,2025-01-28,66.2,1
rcs transportation,KY,,93.0,closure,closure,2023-01-17,,2023-03-31,,2023-03-31,65.93,1
diversey,WI,32.0,42.0,layoff,layoff,,2023-03-15,2023-05-08,,2023-05-08,65.64,0
cygnus home service llc d b a yelloh,AZ,45.0,3.0,layoff,layoff,,2024-09-23,,,2024-09-23,65.65,0
kalmbach media,WI,51.0,67.0,layoff,layoff,,2024-05-03,2024-07-01,,2024-07-01,65.79,0
cygnus home service llc alvin,TX,45.0,6.0,layoff,layoff,,,2023-12-15,,2023-12-15,65.64,0
jabil,CA,33.0,55.0,closure permanent,closure,2024-12-04,2024-12-03,2025-02-01,,2025-02-01,65.67,0
c2 technologies,FL,54.0,1.0,layoff,layoff,,2026-03-05,2026-03-06,2026-03-06,2026-03-06,65.62,0
cepheid,CA,32.0,1.0,layoff permanent,layoff,2023-04-25,2023-04-11,2023-06-20,,2023-06-20,65.63,0
abs global genus intelligen technologies windsor,WI,11.0,24.0,layoff,layoff,,2024-02-27,2024-04-29,,2024-04-29,65.64,0
dennis uniform,TX,44.0,139.0,layoff,layoff,,,2024-10-19,,2024-10-19,66.18,1
bae systems,VA,33.0,119.0,layoff,layoff,,2026-03-19,2026-03-18,,2026-03-18,66.01,1
stir foods,CA,31.0,87.0,closure permanent,closure,2023-10-26,2023-10-02,2023-12-01,,2023-12-01,65.91,1
amazon sna18,CA,45.0,1.0,layoff permanent,layoff,2025-10-29,2025-10-28,2026-01-26,,2026-01-26,65.63,0
first brands group llc albion air facility,IL,33.0,114.0,closing,closure,2026-02-23,2026-02-23,2026-02-23,2026-04-30,2026-02-23,66.09,1
forte openings solutions,IA,23.0,46.0,closing,closure,,2025-05-01,2025-06-30,,2025-06-30,65.7,0
menasha packaging,IL,32.0,128.0,layoff,layoff,2023-09-11,2023-09-11,2023-11-10,,2023-11-10,66.15,1
yellow,FL,52.0,191.0,layoff,layoff,,2023-08-11,2023-07-30,2023-07-30,2023-07-30,69.0,1
salvation army owatonna,MN,81.0,1.0,closure,closure,,,2024-08-21,,2024-08-21,65.65,0
cue health,CA,33.0,2.0,layoff permanent,layoff,2024-05-21,2024-05-20,2024-05-24,,2024-05-24,65.63,0
southern counties express,CA,48.0,43.0,layoff permanent,layoff,2023-11-14,2023-09-13,2023-11-17,,2023-11-17,65.63,0
centerra group,CA,62.0,3.0,layoff permanent,layoff,2023-11-13,2023-08-10,2023-09-30,,2023-09-30,65.63,0
juul labs 270,CA,31.0,3.0,layoff permanent,layoff,2023-09-28,2023-08-24,2023-09-30,,2023-09-30,65.63,0
the boeing,CA,33.0,7.0,layoff permanent,layoff,2024-12-09,2024-12-06,2025-02-21,,2025-02-21,65.63,0
prezero us services,CA,,54.0,closure permanent,closure,2023-01-11,2023-01-09,2023-03-09,,2023-03-09,65.67,0
air wisconsin airlines,WI,48.0,219.0,layoff,layoff,,2025-01-30,2025-03-31,,2025-03-31,66.4,1
gabriel brothers,NJ,45.0,52.0,layoff,layoff,,2024-08-12,,,2024-08-12,65.6,0
precision concepts international,NC,31.0,59.0,closure,closure,2025-12-02,2025-12-02,2026-02-01,,2026-02-01,65.7,0
advance stores company incorporated and its subsidiary golden state supply,CA,44.0,10.0,closure permanent,closure,2024-11-15,2024-11-14,2025-03-09,,2025-03-09,65.63,0
alameda health system san leandro hospital,CA,62.0,22.0,layoff permanent,layoff,2026-01-08,2026-01-06,2026-03-09,,2026-03-09,65.63,0
nikola,CA,33.0,14.0,layoff permanent,layoff,2025-02-19,2025-02-19,2025-04-21,,2025-04-21,65.63,0
mckesson medical surgical,SC,42.0,13.0,layoff,layoff,,2024-09-11,2024-11-18,,2024-11-18,65.61,0
universal protection service,GA,56.0,51.0,permanent layoff / reduction in force,layoff,,,2025-01-09,,2025-01-09,65.72,0
gtm wholesale liquidators inc dba gtm discount general store chula vista store,CA,45.0,9.0,layoff permanent,layoff,2025-06-03,2025-05-23,2025-07-31,,2025-07-31,65.63,0
kaiser foundation hospitals,CA,62.0,1.0,layoff permanent,layoff,2025-02-25,2025-02-24,2025-04-25,,2025-04-25,65.63,0
dirks furniture,MN,44.0,1.0,closure,closure,,,2023-06-22,,2023-06-22,65.65,0
vimo inc dba,FL,54.0,2.0,layoff,layoff,,2024-12-20,2025-02-19,2025-02-19,2025-02-19,65.62,0
mann mortgage,MT,52.0,109.0,layoff,layoff,,2024-09-23,2024-09-25,,2024-09-25,65.92,1
cigna evernorth services,NJ,52.0,62.0,layoff,layoff,,2025-03-15,,,2025-03-15,65.7,0
rsvc company 3051 myers street,CA,49.0,13.0,closure permanent,closure,2026-02-05,2026-02-04,2026-04-06,,2026-04-06,65.63,0
triple canopy,CA,32.0,7.0,layoff permanent,layoff,2024-04-22,2024-03-27,2024-05-31,,2024-05-31,65.63,0
westrock,GA,32.0,10.0,permanent layoff / reduction in force,layoff,,,2024-08-30,,2024-08-30,65.71,0
knowles precision devices,NV,33.0,77.0,closure,closure,2023-10-10,2023-10-10,2024-03-29,,2024-03-29,65.91,1
sentinel transportation,CA,,3.0,layoff permanent,layoff,2026-03-30,2026-03-30,2026-05-31,,2026-05-31,65.63,0
carbon health,CA,62.0,1.0,layoff permanent,layoff,2023-10-16,2023-08-10,2023-10-09,,2023-10-09,65.63,0
owens brockway glass container,CA,32.0,130.0,layoff temporary,layoff,2023-12-18,2023-11-09,2024-01-08,,2024-01-08,66.12,1
unitypoint health,IA,51.0,1.0,mass layoff,mass_layoff,,2026-04-14,2026-07-24,,2026-07-24,65.7,0
cnh industrial america,IA,33.0,18.0,amendement - change in number,other,,2026-02-27,2026-04-30,,2026-04-30,65.7,0
les sól,MN,45.0,1.0,closure,closure,,,2024-06-30,,2024-06-30,65.65,0
cytomx therapeutics,CA,33.0,46.0,layoff permanent,layoff,2025-01-06,2025-01-06,2025-01-17,,2025-01-17,65.63,0
onsemi,ID,33.0,90.0,layoff,layoff,,2024-06-13,2024-09-27,,2024-09-27,65.96,1
lendingclub bank,CA,52.0,3.0,layoff permanent,layoff,2023-11-14,2023-10-12,2023-11-01,,2023-11-01,65.63,0
tidal a subsidary of block,CA,51.0,1.0,layoff permanent,layoff,2024-01-22,2023-12-05,2024-02-05,,2024-02-05,65.63,0
th foods,IL,31.0,33.0,closing,closure,2025-04-30,2025-04-30,2025-06-30,,2025-06-30,65.66,0
quanex building products,KY,,140.0,closure,closure,2024-04-09,,2024-06-07,,2024-06-07,66.15,1
blue shield of california 3840,CA,52.0,26.0,layoff permanent,layoff,2025-10-13,2025-10-13,2025-12-02,,2025-12-02,65.63,0
elaine bell catering,CA,72.0,164.0,closure permanent,closure,2024-08-30,2024-08-30,2024-10-31,,2024-10-31,66.24,1
crst expedited inc dba crst the transportation solution,CA,48.0,115.0,closure permanent,closure,2025-06-16,2025-06-16,2025-09-01,,2025-09-01,66.06,1
hcs renewable energy,TX,23.0,62.0,layoff,layoff,,,2023-06-18,,2023-06-18,65.76,0
intel corporation sc 11,CA,33.0,8.0,layoff permanent,layoff,2025-07-08,2025-07-07,2025-07-15,,2025-07-15,65.63,0
strategix management,IL,54.0,91.0,closing,closure,2025-06-04,2025-06-04,2025-06-02,2025-06-30,2025-06-02,65.97,1
hubbell incorporated,IL,33.0,110.0,closing,closure,2025-04-24,2025-04-24,2025-09-01,,2025-09-01,66.07,1
rgl specialty solutions,WI,32.0,70.0,layoff,layoff,,2023-02-16,2023-04-26,,2023-04-26,65.81,0
delta dental plan of california,CA,52.0,137.0,layoff permanent,layoff,2024-03-01,2024-02-29,2024-05-17,,2024-05-17,66.15,1
kaiser foundation hospitals,CA,62.0,1.0,layoff permanent,layoff,2025-10-16,2025-10-13,2025-10-10,,2025-10-10,65.63,0
cygnus home service,IN,81.0,2.0,layoff,layoff,,2023-12-11,2024-02-09,,2024-02-09,65.59,0
aba2day behavior services,PA,62.0,94.0,closure,closure,,,2023-08-21,2023-09-19,2023-08-21,65.98,1
arbor e t llc equus workforce solutions burnet,TX,56.0,6.0,layoff,layoff,,,2024-09-30,,2024-09-30,65.64,0
main street sports group,FL,71.0,4.0,layoff,layoff,,2026-02-13,2026-04-10,2026-04-27,2026-04-10,65.62,0
david s bridal,IA,44.0,29.0,mass layoff,mass_layoff,,2023-04-14,2023-06-12,,2023-06-12,65.7,0
goforward,CA,,1.0,closure permanent,closure,2024-11-20,2024-11-18,2024-11-12,,2024-11-12,65.63,0
wells fargo,IA,52.0,2.0,mass layoff - additional employees,mass_layoff,,2026-02-17,2026-04-18,,2026-04-18,65.7,0
berry global,CA,32.0,19.0,closure permanent,closure,2023-01-19,2023-01-10,2023-05-29,,2023-05-29,65.63,0
nucor buildings group,AL,33.0,79.0,closure,closure,,2025-02-21,2025-04-21,,2025-04-21,65.82,0
federal express,MD,49.0,18.0,closure,closure,,2025-01-06,2025-03-03,,2025-03-03,65.68,0
oracle america,CA,51.0,45.0,layoff permanent,layoff,2025-08-13,2025-08-13,2025-10-13,,2025-10-13,65.63,0
401 food llc dba merchants restaurant,TN,72.0,96.0,unknown,other,2023-06-27,,2023-06-04,,2023-06-04,65.95,1
babylon,TX,51.0,94.0,layoff,layoff,,,2023-08-07,,2023-08-07,65.97,1
boardriders wholesale,CA,42.0,12.0,layoff permanent,layoff,2023-10-03,2023-09-01,2023-10-13,,2023-10-13,65.63,0
del monte capitol meat company llc dba allen brothers west coast,CA,31.0,63.0,closure permanent,closure,2024-06-13,2024-06-12,2024-08-12,,2024-08-12,65.75,0
quad graphics,MA,32.0,58.0,layoff,layoff,2023-03-08,,2023-03-08,2023-04-29,2023-03-08,65.7,0
project fusion,CA,54.0,34.0,closure permanent,closure,2024-04-16,2024-04-11,2024-06-11,,2024-06-11,65.63,0
amazon,CA,45.0,72.0,layoff permanent,layoff,2026-01-30,2026-01-29,2026-04-28,,2026-04-28,65.82,0
nexdine hospitality,NJ,72.0,109.0,layoff,layoff,,2024-09-30,,,2024-09-30,65.99,1
erus energy erus holdings llc erus builders llc national clean energy,AZ,23.0,56.0,layoff,layoff,,2023-11-07,,,2023-11-07,65.71,0
stefanini,OR,54.0,69.0,layoff,layoff,,2025-09-15,,,2025-09-15,65.85,0
jp morgan chase bank,NJ,52.0,145.0,layoff,layoff,,2025-06-23,,,2025-06-23,66.14,1
wells fargo,IA,52.0,1.0,mass layoff,mass_layoff,,2023-04-18,2023-04-18,,2023-04-18,65.7,0
transaxle,NJ,,129.0,layoff,layoff,,2025-08-15,,,2025-08-15,66.08,1
general aluminum,IN,33.0,62.0,closure,closure,,2025-08-29,2025-12-14,,2025-12-14,65.71,0
natural alternatives international,CA,,22.0,closure temporary,closure,2023-09-27,2023-08-16,2023-10-01,,2023-10-01,65.63,0
cepheid,CA,32.0,5.0,layoff permanent,layoff,2025-03-13,2025-03-12,2025-05-12,,2025-05-12,65.63,0
rice industries,SC,32.0,7.0,closure,closure,,2023-10-13,2023-12-15,,2023-12-15,65.61,0
wayforth llc grapevine,TX,56.0,15.0,layoff,layoff,,,2023-08-18,,2023-08-18,65.64,0
southwest key programs inc swk national headquarters,TX,,45.0,layoff,layoff,,,2025-10-06,,2025-10-06,65.64,0
cvs,FL,44.0,1.0,layoff,layoff,,2023-10-26,2023-12-30,2023-12-30,2023-12-30,65.62,0
thermo fisher scientific,CA,33.0,6.0,layoff permanent,layoff,2023-06-13,2023-05-25,2023-06-26,,2023-06-26,65.63,0
university of southern california dtla clinic,CA,62.0,1.0,layoff permanent,layoff,2025-08-05,2025-08-04,2025-10-04,,2025-10-04,65.63,0
amgen,CA,32.0,4.0,closure permanent,closure,2023-07-17,2023-06-13,2023-09-01,,2023-09-01,65.63,0
mustang bio,MA,,47.0,layoff,layoff,2024-04-16,,2024-04-12,,2024-04-12,65.63,0
child care associates diamond road,TX,62.0,13.0,layoff,layoff,,,2025-06-30,,2025-06-30,65.64,0
at t,CA,51.0,3.0,layoff permanent,layoff,2024-07-31,2024-07-26,2024-09-24,,2024-09-24,65.63,0
deroyal industries,TN,33.0,153.0,unknown,other,2025-06-24,,2025-12-31,,2025-12-31,66.19,1
catholic community services of southern arizona,AZ,72.0,74.0,layoff,layoff,,2026-04-08,,,2026-04-08,65.85,0
customized distribution services inc layoff 1,CA,49.0,8.0,closure permanent,closure,2023-06-08,2023-05-10,2023-07-14,,2023-07-14,65.63,0
ups 3941 thirlane road roanoke va 24012,VA,,153.0,closure,closure,,2024-04-03,2024-06-03,,2024-06-03,66.14,1
kaiser foundation hospitals,CA,62.0,2.0,layoff permanent,layoff,2024-09-23,2024-09-23,2024-11-22,,2024-11-22,65.63,0
citibank n a citigroup global markets inc citigroup technology inc citishare,NJ,52.0,187.0,layoff,layoff,,2024-01-04,,,2024-01-04,66.27,1
alamo annies brownsdale,MN,72.0,1.0,closure,closure,,,2024-12-19,,2024-12-19,65.65,0
amcor,IA,32.0,1.0,mass layoff,mass_layoff,,2024-05-01,2024-08-01,,2024-08-01,65.7,0
newgistics pitney bowes,KY,49.0,1.0,layoff,layoff,2024-07-17,,2024-09-17,,2024-09-17,65.61,0
cue health,CA,33.0,15.0,layoff permanent,layoff,2024-05-21,2024-05-20,2024-05-24,,2024-05-24,65.63,0
david s bridal,NC,44.0,1.0,layoff,layoff,2023-04-17,2023-04-14,2023-07-31,,2023-07-31,65.61,0
lost boys interactive,AZ,51.0,125.0,layoff,layoff,,2024-01-12,,,2024-01-12,66.12,1
flight centre travel group usa,NJ,56.0,84.0,layoff,layoff,,2024-06-01,,,2024-06-01,65.85,0
rivian automotive,CA,33.0,30.0,layoff permanent,layoff,2024-02-26,2024-02-22,2024-04-23,,2024-04-23,65.63,0
vca bay area veterinary specialists emergency hospital,CA,62.0,91.0,closure permanent,closure,2026-02-24,2026-02-24,2026-04-25,,2026-04-25,65.94,1
linamar structures usa,AL,33.0,152.0,closure,closure,,2024-05-06,2024-08-15,,2024-08-15,66.16,1
catalent,CA,32.0,50.0,closure permanent,closure,2024-03-06,2024-03-05,2024-05-24,,2024-05-24,65.63,0
north state public radio nspr,CA,51.0,12.0,layoff permanent,layoff,2025-09-30,2025-09-30,2025-11-30,,2025-11-30,65.63,0
mcs garage mankato,MN,81.0,1.0,closure,closure,,,2025-05-10,,2025-05-10,65.65,0
salesforce,CA,51.0,153.0,layoff permanent,layoff,2025-02-05,2025-02-04,2025-04-25,,2025-04-25,66.21,1
intel corporation sc 12,CA,33.0,50.0,layoff permanent,layoff,2025-08-26,2025-08-25,2025-07-15,,2025-07-15,65.63,0
colowyo coal company lp,CO,21.0,133.0,closure,closure,,2025-11-04,2026-01-06,2026-01-06,2026-01-06,66.13,1
qualcomm incorporated,CA,33.0,1.0,layoff permanent,layoff,2026-04-09,2026-04-08,2026-06-08,,2026-06-08,65.63,0
onx,FL,,107.0,layoff,layoff,,2025-10-14,2025-12-14,2025-12-28,2025-12-14,66.02,1
blue shield of california lodi,CA,52.0,2.0,layoff permanent,layoff,2025-07-15,2025-07-14,2025-09-23,,2025-09-23,65.63,0
surefox north america,CA,56.0,193.0,layoff permanent,layoff,2023-11-20,2023-10-16,2023-12-18,,2023-12-18,66.33,1
trilogy management services,MA,32.0,48.0,layoff,layoff,2024-11-04,,2024-12-31,,2024-12-31,66.83,1
best buy,CA,44.0,60.0,closure permanent,closure,2026-01-16,2026-01-16,2026-03-17,,2026-03-17,65.72,0
bloom energy,CA,33.0,13.0,layoff permanent,layoff,2023-12-04,2023-10-28,2023-10-28,,2023-10-28,65.63,0
kaiser foundation hospitals 91188,CA,62.0,7.0,layoff permanent,layoff,2025-04-23,2025-04-21,2025-04-21,,2025-04-21,65.63,0
nsi services,CA,56.0,51.0,closure permanent,closure,2024-03-27,2024-03-17,2024-05-18,,2024-05-18,65.64,0
christian horizons living llc at the christian village,IL,62.0,101.0,layoff,layoff,2023-07-12,2023-07-12,2023-09-10,,2023-09-10,66.03,1
del monte foods corporation ii inc hughson,CA,31.0,11.0,closure permanent,closure,2026-02-05,2026-01-30,2026-04-07,,2026-04-07,65.63,0
vimo inc dba,FL,54.0,3.0,layoff,layoff,,2024-12-20,2025-02-19,2025-02-19,2025-02-19,65.62,0
pure prairie poultry,IA,33.0,132.0,closing,closure,,2024-10-17,2024-10-01,,2024-10-01,66.2,1
juniper networks,CA,51.0,7.0,layoff permanent,layoff,2024-03-06,2024-03-05,2024-05-06,,2024-05-06,65.63,0
big lots durant dc,OK,,48.0,closure,closure,,2024-12-19,,,2024-12-19,66.78,1
touchpoint support services llc at ascension living st joseph village,IL,,20.0,layoff,layoff,2025-09-12,2025-09-12,2025-10-01,2025-10-01,2025-10-01,65.66,0
hollister,MO,44.0,1.0,closure,closure,,2025-01-30,2025-03-31,,2025-03-31,65.59,0
curio employer,CA,72.0,5.0,layoff temporary,layoff,2024-02-02,2024-01-18,2024-03-21,,2024-03-21,65.63,0
lifetouch,OH,51.0,88.0,closure,closure,2026-03-03,,2026-06-05,2026-12-24,2026-06-05,65.88,0
hy vee chariton short cuts facility,IA,31.0,129.0,closing,closure,,2025-04-24,2025-06-24,,2025-06-24,66.19,1
ibase operations,TX,54.0,81.0,layoff,layoff,,,2023-05-31,,2023-05-31,65.9,1
nationstar mortgage llc d b a mr cooper,CA,,88.0,layoff permanent,layoff,2025-11-18,2025-11-17,2026-01-16,,2026-01-16,65.92,1
yankee candle,MA,,100.0,layoff,layoff,2024-07-08,,2024-09-09,,2024-09-09,65.99,1
all fab precision sheetmetal,GA,33.0,50.0,closure,closure,,,2023-12-31,,2023-12-31,65.71,0
8490 hospitality llc dba catch steak,CA,72.0,110.0,closure permanent,closure,2024-11-01,2024-11-01,2025-01-01,,2025-01-01,66.04,1
tkmomentum,CA,54.0,4.0,layoff permanent,layoff,2025-05-05,2025-05-01,2025-06-30,,2025-06-30,65.63,0
memorial care long beach medical center and miller children s and women s hospital,CA,62.0,22.0,layoff permanent,layoff,2025-05-30,2025-05-29,2025-05-30,,2025-05-30,65.63,0
advance stores company incorporated and its subsidiary golden state supply,CA,44.0,9.0,closure permanent,closure,2024-11-15,2024-11-14,2025-03-07,,2025-03-07,65.63,0
interfor u s,OR,32.0,100.0,layoff,layoff,,2024-02-15,,,2024-02-15,66.05,1
illumina,CA,54.0,3.0,layoff permanent,layoff,2024-09-05,2024-09-04,2024-11-06,,2024-11-06,65.63,0
collins aerospace,NC,33.0,32.0,closure,closure,2023-01-30,2023-01-30,2023-09-08,,2023-09-08,65.61,0
morning sun care center,IA,62.0,68.0,closing,closure,,2024-08-01,2024-10-02,,2024-10-02,65.86,0
jewish community center and federation,FL,81.0,25.0,layoff,layoff,,2025-09-12,2025-10-24,2026-05-29,2025-10-24,65.62,0
tesla,CA,33.0,118.0,layoff permanent,layoff,2024-05-13,2024-05-13,2024-06-20,,2024-06-20,66.07,1
gigamon,CA,31.0,69.0,layoff permanent,layoff,2024-10-10,2024-10-10,2024-12-31,,2024-12-31,65.79,0
advance stores company incorporated and its subsidiary golden state supply,CA,44.0,10.0,closure permanent,closure,2024-11-15,2024-11-14,2025-03-05,,2025-03-05,65.63,0
collins aerospace,IA,33.0,68.0,mass layoff,mass_layoff,,2023-09-12,2023-10-13,,2023-10-13,65.86,0
joe s crab shack,CA,72.0,61.0,closure permanent,closure,2025-06-25,2025-06-25,2025-08-24,,2025-08-24,65.73,0
aspen sports tune snowmass,CO,45.0,6.0,layoff,layoff,,2023-02-27,,,2023-02-27,65.62,0
cognizant technology solutions,TX,54.0,56.0,layoff,layoff,,,2023-08-20,,2023-08-20,65.7,0
university of southern california,CA,62.0,1.0,layoff permanent,layoff,2024-07-31,2024-07-26,2024-10-01,,2024-10-01,65.63,0
microsoft,CA,,1.0,layoff permanent,layoff,2023-03-20,2023-03-06,2023-05-05,,2023-05-05,65.63,0
cascades tissue group st helens paper mill,OR,32.0,45.0,layoff,layoff,,2023-05-09,,,2023-05-09,65.69,0
carolina cotton works,SC,31.0,120.0,closure,closure,,2024-05-03,2024-07-02,,2024-07-02,66.07,1
microsoft,CA,,9.0,layoff permanent,layoff,2023-02-13,2023-02-09,2023-04-10,,2023-04-10,65.63,0
sodexo stonehill college,MA,45.0,119.0,layoff,layoff,2024-03-20,,2024-05-20,,2024-05-20,66.08,1
socal pizza holdings,CA,72.0,28.0,layoff permanent,layoff,2024-02-23,2023-12-01,2024-02-05,,2024-02-05,65.63,0
ficosa north american,KY,33.0,135.0,closure,closure,2023-07-20,,2023-12-30,,2023-12-30,66.13,1
bear express,VA,48.0,168.0,closure,closure,,2026-01-27,2026-04-01,,2026-04-01,66.19,1
fedex corporation facility ft worth,TX,49.0,89.0,layoff,layoff,,,2026-03-02,,2026-03-02,65.95,1
cygnus home service llc d b a yelloh,SC,45.0,5.0,closure,closure,,2023-10-25,2023-12-15,,2023-12-15,65.61,0
cygnus home service llc dba yelloh,CA,45.0,13.0,closure permanent,closure,2023-12-01,2023-10-09,2023-10-20,,2023-10-20,65.63,0
orion strategic solutions,CA,54.0,10.0,layoff permanent,layoff,2024-03-04,2024-02-29,2024-04-30,,2024-04-30,65.63,0
waymo,CA,54.0,1.0,layoff permanent,layoff,2023-03-03,2023-03-01,2023-05-05,,2023-05-05,65.63,0
one touchpoint,TX,51.0,43.0,layoff,layoff,,,2025-01-31,,2025-01-31,65.64,0
vista building maintenance services,FL,,93.0,layoff,layoff,,2023-08-31,2023-11-01,2023-11-01,2023-11-01,65.95,1
fred l hawkins,MD,42.0,7.0,temporary mass layoff,mass_layoff,,2025-10-30,2025-10-24,,2025-10-24,65.68,0
planitroi,NJ,54.0,100.0,layoff,layoff,,2025-02-11,,,2025-02-11,65.94,1
annie s parlour mpls,MN,72.0,1.0,closure,closure,,,2025-07-01,,2025-07-01,65.65,0
meta platforms,CA,51.0,17.0,layoff permanent,layoff,2023-05-08,2023-04-24,2023-06-23,,2023-06-23,65.63,0
downtown streets,CA,81.0,8.0,closure permanent,closure,2025-08-29,2025-08-29,2025-10-31,,2025-10-31,65.63,0
american contract systems,IA,56.0,47.0,closing,closure,,2026-01-27,2026-03-31,,2026-03-31,65.7,0
google us mtv cl5,CA,51.0,19.0,layoff permanent,layoff,2024-01-25,2024-01-10,2024-03-10,,2024-03-10,65.63,0
abm industry groups,UT,56.0,106.0,layoff,layoff,,2024-03-30,,,2024-03-30,66.05,1
safeway,CA,,112.0,closure permanent,closure,2024-12-10,2024-12-10,2025-02-07,,2025-02-07,66.05,1
city national bank,CA,52.0,35.0,layoff permanent,layoff,2023-10-23,2023-09-13,2023-11-15,,2023-11-15,65.63,0
airgas,OH,42.0,70.0,layoff,layoff,2024-10-31,,2024-12-31,2025-09-30,2024-12-31,65.76,0
block,MO,51.0,23.0,layoff,layoff,,2025-08-12,2025-08-13,,2025-08-13,65.59,0
